ticker,announce_date,announce_hour,eps_est,eps_act,surprise,label,timing,beta,mm_car0_1,mm_car1_1,mm_car0_5,mm_car1_5,mm_car0_10,mm_car1_10,mm_car0_20,mm_car1_20,ma_car0_1,ma_car1_1,ma_car0_5,ma_car1_5,ma_car0_10,ma_car1_10,ma_car0_20,ma_car1_20,sa_car0_1,sa_car1_1,sa_car0_5,sa_car1_5,sa_car0_10,sa_car1_10,sa_car0_20,sa_car1_20,day0_date
AAPL,2026-07-30,16.0,1.89,2.02,0.06878306878306885,beat,after close,0.9096661147291647,-0.11285051983919062,-0.03174548000418273,-0.10325447063382502,-0.022149430798817135,-0.13475726013504502,-0.053652220300037134,-0.09205117193193549,-0.010946132096927602,-0.11275357988326473,-0.03201512628739911,-0.10094597041829578,-0.02020751682243016,-0.12772608244118966,-0.046987628845324036,-0.07404343369458688,0.006695019901278743,-0.1044889973172215,-0.033112764542513995,-0.12772379029745595,-0.05634755752274845,-0.16149641998446884,-0.09012018720976134,-0.0949512986147284,-0.023575065840020892,2026-07-31
AAPL,2026-04-30,16.0,1.94,2.01,0.036082474226804044,beat,after close,1.051906758811793,0.02157854919848296,-0.007932087924560148,0.051660811179502386,0.022150174056459276,0.07382480600414669,0.04431416888110358,0.06726696931135857,0.037756332188315464,0.02147230320512805,-0.008152154433526126,0.05284219278367719,0.02321773514502301,0.07497198795314597,0.04534753031449179,0.06946438395304022,0.03983992631438604,0.004606966211419983,-0.012927567440912946,-0.01792574028221139,-0.03546027393454432,0.0016950223304087464,-0.015839511321924182,-0.08414039351248992,-0.10167492716482285,2026-05-01
AAPL,2026-01-29,16.0,2.67,2.84,0.0636704119850187,beat,after close,1.2970156079795256,0.042573366230728354,0.034096044563939464,0.08095119159443515,0.07247386992764626,0.016205889826181943,0.0077285681593930525,0.042716109742424194,0.0342387880756353,0.04323868859128788,0.03560989899282063,0.07980445341137243,0.07217566381290519,0.011446714373648748,0.0038179247751815026,0.0403954251969979,0.03276663559853066,0.05599420901532959,0.030989851543122393,0.11319599271436442,0.08819163524215723,0.04273674101396163,0.017732383541754437,0.078055821886717,0.05305146441450981,2026-01-30
AAPL,2025-10-30,16.0,1.77,1.85,0.04519774011299439,beat,after close,1.242218141175773,-0.01405911919104201,-0.0067014326501139455,0.008375577416169108,0.015733263957097173,0.02463693154328031,0.03199461808420838,0.05303422329895243,0.06039190983988049,-0.01383418752981247,-0.006758943806741136,0.0021600770335856723,0.009235320756657006,0.016270922952549283,0.023346166675620617,0.04264512302018442,0.04972036674325575,-0.013733207052418317,-0.008972979201760878,0.030168109169022683,0.03492833701968012,0.04531205855983533,0.05007228641049277,0.08956003910094545,0.0943202669516029,2025-10-31
AAPL,2025-07-31,16.0,1.43,1.57,0.09790209790209799,beat,after close,1.2131680844822967,-0.0168705040149075,-0.01269913543581419,0.09827909906455698,0.10245046764365029,0.10216644280030826,0.10633781137940157,0.11115470617952541,0.11532607475861872,-0.01901996658248828,-0.010406845223822625,0.09437403779553422,0.10298715915419987,0.09562060606909972,0.10423372742776538,0.09570349796294031,0.10431661932160596,-0.018936212789631424,-0.015512782560664684,0.09011535756479294,0.09353878779375968,0.10186015045450458,0.10528358068347132,0.1164828927855901,0.11990632301455684,2025-08-01
AAPL,2025-05-01,16.0,1.62,1.65,0.018518518518518396,inline,after close,0.9659517576017688,-0.07883125227669577,-0.026525069117254566,-0.0844530157422232,-0.032146832582782,-0.07241590607377682,-0.020109722914335618,-0.1215761274887526,-0.0692699443293114,-0.07793009745637092,-0.02572415806199768,-0.08118166758805256,-0.02897572819367933,-0.06789178221471681,-0.015685842820343576,-0.11092444249955158,-0.058718503105178343,-0.08022089909707697,-0.02614949310543513,-0.09194552734674255,-0.03787412135510071,-0.10426540493416159,-0.050193998942519746,-0.14166752159987261,-0.08759611560823077,2025-05-02
AAPL,2025-01-30,16.0,2.35,2.4,0.021276595744680774,beat,after close,0.9272452458876552,-0.030295214543258217,-0.02807689929126063,-0.038006487665737346,-0.03578817241373976,0.019602840271219335,0.021821155523216923,0.028305199154282437,0.030523514406280025,-0.02849645853392624,-0.02712631450814884,-0.034733795168798154,-0.033363651143020756,0.024100810395827788,0.025470954421605185,0.04053180959675928,0.04190195362253668,-0.021216100183211628,-0.020381718797814585,-0.04484415421738075,-0.04400977283198371,-0.0016321827544409917,-0.0007978013690439489,0.06297522441152836,0.0638096057969254,2025-01-31
AAPL,2024-10-31,16.0,0.95,0.97,0.02105263157894739,beat,after close,1.0118431444738818,-0.01922016558629605,-0.0017641698815306917,-0.04504230708425885,-0.027586311379493487,-0.03181632632690393,-0.014360330622138574,0.0017886252783198518,0.01924462098308521,-0.01938383679195721,-0.0018837520159759036,-0.04500170864904407,-0.027501623873062764,-0.03249368975409894,-0.014993604978117636,0.0005275672475328896,0.018027652023514196,-0.024072285645805103,-0.00327835352640371,-0.059566474111800494,-0.0387725419923991,-0.032025545011659884,-0.011231612892258491,-0.00030511910289598987,0.020488813016505403,2024-11-01
AAPL,2024-08-01,16.0,1.34,1.4,0.04477611940298495,beat,after close,1.0631343322403497,0.010268062788387019,-0.016799831414274415,0.013045481437106052,-0.01402241276555538,0.018872367455530344,-0.008195526747131088,0.01807820018627561,-0.008989694016385823,0.006444536755262575,-0.019043219424468405,0.009501210315092323,-0.015986545864638657,0.01579900193944661,-0.00968875424028437,0.012029316455210659,-0.013458439724520321,0.02012093971273443,-0.014853130298075001,0.014008742955464504,-0.02096532705534493,-0.014996087826186333,-0.049970157836995766,0.002168625469093133,-0.0328054445417163,2024-08-02
AAPL,2024-05-02,16.0,1.51,1.53,0.013245033112582794,inline,after close,1.0547020888402396,0.02846965905892415,-0.01913592395832541,0.032003539961274544,-0.01560204305597502,0.055756868765605504,0.008151285748355941,0.08969641451128918,0.04209083149403962,0.027987496198067063,-0.019433577717404393,0.02852245889892635,-0.018898615016545106,0.04886478987020648,0.0014437159547350253,0.07401596989547599,0.02659489598000453,0.011099744143572288,-0.02085702268594236,0.016896570190452986,-0.015060196639061663,0.023319755173141332,-0.008637011656373317,0.050404590140664673,0.018447823311150024,2024-05-03
AAPL,2024-02-01,16.0,2.1,2.18,0.038095238095238126,beat,after close,1.0960909262337015,-0.004229042223209349,0.013276425765220146,-0.018065326427730566,-0.0005598584393010711,-0.052450726208486696,-0.0349452582200572,-0.1258764213159377,-0.10837095332750821,-0.002444644858546785,0.013487890863595475,-0.012357326006298464,0.0035752097158437968,-0.04424390262416933,-0.02831136690202707,-0.10959905965265826,-0.093666523930516,-0.008174137383894164,0.007572020509553301,-0.025855462007512764,-0.010109304114065298,-0.035537395971069974,-0.01979123807762251,-0.11579391655354765,-0.10004775866010018,2024-02-02
AAPL,2023-11-02,16.0,1.39,1.46,0.050359712230215875,beat,after close,1.3078819274875964,-0.005766323009165084,0.011471790447012494,0.019777406356725882,0.037015519812903463,0.006712098098983968,0.023950211555161548,-0.012841479638118764,0.004396633818058814,-0.0020000987947802473,0.01230458096084619,0.027546712785025962,0.0418513925406524,0.02219489360735405,0.036499573362980486,0.007914643298847834,0.02221932305447427,-0.00744849923221802,0.008026237371116185,-0.004569875885190089,0.010904860718144116,-0.005226351897643977,0.010248384705690228,-0.009492180957230145,0.00598255564610406,2023-11-03
AAPL,2023-08-03,16.0,1.19,1.26,0.05882352941176476,beat,after close,1.291753268517985,-0.07109820724071857,-0.028724645443376468,-0.06187813705111388,-0.019504575253771778,-0.05474486879422481,-0.012371306996882714,-0.016374466233739286,0.025999095563602814,-0.0694796141414662,-0.025982326532561828,-0.06276119596725871,-0.019263908358354342,-0.060661003355044096,-0.01716371574613973,-0.01057622774293443,0.03292105986596994,-0.05447717158112275,-0.020058333902739367,-0.03115365721788954,0.003265180460493844,-0.03823398069027084,-0.0038151430118874563,-0.021562458941834617,0.012856378736548768,2023-08-04
AAPL,2023-05-04,16.0,1.43,1.52,0.062937062937063,beat,after close,1.3008564099079705,0.021339515662807517,-0.0011279614044358496,0.019557219468077747,-0.0029102575991656193,0.01044642849081219,-0.012021048576431177,0.005493584420175197,-0.01697389264706817,0.027744022353152098,-0.0006703599308818253,0.02663834842525159,-0.0017760338587823332,0.024554113438351788,-0.0038602688456821355,0.029521081206718036,0.0011066989226841129,0.021974246012264165,0.00012545296201726952,0.019377010369023062,-0.002471782681223833,-0.008301891651445126,-0.03015068470169202,-0.03661755590736793,-0.05846634895761482,2023-05-05
AAPL,2023-02-02,16.0,1.95,1.88,-0.03589743589743593,miss,after close,1.2901976281787346,0.028539553913366916,-0.00980887380323273,0.03202396846394616,-0.006324459252653486,0.04595412721247932,0.007605699495879678,0.06640076681686584,0.028052339100266194,0.023211519717256324,-0.011817379332362377,0.024539696286687507,-0.010489202762931193,0.03678984989848366,0.0017609508488649617,0.05302375882578325,0.01799485977616455,0.02699760228184045,-0.005726009644480223,0.02130323302939441,-0.011420378896926264,0.03541031992763888,0.0026867080013182054,0.03722594376197774,0.00450233183565707,2023-02-03
AAPL,2022-10-27,16.0,1.27,1.29,0.015748031496063006,inline,after close,1.255300882565087,0.037232769790275004,-0.007399086841343029,-0.03433719947303682,-0.07896905610465485,-0.03053923667597931,-0.07517109330759734,-0.06948188297165199,-0.11411373960327002,0.04357464407286882,-0.008187097482535988,-0.03024940959428246,-0.08201115114968727,-0.006110373287183668,-0.057872114842588473,-0.03607084272642047,-0.08783258428182528,0.029853261044568313,-0.0022137878838359715,-0.01529209938996079,-0.047359148318365074,-0.031729743514686604,-0.06379679244309089,-0.050421057135761616,-0.0824881060641659,2022-10-28
AAPL,2022-07-28,16.0,1.15,1.2,0.04347826086956526,beat,after close,1.276307601104786,0.010722334171480049,-0.002918421174387755,0.025640851107791796,0.012000095761923991,0.02164023434888869,0.007999479003020886,0.032453254114266736,0.01881249876839893,0.015022247468976846,-0.0031917023223012597,0.03397093544060903,0.015756985649330923,0.04175839380202273,0.023544444010744625,0.04384042479527439,0.025626475003996285,0.013441140174467403,-0.00400355700129662,0.017320175208713096,-0.00012452196705092788,0.033127505442809735,0.01568280826704571,0.05608654530602297,0.03864184813025895,2022-07-29
AAPL,2022-04-28,16.0,1.43,1.52,0.062937062937063,beat,after close,1.2489633383967276,0.002708194084838857,-0.0061973547772490156,0.007854779065481123,-0.0010507697966067493,-0.03088182048655188,-0.03978736934863975,-0.05955908629475022,-0.0684646351568381,-0.0037025150866512035,-0.004053114547240666,0.0024144842509175035,0.002063884790328041,-0.03875275183374238,-0.039103351294331845,-0.052271455604055994,-0.05262205506464546,-0.00816645783261638,-0.013236895295544393,0.010761233961176786,0.0056907964982487735,-0.021040862180092046,-0.02611129964302006,-0.042872685392619236,-0.04794312285554725,2022-04-29
AAPL,2022-01-27,16.0,1.89,2.1,0.11111111111111122,beat,after close,1.3384997800942744,0.038630487078830086,0.002056524040390126,0.029576558078973518,-0.0069974049594664425,0.03260981100246358,-0.00396415203597638,0.02356665929828068,-0.013007303740159279,0.05305741343377979,0.0081149811298602,0.043061128104854296,-0.0018813041990652923,0.03979980150064222,-0.00514263080327737,0.02774231425743212,-0.017200118046487467,0.02704600499123644,0.000999421275858614,0.028985270872509128,0.0029386871571313034,0.03648494518951262,0.010438361474134794,0.020088182891259465,-0.0059584008241183595,2022-01-28
AAPL,2021-10-28,16.0,1.24,1.24,0.0,inline,after close,1.3686882361461934,-0.027930420282128093,-0.007479723010097684,-0.03409306908760694,-0.01364237181557653,-0.03634634523942265,-0.01589564796739224,0.04339568171311295,0.06384637898514336,-0.02751208548164963,-0.007327526150017749,-0.028844206673620643,-0.008659647341988763,-0.03447543085895699,-0.01429087152732511,0.038464856699414796,0.058649416031046675,-0.02656719623789139,-0.004121759513937451,-0.0450272046364838,-0.02258176791252986,-0.05490505281569669,-0.03245961609174275,-0.004967060756247976,0.01747837596770596,2021-10-29
MSFT,2026-07-29,16.0,4.24,4.74,0.11792452830188678,beat,after close,0.8548976107284555,0.1681537051650374,0.025728489351101586,0.22490530277819432,0.08248008696425851,0.2174142339584066,0.07498901814447079,0.2607058742158937,0.1182806584019579,0.1612946007060112,0.022992952744269823,0.20712174030258668,0.0688200923408453,0.18942014286242814,0.05111849490068676,0.21705747475754378,0.0787558267958024,0.1324307680099337,0.03235517356542794,0.15024736825291418,0.050171773808408426,0.11541959187520379,0.015343997430698031,0.14471136635785442,0.044635771913348665,2026-07-30
MSFT,2026-04-29,16.0,4.07,4.27,0.049140049140048964,beat,after close,0.9028555124383274,-0.033151860039915264,0.014480222614479066,-0.02894816816636172,0.01868391448803261,-0.07309711142765798,-0.025465028773263655,0.023090672968419268,0.0707227556228136,-0.03568331533059865,0.013563274173706397,-0.03554726026552579,0.013699329238779256,-0.08512246334538986,-0.035875873841084815,0.003493588441959572,0.05274017794626462,-0.04027470369099384,0.0014733501873851473,-0.07271594540955739,-0.030967891531178404,-0.15692178351180752,-0.11517372963342853,-0.12052156369067923,-0.07877350981230025,2026-04-30
MSFT,2026-01-28,16.0,3.92,4.14,0.056122448979591774,beat,after close,0.8598745825422258,-0.10290442293368571,-0.004759779967588529,-0.17178206281524533,-0.07363741984914815,-0.15482547607899827,-0.05668083311290109,-0.17936183535802924,-0.08121719239193206,-0.10236931694542517,-0.004422297783467921,-0.16865170647953343,-0.07070468731757618,-0.1528945978916837,-0.05494757872972644,-0.17922881063859153,-0.08128179147663428,-0.07116368202815182,0.012953270090272029,-0.1000634964763416,-0.015946544357917758,-0.10596495803699801,-0.021848005918574165,-0.12268575920887681,-0.03856880709045296,2026-01-29
MSFT,2025-10-29,16.0,3.66,4.13,0.128415300546448,beat,after close,0.921526034896642,-0.03772894940978271,-0.018425276730546142,-0.06347244836820168,-0.04416877568896511,-0.05480926904153234,-0.03550559636229577,-0.09320373915406296,-0.07390006647482639,-0.03656006065605333,-0.018401067225759515,-0.059824120810281434,-0.04166512737998762,-0.049975752723522504,-0.03181675929322869,-0.08690306290290384,-0.06874406947261003,-0.032945800782739565,-0.01608605135334562,-0.034959763827029255,-0.01810001439763531,-0.014028491757910988,0.0028312576714829563,-0.03366908755626086,-0.016809338126866913,2025-10-30
MSFT,2025-07-30,16.0,3.38,3.65,0.07988165680473373,beat,after close,0.9187272909389439,0.04003806479101141,-0.0027126351816481806,0.01791715652418121,-0.02483354344847838,0.0020974029055384324,-0.040653297067121154,-0.028375974888481,-0.07112667486114059,0.04201557372321496,-0.0012102662733474157,0.01919801845084601,-0.024027821545716366,0.002605579854407347,-0.04062026014215503,-0.026677910210726963,-0.06990375020728934,0.05078350085280858,0.003979424856351499,0.02070891636877792,-0.026095159627679165,0.007182310272485504,-0.03962176572397158,-0.011701485697292457,-0.05850556169374954,2025-07-31
MSFT,2025-04-30,16.0,3.22,3.46,0.07453416149068315,beat,after close,1.0973644356228673,0.07658233703976886,0.0075206939044917265,0.08882895282918252,0.01976730969390539,0.07860689583881494,0.009545252703537815,0.1023054594416019,0.03324381630632477,0.07754755799826674,0.008380948042118641,0.08716974030878588,0.018003130352637786,0.07835901042006688,0.009192400463918782,0.09607258306311517,0.026905973106967074,0.06810024315508612,0.006515481444850035,0.06885894353760114,0.007274181827365056,0.029946086853566922,-0.03163867485666916,0.060949247620227576,-0.0006355140900085043,2025-05-01
MSFT,2025-01-29,16.0,3.12,3.23,0.035256410256410214,beat,after close,1.2048586532872754,-0.060339663188373895,0.007258523713603686,-0.06477002260110305,0.0028281643008745277,-0.080919243456967,-0.013321056554989413,-0.07440177527909897,-0.006803588377121389,-0.06168546275328868,0.005490743090633354,-0.0672876772498252,-0.00011147140590317406,-0.08564983696988848,-0.01847363112596645,-0.0911106704910688,-0.02393446464714677,-0.05763789703237199,0.006026505731013709,-0.07329203503426518,-0.009627632270879483,-0.10443507238011729,-0.04077066961673159,-0.0780529263967098,-0.014388523633324102,2025-01-30
MSFT,2024-10-30,16.0,3.11,3.3,0.061093247588424424,beat,after close,1.1236122234736405,-0.03248142646749889,0.0055851907321392,-0.042158571346978924,-0.004091954147340836,-0.0321543793183977,0.005912237881240387,-0.05054433386731001,-0.012477716667671924,-0.03525214787564068,0.005672282571641318,-0.04140984213420784,-0.0004854116869258407,-0.03404426556491302,0.006880164882368978,-0.0548586830840998,-0.013934252636817801,-0.02605133295308293,0.0023784352282212318,-0.048906524631716075,-0.020476756450411915,-0.03308848969492728,-0.004658721513623121,-0.03549122095773738,-0.007061452776433219,2024-10-31
MSFT,2024-07-30,16.0,2.94,2.95,0.003401360544217766,inline,after close,1.1694912711754133,-0.016920427199893853,0.013245926538587062,-0.010445263021363005,0.01972109071711791,-0.02244096685074541,0.007725386887735504,-0.07010529738703748,-0.03993894364855657,-0.01586324204819678,0.011196944805973663,-0.015645459984064858,0.011414726870105585,-0.01780851698743391,0.009251669866736534,-0.05743302327598454,-0.030372836421814098,-0.01882685759173397,0.0343304319009764,0.0002124802640323109,0.05336976975674268,-0.040511389730386704,0.012645899762323665,-0.07562600076283021,-0.022468711270119845,2024-07-31
MSFT,2024-04-25,16.0,2.84,2.94,0.03521126760563384,beat,after close,1.1960925766318502,-0.0077733714328070205,-0.014469057862394663,-1.8357219478040004e-05,-0.0067140436490656825,-0.003421374818111819,-0.010117061247699462,0.01332868793794557,0.006633001508357928,-0.0047883408617365175,-0.013558197234233904,0.004353916630932653,-0.004415939741564734,0.005675717021107474,-0.003094139351389913,0.02782980935749957,0.019059952985002182,-0.007362022626460463,-0.01432041892537439,-0.005567595214862275,-0.012525991513776202,-0.0004073764472040109,-0.007365772746117938,-0.008060229236465322,-0.015018625535379249,2024-04-26
MSFT,2024-01-30,16.0,2.77,2.93,0.05776173285198561,beat,after close,1.1762126449813506,-0.00963036306473928,-0.0008385513154909145,-0.009511412298710999,-0.0007196005494626342,-0.024738430774049427,-0.015946619024801063,-0.047133055274667636,-0.038341243525419275,-0.008122851101612594,0.0025060332154298592,-0.0006561414406635047,0.009972742876378948,-0.010498615255550736,0.0001302690614917168,-0.01913197279948564,-0.008503088482443188,-0.002949782061670625,0.002997979033089182,0.0013863950401156178,0.007334156134875425,-0.00983283263553869,-0.003885071540778884,-0.010206942816861853,-0.004259181722102046,2024-01-31
MSFT,2023-10-24,16.0,2.65,2.99,0.12830188679245294,beat,after close,1.4044047750933166,0.02931249526779295,-0.021109357330456033,0.047949608604147334,-0.002472243994101647,0.04646361113997573,-0.003958241458273254,0.02849016386761269,-0.021931688730636292,0.01949098487810874,-0.025539394816452066,0.04963302330505037,0.004602643610489565,0.06402719291972492,0.01899681322516411,0.06644349049517118,0.02141311080061037,0.024068475936857237,-0.018409559300081813,0.035584745277820184,-0.0068932899591188646,0.03374910744574944,-0.008728927791189611,0.025723384047380615,-0.016754651189558434,2023-10-25
MSFT,2023-07-25,16.0,2.55,2.69,0.05490196078431378,beat,after close,1.3238738771909306,-0.05131756042188895,-0.012785765933321619,-0.05650034546658583,-0.0179685509780185,-0.06316389064754396,-0.02463209615897663,-0.04506458651527506,-0.006532792026707729,-0.052033247828706664,-0.01424212424741711,-0.05609711468643219,-0.01830599110514264,-0.062445744127160197,-0.024654620545870642,-0.03934647675683334,-0.0015553531755437833,-0.0421644344569535,-0.017975248085732365,-0.044165681139377244,-0.019976494768156106,-0.024729400447457195,-0.0005402140762360563,-0.02485318759213384,-0.0006640012209127022,2023-07-26
MSFT,2023-04-25,16.0,2.23,2.45,0.09865470852017946,beat,after close,1.2731746082340099,0.08404502548621577,0.0064493743704167605,0.09522467896061311,0.0176290278448141,0.10479485984485515,0.027199208729056137,0.11513799921854811,0.037542348102749104,0.08879047488440661,0.012119788941992837,0.09800898296185545,0.021338297019441677,0.11201316285069074,0.035342476908276965,0.123576002247748,0.04690531630533423,0.06838151836021167,0.01081044908913853,0.07333884762534948,0.01576777835427634,0.0750403824019551,0.017469313130881958,0.06589051650286792,0.008319447231794785,2023-04-26
MSFT,2023-01-24,16.0,2.32,2.32,0.0,inline,after close,1.27134830563643,0.010535419067792269,0.01683067939816909,0.011350126459725662,0.017645386790102482,0.06791655514996817,0.07421181548034499,0.05758411537018006,0.06387937570055688,0.013440187696198258,0.01972326637262789,0.017989050371632676,0.024272129048062308,0.07409679365815514,0.08037987233458477,0.05630299466308253,0.06258607333951216,0.010919663303000204,0.014742354530077106,0.007973996926013416,0.011796688153090318,0.04432177184231434,0.04814446306939124,0.024668142373061808,0.02849083360013871,2023-01-25
MSFT,2022-10-25,16.0,2.31,2.35,0.01731601731601733,inline,after close,1.2329726383285373,-0.08050193553659223,-0.012903387748481362,-0.09157889128028499,-0.023980343492174122,-0.0669757181501117,0.0006228296379991588,-0.05192701618546961,0.015671531602641252,-0.08403880194989843,-0.014416270540399179,-0.09919740463722981,-0.029574873227730558,-0.07629810805261905,-0.006675576643119796,-0.04655082732488536,0.023071704084613898,-0.06326613355618216,-0.008371782610585576,-0.07870789962764779,-0.02381354868205121,-0.046488959981988764,0.008405390963607817,-0.05115938842476997,0.0037349625208266124,2022-10-26
MSFT,2022-07-26,16.0,2.29,2.23,-0.026200873362445438,miss,after close,1.2315405713713128,0.0476563672597779,0.012938691315539055,0.043868634770816456,0.009150958826577613,0.050234656225834576,0.015516980281595733,0.022265241587689236,-0.012452434356549608,0.05688393304081041,0.015998388958000875,0.05850681413352765,0.01762127005071812,0.06877809368182108,0.02789254959901155,0.038969962112540224,-0.0019155819702693089,0.03715389258599289,0.013316793199357857,0.026751784325767858,0.0029146849391328278,0.0394849436930339,0.015647844306398873,0.02542406432659783,0.0015869649399627983,2022-07-27
MSFT,2022-04-26,16.0,2.2,2.22,0.009090909090909097,inline,after close,1.24843842440446,0.03472117062608711,-0.009389698735247504,0.030526872275860453,-0.01358399708547416,0.032272985895662146,-0.011837883465672466,0.022975889333774698,-0.021134980027559914,0.0426702812451214,-0.002626767128715679,0.04144511984313415,-0.0038519285307029305,0.023988976127512496,-0.021308072246324583,0.022868929980517816,-0.022428118393319263,0.015906181049992085,-0.017398494453272573,0.008399324012634213,-0.024905351490630445,0.014995932802390755,-0.018308742700873903,0.01883411606367702,-0.014470559439587638,2022-04-27
MSFT,2022-01-25,16.0,2.32,2.48,0.06896551724137938,beat,after close,1.1487388560342688,0.04656144070774481,0.015704160786279515,0.021340188298809064,-0.00951709162265623,0.011910411413887696,-0.018946868507577597,0.03151292482878323,0.000655644907317933,0.04648864991488999,0.015487115174369626,0.03215987336564741,0.0011583386251270422,0.025443890354888143,-0.005557644385632221,0.04055791639844408,0.009556381657923718,0.04005721375200888,0.017437668985762156,0.005466488463515939,-0.017153056302730785,-0.003310833276369718,-0.025930378042616442,0.0187459889440601,-0.003873555822186625,2022-01-26
MSFT,2021-10-26,16.0,2.08,2.27,0.09134615384615381,beat,after close,1.0894462016173,0.03948633989397743,-0.007157346629519792,0.05281514172444196,0.006171455200944739,0.044379974382483825,-0.0022637121410133965,0.05110394332618104,0.004460256802683818,0.04054675017484621,-0.005997485686617177,0.05630583837632619,0.0097616025148628,0.04914767122861752,0.0026034353671541277,0.05996045809683237,0.01341622223536898,0.03659637068564525,-0.006396069851203778,0.0488060408971539,0.005813600360304871,0.033736942213669074,-0.009255498323179956,0.02265155557255627,-0.02034088496429276,2021-10-27
NVDA,2026-05-20,16.0,1.77,1.87,0.056497175141242986,beat,after close,1.7882657367079267,-0.04801403737407253,-0.026410135239948777,-0.09470017453105306,-0.07309627239692931,-0.07482718399586351,-0.05322328186173975,-0.0806473545329144,-0.05904345239879064,-0.04267764430918919,-0.022973995916703127,-0.076606840033277,-0.05690319164079094,-0.07472924884260057,-0.05502560045011451,-0.06740247211408867,-0.04769882372160261,-0.05502746915686485,-0.029064813159161873,-0.1324190823399467,-0.10645642634224373,-0.10062923332137486,-0.07466657732367188,-0.1486918946454865,-0.12272923864778351,2026-05-21
NVDA,2026-02-25,16.0,1.54,1.62,0.05194805194805199,beat,after close,1.7290210808586943,-0.07929717571281834,-0.03384170249403214,-0.03480649175448575,0.010648981464300454,0.0014239683380329604,0.04687944155681916,-0.018875681296117202,0.026579791922669,-0.08585127994605679,-0.03684446490138926,-0.044301460861839725,0.004705354182827803,-0.02190723792390825,0.027099577120759277,-0.05818640745454018,-0.00917959240987265,-0.06626622361142698,-0.02569005931932311,-0.041933869888109876,-0.0013577055960060092,-0.025659144989544358,0.014917019302559509,-0.05351132547788451,-0.012935161185780641,2026-02-26
NVDA,2025-11-19,16.0,1.26,1.3,0.03174603174603177,beat,after close,1.837251026207903,-0.0321908798183289,-0.028357221355887915,-0.11023379762273283,-0.10640013916029184,-0.08738551084194993,-0.08355185237950893,-0.0878705630719607,-0.08403690460951971,-0.03598689136542377,-0.01970437035550021,-0.08223060630383805,-0.0659480852939145,-0.054988622818329946,-0.03870610180840639,-0.055939735381779765,-0.03965721437185621,-0.013734905686764276,-0.013601264682943093,-0.07043811877173967,-0.07030447776791848,-0.06399947036740938,-0.0638658293635882,-0.05663343694326395,-0.056499795939442765,2025-11-20
NVDA,2025-08-27,16.0,1.01,1.05,0.03960396039603964,beat,after close,1.9123620843010134,-0.0379274820544655,-0.02256139591107928,-0.08883400277860797,-0.07346791663522174,-0.058753542799751236,-0.043387456656365016,-0.07985118616597117,-0.06448510002258495,-0.03869842992567207,-0.027282777997605923,-0.08356043991693796,-0.0721447879888718,-0.03561736543569838,-0.024201713507632228,-0.04080504823168185,-0.0293893963036157,-0.03367917778011942,-0.017901571688495932,-0.07671316326885447,-0.06093555717723098,-0.04338757967312801,-0.02760997358150452,-0.06969117829415372,-0.053913572202530236,2025-08-28
NVDA,2025-05-28,16.0,0.75,0.81,0.08000000000000007,beat,after close,2.120113738750745,-0.0029433375023750277,-0.02693105882932629,0.019266014601536506,-0.004721706725414755,0.016033321363794636,-0.007954399963156625,0.055178709684323,0.03119098835737174,0.0004923437176150847,-0.028050335111754587,0.030218219713915584,0.0016755408845459119,0.04777218632325164,0.01922950749388197,0.11240903004828073,0.08386635121891106,0.004743121591016641,-0.026060354592108648,0.018193212988109275,-0.012610263195016014,0.026684317918490574,-0.004119158264634715,0.07743765891540966,0.04663418273228437,2025-05-29
NVDA,2025-02-26,16.0,0.85,0.89,0.047058823529411806,beat,after close,2.611061426899852,-0.046296044618149415,-0.0021205036470041475,-0.07174546305682925,-0.027569922085683977,0.06849231338971065,0.11266785436085591,-0.05657797268674775,-0.012402431715602485,-0.04472366862725008,0.024094615919723283,-0.12445837623160516,-0.0556400916846318,-0.039055371281652596,0.029762913265320767,-0.10247322773356393,-0.03365494318659057,-0.021881408820928705,0.026492197805703555,-0.09307546075101758,-0.04470185412438532,-0.009699860759055823,0.03867374586757644,-0.06281650468344258,-0.014442898056810316,2025-02-27
NVDA,2024-11-20,16.0,0.75,0.81,0.08000000000000007,beat,after close,2.8753167787903884,-0.05470545306850769,-0.042855383944393644,-0.12086479159512228,-0.10901472247100824,-0.12397889150510469,-0.11212882238099064,-0.12657168119235448,-0.11472161206824044,-0.03530227602558944,-0.03528069833578451,-0.07229457246799054,-0.0722729947781856,-0.05025511212835487,-0.05023353443854994,-0.07991762901532329,-0.07989605132551836,-0.0375158831637854,-0.03269481314463074,-0.06341709067775525,-0.05859602065860059,-0.06286458282965546,-0.0580435128105008,-0.09684358171697705,-0.09202251169782238,2024-11-21
NVDA,2024-08-28,16.0,0.64,0.68,0.06250000000000006,beat,after close,2.3260084364045768,-0.07503439609365417,-0.009022388178260482,-0.12868589896298407,-0.06267389104759039,-0.07920675573327521,-0.01319474781788152,-0.12340725708638081,-0.05739524917098712,-0.05834688971564317,0.005591192896276853,-0.15972178525829084,-0.09578370264637082,-0.04814647062714017,0.015791611984779852,-0.046374867505423745,0.017563215106496277,-0.05297821875845221,0.0018464933021178354,-0.12027787892024999,-0.06545316685967995,-0.04800323539581319,0.006821476664756854,-0.04967468452526702,0.005150027535303026,2024-08-29
NVDA,2024-05-22,16.0,0.56,0.61,0.08928571428571416,beat,after close,2.3266506760608534,0.11522673647840603,0.007681804100600917,0.14595579390339622,0.0384108615255911,0.2037653533807858,0.09622042100298069,0.11427131689702137,0.006726384519216255,0.11960697738882264,0.019105975901715366,0.1558409844033466,0.055339982916239316,0.24357635862565996,0.14307535713855268,0.20644774628712237,0.10594674480001509,0.11861819236662952,0.017287370852386186,0.17438036768470377,0.07304954617046044,0.2488870453773402,0.14755622386309686,0.19744942525382814,0.09611860373958481,2024-05-23
NVDA,2024-02-21,16.0,0.46,0.52,0.13043478260869565,beat,after close,1.9590379647578278,0.11991893188686058,-0.0006724674263073466,0.11151988036533164,-0.009071518947836282,0.23219858051776793,0.1116071812046,0.16075177867144974,0.04016037935828182,0.14617570463894425,0.0028626163727420995,0.14972100789980858,0.006407919633606429,0.2975385409078436,0.15422545264164145,0.2716494749436421,0.12833638667743996,0.13717085386613126,0.005885038225081796,0.13291255796303914,0.0016267423219896715,0.2766508004881557,0.14536498484710625,0.2691109798069423,0.13782516416589286,2024-02-22
NVDA,2023-11-21,16.0,0.34,0.4,0.1764705882352941,beat,after close,2.1685043247200766,-0.06208116535272183,-0.024875392172061278,-0.10508042281486561,-0.06787464963420506,-0.1375919310166585,-0.10038615783599796,-0.2051184042204458,-0.16791263103978527,-0.048359085010359126,-0.019910640677137437,-0.07154347453490184,-0.04309503020168015,-0.07807021091849276,-0.049621766585271065,-0.061727077628884075,-0.033278633295662385,-0.04639229477754325,-0.017347049407404724,-0.07121525224525138,-0.04217000687511285,-0.07344438403142539,-0.04439913866128686,-0.05987032803775871,-0.030825082667620185,2023-11-22
NVDA,2023-08-23,16.0,0.21,0.27,0.28571428571428586,beat,after close,2.0696179550167964,-0.017017260759497915,-0.04278282136503085,-0.010158578118171266,-0.0359241387237042,-0.0862786154678341,-0.11204417607336703,-0.1511182867960327,-0.17688384740156565,-0.016470567542154035,-0.03132726283973175,0.031132549580881963,0.016275854283304247,-0.03690317006004573,-0.05175986535762345,-0.09535096332782644,-0.11020765862540416,-0.010411512668601186,-0.03445668880377728,0.020002524678277456,-0.004042651456898638,-0.042477880674305135,-0.06652305680948123,-0.08462523279690748,-0.10867040893208357,2023-08-24
NVDA,2022-05-25,16.0,0.13,0.14,0.07692307692307698,beat,after close,2.4398411531099984,-0.005423497591133322,-0.0071973338043838445,0.015941277965204857,0.014167441751954335,0.03982050291840949,0.038046666705158966,0.022974146806641352,0.02120031059339083,0.060853755101975215,0.029229642682166768,0.07060408174300548,0.03897996932319703,0.02643253339465168,-0.005191579025156767,0.025387396318208078,-0.00623671610160037,0.047523239035123455,0.019940931762860936,0.05604322127804884,0.02846091400578632,0.02528880914954912,-0.0022934981227134,0.010807630170983518,-0.016774677101279,2022-05-26
NVDA,2022-02-16,16.0,0.12,0.13,0.08333333333333341,beat,after close,2.1539784209011,-0.053720390915500835,-0.022745065980594593,-0.05344564239669593,-0.022470317461789686,-0.0831845002723556,-0.052209175337449364,-0.0121090625567922,0.018866262378114042,-0.08305075669550377,-0.0288209431409292,-0.06721761286058259,-0.012987799306008019,-0.10439518308271811,-0.050165369528143544,0.01853791142193406,0.07276772497650863,-0.07083613892438068,-0.025166155735676488,-0.05983524771278015,-0.01416526452407596,-0.07991506810207549,-0.034245084913371304,0.03770090574209628,0.08337088893080047,2022-02-17
NVDA,2021-11-17,16.0,0.11,0.12,0.09090909090909087,beat,after close,1.6773812229642415,0.1199223286620771,0.04373894524581902,0.10850498616297587,0.03232160274671779,0.10300717099317128,0.0268237875769132,-0.020693268313084066,-0.09687665172934215,0.12224823281139363,0.0431458854347293,0.09899620671869647,0.01989385934203214,0.08867598141315935,0.009573634036495027,-0.016470318744915557,-0.09557266612157989,0.10658819222921112,0.034066470865418585,0.09335250242266513,0.020830781058872594,0.07592313345995627,0.003401412096163736,-0.029409654195385437,-0.10193137555917797,2021-11-18
AVGO,2026-06-03,16.0,2.4,2.44,0.016666666666666684,inline,after close,1.9977622039936829,-0.1624470706013961,-0.028337105492093784,-0.16430354208842857,-0.030193576979126252,-0.12952377941034254,0.004586185698959772,-0.23932174290656505,-0.10521177779726273,-0.18304342658144823,-0.053396179471284166,-0.18157094339261204,-0.05192369628244797,-0.12837230091971885,0.0012749461904452142,-0.2248548710560193,-0.09520762394585525,-0.12285502012512561,-0.012580287222152431,-0.13817860717244101,-0.027903874269467832,-0.11552086353136592,-0.005246130628392742,-0.1674339476937241,-0.05715921479075092,2026-06-04
AVGO,2026-03-04,16.0,2.02,2.05,0.014851485148514755,inline,after close,1.7372348770951447,0.07028568221744019,0.014246045716531597,0.09754496125075374,0.04150532474984514,0.057423456548292645,0.001383820047384049,0.034557499107210926,-0.02148213739369767,0.05979655377727111,0.00622531120021641,0.08677773648495613,0.033206493907901424,0.048032524284229106,-0.005538718292825595,0.03984055681342802,-0.013730685763626682,0.0592989590739319,0.013734848596607119,0.07265110634586025,0.02708699586853547,0.020146338377344475,-0.025417772099980307,0.023864419007991855,-0.021699691469332927,2026-03-05
AVGO,2025-12-11,16.0,1.87,1.95,0.04278074866310152,beat,after close,1.7711490771070293,-0.15424974085161425,-0.05611846477245773,-0.16770284924840895,-0.06957157316925243,-0.1726235461724081,-0.07449227009325159,-0.20049672872844712,-0.1023654526492906,-0.15791714924528166,-0.05438897824578903,-0.15757222309422114,-0.05404405209472851,-0.1398053978867938,-0.03627722688730117,-0.13204790527454846,-0.02851973427505583,-0.13158162492492587,-0.04622625941334291,-0.14499246894390516,-0.0596371034323222,-0.126876294967458,-0.041520929455875044,-0.11500156101253856,-0.029646195500955597,2025-12-12
AVGO,2025-09-04,16.0,1.66,1.69,0.018072289156626523,inline,after close,1.849755658817163,0.12282367569871594,0.025499034585175495,0.13561167375149893,0.03828703263795849,0.06088961580504088,-0.03643502530849956,0.007632027067991249,-0.0896926140455492,0.12662403275455503,0.029673498601890724,0.15895847022296672,0.062007936070302416,0.10514877450725968,0.008198240354595376,0.07985077964748255,-0.017099754505181752,0.11785211385296979,0.02463535321006538,0.1406072058276937,0.0473904451847893,0.06962733314273473,-0.02358942750016968,0.03053319481208383,-0.06268356583082058,2025-09-05
AVGO,2025-06-05,16.0,1.57,1.58,0.006369426751592362,inline,after close,2.005054695671989,-0.08636839633007772,-0.014151882596263793,-0.06502974784576004,0.007186765888053878,-0.06700363156155424,0.005212882172259681,-0.07873446048173678,-0.006517946747922859,-0.07191533119351146,-0.01163293268616361,-0.04853410350031373,0.011748295007034115,-0.03405238808925659,0.026230010418091254,0.003789397434828201,0.06407179594217605,-0.07509766974651466,-0.015640295765363743,-0.05476036908792614,0.0046970048932247765,-0.04920992486564124,0.010247449115509677,-0.03233305196540581,0.027124322015745106,2025-06-06
AVGO,2025-03-06,16.0,1.51,1.6,0.05960264900662257,beat,after close,2.5590259701437166,0.08427189061947597,0.013218513284841513,0.12850629431553284,0.05745291698089838,0.09433181326789701,0.02327843593326255,0.09590560974588834,0.02485223241125388,0.05355286668228243,-0.027272905509147183,0.10865767031018247,0.027831898118752862,0.08781116554925583,0.0069853933578262195,-0.06611932793812392,-0.14694510012955353,0.06054815049935125,-0.011399259964416375,0.09704422569724247,0.025096815233474845,0.08108206347235047,0.00913465300858285,-0.026770545910625998,-0.09871795637439362,2025-03-07
AVGO,2024-12-12,16.0,1.39,1.42,0.021582733812949662,beat,after close,2.6373359429430803,0.3458530019553824,0.10092077419822168,0.28417383108817595,0.03924160333101526,0.36734843974676545,0.12241621198960476,0.315091543199277,0.07015931544211632,0.3523545674434396,0.10782969483722349,0.25396489143436096,0.009440018828144825,0.3289204615641552,0.08439558895793908,0.28922497936405567,0.04470010675783953,0.34214283952244817,0.10210183848081966,0.24383135695563773,0.0037903559140092247,0.31843644962880824,0.07839544858717973,0.2953385047742427,0.05529750373261422,2024-12-13
AVGO,2024-09-05,16.0,1.21,1.24,0.024793388429752088,beat,after close,2.125853526046479,-0.06544713033185655,0.0031884302808180276,0.05001956787419393,0.11865512848686852,0.039941596528135,0.10857715714080957,0.046734156045153206,0.11536971665782778,-0.0700033536147352,0.016687137182811895,0.0808535360539725,0.1675440268515196,0.09129137309966373,0.17798186389721082,0.11647242274237346,0.20316291353992055,-0.06607856721442396,0.011504416872555767,0.050660371657826,0.12824335574480572,0.0654219236386665,0.14300490772564622,0.08431928785032927,0.161902271937309,2024-09-06
AVGO,2024-06-12,16.0,1.08,1.1,0.018518518518518535,inline,after close,1.906794586915673,0.14968418095487435,0.031529179476856184,0.09282094513532171,-0.025334056342696448,0.061787925029397096,-0.056367076448621066,0.062288364499963396,-0.055866636978054766,0.15344837282550072,0.03277435176277743,0.10520013951493967,-0.015473881547783619,0.07717090637986701,-0.04350311468285628,0.11314402110082189,-0.007529999961901401,0.14441304633455943,0.029635475556489155,0.09918267066005515,-0.01559490011801512,0.07800796978918945,-0.036769600988880824,0.11012213455971653,-0.004655436218353737,2024-06-13
AVGO,2024-03-07,16.0,1.04,1.1,0.057692307692307744,beat,after close,1.6046358305034192,-0.0743253248089264,-0.012319843955328424,-0.12699425698658445,-0.06498877613298648,-0.07385768601905204,-0.011852205165454072,-0.09593359247072814,-0.03392811161713016,-0.0749152265027142,-0.0110601382482306,-0.12025629532405169,-0.05640120706956808,-0.044823969122831486,0.01903111913165212,-0.05188291503422404,0.011972173220259563,-0.06415787077706803,-0.009171145450002749,-0.10395655591150621,-0.04896983058444093,-0.028704047903713614,0.026282677423351664,-0.022867548901962076,0.0321191764251032,2024-03-08
AVGO,2023-12-07,16.0,1.1,1.11,0.009090909090909097,inline,after close,1.4020094050366108,0.09844074910022217,0.08253361075075973,0.15714257151828104,0.1412354331688186,0.13250345744609027,0.11659631909662782,0.07724750027964403,0.06134036193018158,0.10565931003096618,0.08606058978956521,0.18022237122349272,0.16062365098209175,0.16915454903159144,0.14955582879019047,0.13379589637472133,0.11419717613332037,0.09657880861516932,0.08121775303268697,0.1730377231292627,0.15767666754678034,0.16709180863709916,0.1517307530546168,0.14743490884960642,0.13207385326712406,2023-12-08
AVGO,2023-08-31,16.0,1.04,1.05,0.009615384615384623,inline,after close,1.2868547915374056,-0.055984960858413,0.0030770435572076427,-0.07701343646289102,-0.01795143204727038,-0.08821189909434934,-0.0291498946787287,-0.07240152569458325,-0.013339521278962603,-0.05252311892930117,0.003920575527432857,-0.06570907108776924,-0.009265376631035216,-0.06854480547502417,-0.012101111018290145,-0.04256081948558599,0.01388287497114804,-0.061629225847801505,-0.003976416076102329,-0.058786342472970654,-0.001133532701271478,-0.046004453828430214,0.011648355943268962,-0.035833068945976265,0.02181974082572291,2023-09-01
AVGO,2023-06-01,16.0,1.01,1.03,0.01980198019801982,inline,after close,1.227192478155365,-0.0006570641125500931,-0.010208786220145288,-0.008051493586101091,-0.017603215693696286,0.03600787041378925,0.026456148306194055,0.03365700496344412,0.024105282855848925,0.0034223096425182176,-0.010029505954383011,-2.271592645364251e-05,-0.013474531523354871,0.05298194480255847,0.03953012920565724,0.05905190894728951,0.04560009335038828,0.015994710399742096,-0.006193723872082502,0.01850717565131399,-0.003681258620510608,0.054596884333822815,0.03240845006199822,0.0662836961352321,0.04409526186340751,2023-06-02
AVGO,2023-03-02,16.0,1.02,1.03,0.00980392156862746,inline,after close,1.2535910741263272,0.03476700625871917,-0.0013607710621985347,0.06151196553778907,0.02538418821687137,0.0658284552158725,0.029700677894954793,0.021265255421587678,-0.014862521899330024,0.04050028094096603,-0.0004398276559975933,0.05841500254023302,0.0174748939432694,0.07018635192608302,0.029246243329119403,0.04552064059455063,0.004580531997587012,0.03094693305685059,-0.0045280744341511525,0.038362897387483996,0.002887889896482254,0.009079099302670146,-0.026395908188331596,-0.020653083757386947,-0.05612809124838869,2023-03-03
AVGO,2022-12-08,16.0,1.03,1.05,0.019417475728155355,inline,after close,1.2547853689257118,0.03896037016242698,0.0038386782815033813,0.0827294938248064,0.0476078019438828,0.08658136554361315,0.051459673662689547,0.10398334644268764,0.06886165456176405,0.04060070704366392,0.007447098930114082,0.07516956767306804,0.0420159595595182,0.07852575680539642,0.04537214869184658,0.10049452792400859,0.06734091981045875,0.031850159565292024,1.732944245391721e-05,0.07857902379338944,0.04674619367055133,0.10069577767149807,0.06886294754865996,0.1231095118005322,0.0912766816776941,2022-12-09
AVGO,2022-09-01,16.0,0.95,0.97,0.02105263157894739,beat,after close,1.2862579037931325,0.02887368696704708,-0.00028047090981330944,0.019742381108980404,-0.009411776767879985,0.0284273976351394,-0.0007267602417209904,0.006474993701675286,-0.022679164175185104,0.02696630435047409,-0.0002649660799152187,0.03675471794410645,0.009523447513717143,0.03634894579084347,0.009117675360454158,0.00909372446993717,-0.01813754596045214,0.032274308420318754,0.0025862966373234597,0.037621485914418384,0.00793347413142309,0.05620053610304665,0.026512524320051356,0.026219763647956973,-0.003468248135038321,2022-09-02
AVGO,2022-05-26,7.0,0.87,0.91,0.045977011494252915,beat,before open,1.3632577065101312,0.03262349114709768,0.024919484631697332,0.009852282831213269,0.002148276315812922,0.03602124830909566,0.02831724179369531,-0.033593724313830994,-0.04129773082923134,0.05050314739780393,0.03468893102950865,0.027118847880036157,0.011304631511740881,0.03901567463897859,0.023201458270683317,-0.020820007478808744,-0.03663422384710402,0.037172631330952166,0.02540022011020282,0.012557987415079519,0.0007855761943301731,0.03787195039387603,0.026099539173126685,-0.035399773626033304,-0.04717218484678265,2022-05-26
AVGO,2022-03-03,16.0,0.81,0.84,0.03703703703703693,beat,after close,1.503523080969054,0.04352691555475424,0.0015725545204783656,0.05266782526986365,0.01071346423558777,0.016699012726712866,-0.02525534830756301,0.0197478175563289,-0.022206543477946976,0.025225407763313057,-0.01295443130150975,0.036638309548047254,-0.0015415295167755527,0.03262416911664556,-0.005555669948177244,0.04852531726873488,0.010345478203912073,0.041733604836329596,-0.005839525722229677,0.05551586308875234,0.007942732530193064,0.03670033994990163,-0.010872790608657645,0.04731748143682735,-0.0002556491217319268,2022-03-04
AVGO,2021-12-09,16.0,0.78,0.78,0.0,inline,after close,1.5561883627175686,0.06642678493263043,-0.0018602267457694527,0.10672105115617939,0.0384340394777795,0.11637217486958862,0.04808516319118873,0.07645437732534181,0.008167365646941926,0.06630142247144033,-0.0070041884063772875,0.09976690581694947,0.026461294939131852,0.12918902365028495,0.055883412772467334,0.07335871751229128,5.310663447366526e-05,0.06165846371345496,-0.0009952818202840774,0.10936584650136272,0.04671210096762368,0.1227622591071097,0.06010851357337066,0.10396143759791598,0.04130769206417695,2021-12-10
ORCL,2026-06-10,16.0,1.96,2.11,0.07653061224489792,beat,after close,1.676395606408272,-0.12091377797254604,-0.008030450993804839,-0.13098674036935817,-0.018103413390616968,-0.2973208910858569,-0.1844375641071157,-0.4490871522999912,-0.33620382532125,-0.1075049126772315,-0.005245274344384487,-0.11458862194177277,-0.012328983608925759,-0.30146544996714464,-0.19920581163429762,-0.4432920316316452,-0.3410323932987982,-0.13103142035455673,-0.008515647411873495,-0.1653856553834271,-0.042869882440743856,-0.32302840435030433,-0.2005126314076211,-0.44058961916416683,-0.3180738462214836,2026-06-11
ORCL,2026-03-10,16.0,1.69,1.79,0.05917159763313615,beat,after close,1.3262834937206676,0.08872664266943914,-0.004454481594815818,0.05680400252078168,-0.036377121743473274,0.017101904713087403,-0.07607921955116756,-0.08417121378915365,-0.1773523380534086,0.08399746389272156,-0.009091612239195634,0.051123864808167996,-0.041965211323749196,0.01167647266929528,-0.08141260346262191,-0.07478863405374747,-0.16787771018566466,0.0812068988979181,-0.005833315835944597,0.040444755994061055,-0.04659545873980164,0.004022129348140391,-0.0830180853857223,-0.08726410227024461,-0.1743043170041073,2026-03-11
ORCL,2025-12-10,16.0,1.64,2.26,0.3780487804878048,beat,after close,1.3805022082404437,-0.1449734890687025,-0.03161948457981742,-0.19320314796886684,-0.07984914347998176,-0.1364434893975081,-0.02308948490862303,-0.12627588086581426,-0.012921876376929181,-0.1445676548577841,-0.03390484294416607,-0.18850225232588846,-0.07783944041227042,-0.11385541099568419,-0.00319259908206615,-0.08292609471870971,0.027736717194908334,-0.11895804571553803,-0.015732037456256398,-0.15592981015900675,-0.05270380189972512,-0.0944299889933976,0.008796019265884025,-0.05855538015685113,0.0446706281024305,2025-12-11
ORCL,2025-09-09,16.0,1.48,1.47,-0.006756756756756763,inline,after close,1.4460694770417186,0.27723768972937196,-0.07621646936528881,0.24739133482764403,-0.10606282426701674,0.25692831123299703,-0.09652584786166374,0.14883027198511764,-0.20462388710954313,0.2859413589306363,-0.07065596306271682,0.2645666386116585,-0.09203068338169462,0.28592811274141916,-0.07066920925193398,0.20443066149854416,-0.15216666049480898,0.2756460503320741,-0.06571423705396051,0.2552248743862242,-0.08613541299981042,0.2549928764849173,-0.08636741090111733,0.14836402265091564,-0.192996264735119,2025-09-10
ORCL,2025-06-11,16.0,1.64,1.7,0.03658536585365857,beat,after close,1.4164532243286583,0.21897519564566267,0.0920863722808738,0.17164309895042015,0.044754275585631276,0.14564500373196243,0.018756180367173553,0.20863692331566427,0.0817480999508754,0.21718147038460078,0.0880339782454499,0.17162650658766443,0.04247901444851354,0.16292118040544246,0.03377368826629157,0.23864640495936307,0.10949891282021218,0.21471362830956198,0.09087057433679224,0.16175155184508117,0.03790849787231143,0.1437332395109513,0.01989018553818156,0.21599794526324523,0.0921548912904755,2025-06-12
ORCL,2025-03-10,16.0,1.49,1.47,-0.01342281879194632,inline,after close,1.454466695022317,0.017433350298629434,0.03757368929117079,-0.002063814499156727,0.01807652449338463,-0.020050694428036038,8.964456450531733e-05,-0.028761639702938414,-0.008621300710397059,0.018562199478012853,0.04123280610578184,0.005976895837543905,0.02864750246531289,0.007244367888291858,0.029914974516060844,-0.054495257819079046,-0.03182465119131006,0.003879094957414786,0.03080014629879968,-0.0074679916776685396,0.019453059663716354,-0.00841464793385116,0.018506403407533734,-0.025231094661700815,0.0016899566796840793,2025-03-11
ORCL,2024-12-09,16.0,1.48,1.47,-0.006756756756756763,inline,after close,1.3136344439427883,-0.06945252106345864,-0.006114532113492208,-0.11595959290131691,-0.052621603951350474,-0.10747095540752166,-0.044132966457555226,-0.1681858964086522,-0.10484790745868576,-0.06663221342742998,-0.00300452041968291,-0.1120289316443448,-0.04840123863659773,-0.10042574349882338,-0.03679805049107632,-0.1652051653629284,-0.10157747235518133,-0.06262967140016307,-0.009768454564513362,-0.11586566251078623,-0.06300444567513652,-0.10993642501479339,-0.05707520817914369,-0.16031039939625769,-0.10744918256060798,2024-12-10
ORCL,2024-09-09,16.0,1.33,1.39,0.04511278195488709,beat,after close,1.3810798570281142,0.10368836522196472,-0.005282354437113029,0.1498637340948848,0.04089301443580705,0.11881333214187671,0.009842612482798968,0.17149036143869822,0.06251964177962048,0.1080363398712938,-0.0019836041617935507,0.15768780997508114,0.04766786594199379,0.1303407552815472,0.020320811248459858,0.17822822228538449,0.06820827825229714,0.07356189324333617,-0.025856790953893594,0.1312241916938809,0.03180550749665112,0.09924711931315988,-0.0001715648840698858,0.13076507151412287,0.0313463873168931,2024-09-10
ORCL,2024-06-11,16.0,1.65,1.63,-0.012121212121212133,inline,after close,1.3545761431420418,0.11718110694094179,-0.005694760619742362,0.13137218980043183,0.00849632223974768,0.11354900114898052,-0.009326866411703633,0.12387355147189479,0.000997683911210634,0.11919164677227301,-0.0057886098503238115,0.13312717035885857,0.008146913736261752,0.1120042296739302,-0.012976026948666619,0.12304063881617022,-0.0019396178064265968,0.09938917112202661,-0.011685060134976832,0.11279598712385452,0.0017217558668510824,0.10234001537284143,-0.008734215884162011,0.10515917395864349,-0.005915057298359949,2024-06-12
ORCL,2024-03-11,16.0,1.38,1.41,0.02173913043478263,beat,after close,1.1374910159706186,0.09059467717628213,-0.014360778521952888,0.1153871855367471,0.01043172983851208,0.08584137684282013,-0.019114078855414884,0.0584844991445254,-0.046470956553709614,0.09246969226245805,-0.014270560227192308,0.11885054289021302,0.012110290400562662,0.0916650832317858,-0.015075169257864562,0.0661499490483759,-0.040590303441274456,0.09195936507080538,-0.005033500322796702,0.12579164232189843,0.028798776928296355,0.10316396664380423,0.006171101250202149,0.0827638240464591,-0.014229041347142979,2024-03-12
ORCL,2023-12-11,16.0,1.33,1.34,0.0075187969924812095,inline,after close,1.0234551220797743,-0.12348373066484489,0.00654166078584037,-0.10879279412615012,0.02123259732453514,-0.11997497038334687,0.010050421067338389,-0.13622974874390234,-0.006204357293217083,-0.12111364850474204,0.007834860699393431,-0.10223247679007885,0.026716032414056623,-0.10847992623474956,0.020468582969385918,-0.11504087480179459,0.013907634402340885,-0.11820568179709501,0.012814187974820035,-0.0954260896342144,0.03559378013770065,-0.09954538465404428,0.031474485117870765,-0.10071124134468046,0.030308628427234585,2023-12-12
ORCL,2023-09-11,16.0,1.15,1.19,0.03478260869565221,beat,after close,0.8340957568822581,-0.1141080323632485,0.017821403155457147,-0.10767487605940405,0.024254559459301592,-0.15487430767748406,-0.022944872158778412,-0.14150492566207143,-0.009575490143365784,-0.11028929486590244,0.01917901843476222,-0.09683679837000991,0.03263151493065475,-0.12990092896408745,-0.00043261566342278623,-0.10440066478251742,0.025067648518147245,-0.09899439295162427,0.017823497860658177,-0.08276165505006527,0.03405623576221717,-0.11067103985682247,0.00614685095545997,-0.1098562627175802,0.0069616280947022435,2023-09-12
ORCL,2023-06-12,16.0,1.58,1.67,0.056962025316455604,beat,after close,0.7846168400543545,0.040937590952640296,0.045468947058098216,0.035573936050354166,0.040105292155812086,-0.0209021254590915,-0.01637076935363358,-0.04757939506927662,-0.0430480389638187,0.04227253833965561,0.04671816755316849,0.043216017952153685,0.047661647165666565,-0.00647068123196981,-0.00202505201845693,-0.02453805196749148,-0.0200924227539786,0.03366997628597357,0.037595344786668594,0.050217638554428734,0.05414300705512376,-0.0064666176746628334,-0.002541249173967808,-0.026092434206445136,-0.02216706570575011,2023-06-13
ORCL,2023-03-09,16.0,1.2,1.22,0.016666666666666684,inline,after close,0.8646646969595109,-0.010386148382423369,0.010415848723263059,-0.024196869358639593,-0.0033948722529531655,-0.010390313535107382,0.010411683570579046,0.017637956506085805,0.03843995361177223,-0.006147908850466899,0.01165502067208024,-0.01795630494052436,-0.00015337541797721954,-0.0009436788885495151,0.016859250633997624,0.03285368593487459,0.05065661545742173,-0.009869667835097129,0.004779375634399674,-0.05585756635813788,-0.041208522888641075,-0.0435819248985011,-0.028932881429004298,0.0038261735933713403,0.018475217062868143,2023-03-10
ORCL,2022-12-12,16.0,1.17,1.21,0.03418803418803422,beat,after close,0.9432877669009679,0.006267649560139026,0.021969076286987695,0.03789494209079841,0.05359636881764708,0.041331567594533505,0.057032994321382174,0.0988772177776931,0.11457864450454176,0.00560604261983455,0.02203421620380841,0.038503656807382325,0.054931830391356185,0.041016346203584964,0.05744451978755882,0.09257439124827294,0.1090025648322468,0.003393641341764675,0.02406351195652401,0.05537199714193641,0.07604186775669575,0.08115969912432563,0.10182956973908497,0.11546807084783162,0.13613794146259095,2022-12-13
ORCL,2022-09-12,16.0,1.08,1.03,-0.046296296296296335,miss,after close,0.9701871732896278,-0.02656921620135677,-0.05525840399791962,-0.061111785425042045,-0.0898009732216049,-0.09417372571733827,-0.12286291351390112,-0.07321867756204457,-0.10190786535860742,-0.025377747989719812,-0.05536771892175041,-0.05922560687404621,-0.0892155778060768,-0.09062430031314839,-0.12061427124517898,-0.06921353868839242,-0.09920350962042301,-0.015596240580581733,-0.055188254053146424,-0.04584787493610143,-0.08543988840866612,-0.08775828938736052,-0.1273503028599252,-0.03190083705546298,-0.07149285052802767,2022-09-13
ORCL,2022-06-13,16.0,1.38,1.54,0.11594202898550736,beat,after close,1.0136525291645844,0.07828681060908661,-0.02888926541353541,0.03971333555493397,-0.06746274046768805,0.06390156055135658,-0.04327451547126544,0.07829869694428676,-0.028877379078335264,0.07847147554782041,-0.02867904698360979,0.03985685826909713,-0.06729366426233307,0.06434868029961816,-0.04280184223181205,0.07881866058698561,-0.028331861944444592,0.062309100536341866,-0.035522267979156474,0.026459204514778456,-0.07137216400071988,0.051241952077158315,-0.046589416438340026,0.049323319502918794,-0.048508049012579546,2022-06-14
ORCL,2022-03-10,16.0,1.18,1.13,-0.04237288135593224,miss,after close,0.9750065736768802,0.024196527636321352,-0.0029885831141615755,0.01561866745660468,-0.011566443293878247,-0.0036552302610809145,-0.03084034101156384,-0.002651726846722685,-0.029836837597205613,0.02564981483063522,-0.002329506812978499,0.01728737736761221,-0.010691944276001508,-6.651270807989107e-05,-0.02804583435169361,0.00597480397467598,-0.02200451766893774,0.04175454577835447,0.008896228322233024,0.007364990472670918,-0.025493326983450526,-0.01401176137731186,-0.046870078833433304,0.017210120031825427,-0.015648197424296018,2022-03-11
ORCL,2021-12-09,16.0,1.11,1.21,0.09009009009008996,beat,after close,0.604354132914363,0.135584807632589,-0.013230330905828286,0.09518268164348376,-0.05363245689493354,-0.010184135337894092,-0.15899927387631138,-0.009894416627695704,-0.15870955516611301,0.13862459175958064,-0.008095858357737629,0.10898135063383563,-0.03773909948348264,-0.0030730902150701844,-0.14979354033238845,0.023289064232493994,-0.12343138588482427,0.13398163300159527,-0.0020869517716444186,0.11858029131824888,-0.01748829345499081,-0.00949985475824544,-0.14556843953148513,0.053891784318118696,-0.08217680045512099,2021-12-10
CRM,2026-05-27,16.0,3.13,3.88,0.23961661341853036,beat,after close,0.704117541312617,0.07654634297992562,0.08548658981778766,0.08024502710676776,0.0891852739446298,-0.010977348631979328,-0.002037101794117282,-0.026348269282103497,-0.01740802244424145,0.06919083605548226,0.08225639016641928,0.06266809306178556,0.07573364717272257,-0.03354862290313676,-0.020483068792199743,-0.07120812571350466,-0.05814257160256764,0.041759921875415884,0.06243039334984135,0.02433354446048286,0.045004015934908326,-0.04786334949145932,-0.02719287801703385,-0.08682967207515069,-0.06615920060072522,2026-05-28
CRM,2026-02-25,16.0,3.05,3.81,0.24918032786885255,beat,after close,1.002817277328095,0.029936174170931747,-0.017270668565654044,0.07673591786309522,0.02952907512650943,0.0962306903362331,0.04902384759964731,0.0712386679941151,0.02403182525752931,0.027154826880185667,-0.018660282227715874,0.06843116734654175,0.022616058238640213,0.08098242220770402,0.03516731309980248,0.04214855166877329,-0.0036665574391282485,0.04673988321481548,-0.007505876645649723,0.0707987583202716,0.0165529984598064,0.07723051514206791,0.02298475528160271,0.046823633645428964,-0.00742212621503624,2026-02-26
CRM,2025-12-03,16.0,2.86,3.25,0.1363636363636364,beat,after close,1.021761826029878,0.08974198904355607,0.05245733578062163,0.09714880282247854,0.0598641495595441,0.10792250845563192,0.07063785519269748,0.09715918443206685,0.05987453116913241,0.08695976460688026,0.051078934454774405,0.0887984493911006,0.05291761923899474,0.09207203183175838,0.056191201679652525,0.06753745281285062,0.03165662266074476,0.07854820870814372,0.045660510494036854,0.07612428532964333,0.04323658711553646,0.10453350628284641,0.07164580806873955,0.07620243369002333,0.043314735475916466,2025-12-04
CRM,2025-09-03,16.0,2.78,2.91,0.04676258992805768,beat,after close,1.075390894382072,-0.02617976655771569,0.03104691423715249,-0.059441172114796416,-0.0022144913199282357,-0.0717575009561129,-0.014530820161244719,-0.10443587094142102,-0.047209190146552844,-0.026307078602162193,0.03055904317529301,-0.0594426089304233,-0.002576487152968099,-0.07257559768989574,-0.01570947591244054,-0.10694566329588961,-0.05007954151843441,-0.026619249152400992,0.026825269665533114,-0.07470185363632331,-0.021257334818389206,-0.09948775688448652,-0.04604323806655242,-0.15785903193786588,-0.10441451311993177,2025-09-04
CRM,2025-05-28,16.0,2.55,2.58,0.01176470588235304,inline,after close,1.0560516376163784,-0.04150529255675613,-0.004479530641821813,-0.04057044181791911,-0.003544679902984793,-0.05910528005883748,-0.02207951814390316,-0.05324314708148673,-0.01621738516655241,-0.04163978661960921,-0.004688749905556455,-0.04094163946725393,-0.003990602753201178,-0.059202339646425295,-0.02225130293237254,-0.053596683490013564,-0.01664564677596081,-0.03738900874620765,-0.0026987693859105155,-0.05296664619306024,-0.018276406832763104,-0.08029020805118636,-0.045599968690889225,-0.08856805462288464,-0.0538778152625875,2025-05-29
CRM,2025-02-26,16.0,2.61,2.78,0.06513409961685822,beat,after close,1.4103657947604362,-0.029121594786186554,-0.011597863192797916,-0.015968742981157594,0.0015549886122310438,-0.010317904652055959,0.007205826941332679,-0.027627826146920054,-0.010104094553531416,-0.03008508359330231,-0.005602409682036402,-0.033487655025436824,-0.009004981114170918,-0.04521420315544766,-0.020731529244181757,-0.053640165811124074,-0.029157491899858168,-0.007242823786980934,-0.003204827796056131,-0.0021047395448492434,0.0019332564460755597,-0.01585869263285089,-0.011820696641926087,-0.013983442761002718,-0.009945446770077915,2025-02-27
CRM,2024-12-03,16.0,2.45,2.41,-0.01632653061224491,inline,after close,1.3964414092432333,0.0874192594133068,-0.014600427023266388,0.07085045136730717,-0.031169235069266027,0.07468598414651756,-0.027333702290055634,0.051020971448196055,-0.05099871498837714,0.08774181007514015,-0.015996222691250672,0.06874169097442473,-0.03499634179196609,0.05498308902531435,-0.04875494374107647,0.02917454115590079,-0.07456349161049003,0.0790795879530487,-0.012582416237766458,0.06347037990456827,-0.028191624286246886,0.044321721865339336,-0.047340282325475824,0.014659942485773514,-0.07700206170504165,2024-12-04
CRM,2024-08-28,16.0,2.36,2.56,0.08474576271186449,beat,after close,1.5014485685840087,-0.03656403708267817,-0.02972720200944716,-0.006984204307231399,-0.00014736923400038727,-0.020458746392230505,-0.013621911318999494,0.04225238345851785,0.049089218531748864,-0.03292749009066276,-0.025537905726440546,-0.026743055476871835,-0.019353471112649623,-0.02342023024273543,-0.016030645878513217,0.04330556109813766,0.05069514546235987,-0.0275588191334718,-0.029282605320599564,0.01270085086116901,0.010977064674041248,-0.023276995011408452,-0.025000781198536215,0.04000574407829438,0.03828195789116662,2024-08-29
CRM,2024-05-29,16.0,2.37,2.44,0.029535864978902884,beat,after close,1.3758172499489194,-0.1251104379781929,0.06298330238684488,-0.10818264307043282,0.07991109729460497,-0.18494125926138463,0.003152481103653154,-0.07452920452978182,0.11356453583525597,-0.12448214801552404,0.06625546589055609,-0.10297147376054971,0.08776614014553041,-0.17503159809859836,0.015706015807481766,-0.06366958070490836,0.12706803320117177,-0.10076113891393246,0.07379094299832922,-0.08893886000254658,0.0856132219097151,-0.19999304198057366,-0.02544096006831198,-0.0818975108929082,0.09265457101935348,2024-05-30
CRM,2024-02-28,16.0,2.27,2.29,0.008810572687224677,inline,after close,1.2547010916125714,0.03771163013127996,0.013176138409985869,-0.017003316943653562,-0.041538808664947656,-0.018814193472890164,-0.04334968519418426,-0.060099904623689436,-0.08463539634498353,0.0433061893197213,0.01671118561839613,-0.005833026271724884,-0.032428029973050054,-0.0018352040936493452,-0.028430207794974516,-0.026869783277715498,-0.05346478697904067,0.02688866091364983,0.007836725825652868,-0.017455385367971532,-0.036507320455968495,-0.005378809574501209,-0.02443074466249817,-0.010971804372092442,-0.030023739460089405,2024-02-29
CRM,2023-11-29,16.0,2.06,2.11,0.024271844660194088,beat,after close,1.2394794325062175,0.1116842176955899,0.023917289712968887,0.0672088495398846,-0.02055807844273641,0.059037883404327314,-0.028729044578293693,0.05959438033775084,-0.02817254764487017,0.11585556035535394,0.02623985352603886,0.07456147270546187,-0.015054234123853205,0.07804553130261238,-0.011570175526702697,0.09034431153320643,0.0007286047038913557,0.12198019361099166,0.02988732868292643,0.08133623540162893,-0.010756629526436301,0.0843150723277889,-0.007777792600276334,0.09631906995905548,0.004226205030990249,2023-11-30
CRM,2023-08-30,16.0,1.9,2.12,0.11578947368421064,beat,after close,1.293893429474271,0.027424199077976295,-0.0032108127201863554,0.05398869292863321,0.02335368113047056,0.0041262563284470925,-0.02650875546971556,-0.01636583451399118,-0.04700084631215383,0.029769454867942358,-0.0015490341698316534,0.057082872278582664,0.025764383240808653,0.012444848151596077,-0.018873640886177934,-0.007542504889331725,-0.038860993927105736,0.02223436529549483,-0.0027581494847968013,0.056312212309445386,0.031319697529153756,0.0328786088808255,0.00788609410053387,0.003993163438649638,-0.020999351341641992,2023-08-31
CRM,2023-05-31,16.0,1.61,1.69,0.049689440993788726,beat,after close,1.4476673284714563,-0.08218373992893359,-0.020919356076734986,-0.10430516415156567,-0.04304078029936707,-0.140161787106868,-0.0788974032546694,-0.15569166579159543,-0.09442728193939684,-0.07026692250248301,-0.013850625208994716,-0.08873191980322104,-0.032315622509732744,-0.10771501865950772,-0.05129872136601943,-0.11485350097868441,-0.058437203685196115,-0.06219506541560249,-0.005114006534071347,-0.0676971116998597,-0.010616052818328559,-0.11160444394634172,-0.05452338506481058,-0.11156514541647444,-0.0544840865349433,2023-06-01
CRM,2023-03-01,16.0,1.36,1.68,0.23529411764705868,beat,after close,1.4509689448773313,0.08114221908227659,-0.023335106405869804,0.08809549305025258,-0.016381832437893817,0.12331381353729146,0.01883648804914506,0.14663400141720687,0.04215667592906047,0.09029581460174796,-0.016895645930645187,0.07989177604168385,-0.027299684490709297,0.1165407405983675,0.009349280065974352,0.14243161176650032,0.035240151234107175,0.08028525498415673,-0.022360747036607065,0.05214032632425514,-0.050505675696508656,0.06118792395454142,-0.04145807806622237,0.07192478484604692,-0.030721217174716875,2023-03-02
CRM,2022-11-30,16.0,1.22,1.4,0.14754098360655732,beat,after close,1.4898603896791691,-0.09474132616156425,-0.014016661895181845,-0.15422867373669355,-0.07350400947031115,-0.12233180354979484,-0.041607139283412434,-0.07628316029076934,0.004441503975613062,-0.09739236873197721,-0.015444564132366834,-0.17319979157087806,-0.09125198697126768,-0.1536197566452413,-0.07167195204563093,-0.12280317364126325,-0.04085536904165288,-0.09487709998981853,-0.01079602313132677,-0.17021374268111655,-0.0861326658226248,-0.14865438428528122,-0.06457330742678946,-0.0978817808021668,-0.013800703943675052,2022-12-01
CRM,2022-08-24,16.0,1.03,1.19,0.15533980582524265,beat,after close,1.5614179223158176,-0.05112517546495396,0.003873240652083637,-0.08552750210977761,-0.030529085992740013,-0.0626386141136226,-0.00764019799658501,-0.004060143787921827,0.05093827232911577,-0.06406621164749382,-0.016061853271377546,-0.11458096385543992,-0.06657660547932365,-0.08191155229610492,-0.03390719391998864,-0.0855489957387392,-0.037544637362622924,-0.058004233805620364,-0.007206123525152819,-0.09230553969973332,-0.04150742941926577,-0.05348180974225614,-0.002683699461788591,-0.05274321957406536,-0.0019451092935978131,2022-08-25
CRM,2022-05-31,16.0,0.94,0.98,0.04255319148936174,beat,after close,1.5482137720841864,0.15424982740671478,0.04174174944427432,0.18645767869041807,0.07394960072797761,0.2040646364729624,0.09155655851052195,0.20113153262929295,0.0886234546668525,0.15786362045629598,0.05098565229506202,0.17725838698977336,0.0703804188285394,0.14530071258025345,0.038422744419019494,0.1308611461399467,0.023983177978712744,0.14759957142627644,0.045819677226772715,0.17555731892820392,0.07377742472870019,0.14614843293622404,0.04436853873672031,0.13998993060929088,0.03821003640978715,2022-06-01
CRM,2022-03-01,16.0,0.75,0.84,0.11999999999999995,beat,after close,1.3485041705738419,-0.03632613416400515,-0.019396734783046293,-0.014118341616386157,0.0028110577645727025,-0.023592366678012414,-0.006662967297053554,-0.04329765156169045,-0.02636825218073159,-0.03304451891117277,-0.02182903490968746,-0.020029524968272816,-0.008814040966787506,-0.02615034744651945,-0.014934863445034141,-0.03356965177861271,-0.0223541677771274,-0.0293559866034222,-0.014879827895919129,-0.015314315598190631,-0.000838156890687558,-0.014292134718346006,0.0001840239891570672,-0.0363042559909138,-0.02182809728341073,2022-03-02
CRM,2021-11-30,16.0,0.92,1.27,0.3804347826086956,beat,after close,0.9845956628219112,-0.08381546129203676,0.023078257879566466,-0.0915850133210791,0.01530870585052413,-0.11901936750864137,-0.012125648337038136,-0.1557605413143811,-0.04886682214277788,-0.08306038551644856,0.02325227785206918,-0.08959792909177322,0.016714734276744525,-0.11502175040785578,-0.008709087039338037,-0.1479057192922294,-0.04159305592371165,-0.07435410826819056,0.02937441981154376,-0.0866842661651549,0.017044261914579417,-0.11403852357730349,-0.010309995497569169,-0.13873337932098784,-0.03500485124125352,2021-12-01
ADBE,2026-06-11,16.0,5.81,5.96,0.025817555938037928,beat,after close,0.7052967912061218,-0.06677847674593118,0.0018092087859391814,-0.10340902366873522,-0.03482133813686486,-0.027505922675136296,0.041081762856734066,0.059999034009675684,0.12858671954154605,-0.07912303882188376,-0.00616456380255026,-0.1235609748142561,-0.050602499794922595,-0.06027657957270138,0.012681895446632119,-0.004866488098882682,0.06809198692045082,-0.10258401686544838,-0.02635516877862587,-0.16215434263072803,-0.08592549454390552,-0.06885103622391653,0.007377811862905981,0.008734529562460569,0.08496337764928308,2026-06-12
ADBE,2026-03-12,16.0,5.87,6.06,0.03236797274275971,beat,after close,0.8044333450588412,-0.06560635033214321,0.0038405585811071563,-0.04985245059062045,0.019594458322629918,-0.07682715669732275,-0.007380247784072383,-0.09668437613417226,-0.027237467220921893,-0.07016848540327736,1.0902977072291264e-05,-0.05627228863043854,0.013907099749911112,-0.0881035583780383,-0.017924169997688644,-0.14193680496205974,-0.07175741658171009,-0.07258062551163724,-0.004286010734440238,-0.061684814403376476,0.006609800373820529,-0.07725674901694501,-0.00896213423974801,-0.1673472955497891,-0.0990526807725921,2026-03-13
ADBE,2025-12-10,16.0,5.4,5.5,0.01851851851851845,inline,after close,0.8800660317579488,0.050431770148847095,0.028894594826719827,0.06505088359153569,0.04351370826940842,0.05056720163176289,0.029030026309635623,-0.007745739483545337,-0.029282914805672605,0.04682163928990257,0.027873831681729522,0.053122528538755875,0.034174720930582825,0.024295291319655465,0.005347483711482415,-0.0579727835175603,-0.07692059112573335,0.07243124843214865,0.04604663716963919,0.08569497070563759,0.059310359443128124,0.04372071332194205,0.01733610205943259,-0.033602068955701725,-0.059986680218211186,2025-12-11
ADBE,2025-09-11,16.0,5.18,5.31,0.025096525096525078,beat,after close,0.9264744635813796,-0.009367440414762989,-0.008842037945036074,0.04771956546579981,0.048244967935526725,0.04833034775214512,0.04885575022187204,0.021738154407122286,0.0222635568768492,-0.014852978849254517,-0.011792826890533403,0.0314815250934668,0.034541677052187914,0.01949987065326464,0.022560022611985753,-0.03173279206651425,-0.028672640107793135,-0.018207068502997803,-0.015476499814424782,0.014640931394362955,0.017371500082935976,-0.0012864619016295098,0.001444106786943511,-0.06504727363791962,-0.0623167049493466,2025-09-12
ADBE,2025-06-12,16.0,4.97,5.06,0.018108651911468786,inline,after close,0.9340725616332328,-0.024228698240524184,0.017640615538482403,-0.07368091808917043,-0.031811604310163846,-0.0788281665499529,-0.03695885277094631,-0.13573468808162176,-0.09386537430261517,-0.025856654521710154,0.016144474720059643,-0.07870750023830564,-0.03670637099653584,-0.09012302500104907,-0.048121895759279276,-0.1561817523992105,-0.11418062315744071,-0.029686667538826872,0.009477865611600578,-0.08480217533573553,-0.04563764218530808,-0.10903491165492252,-0.06987037850449507,-0.18667876353565416,-0.1475142303852267,2025-06-13
ADBE,2025-03-12,16.0,4.97,5.08,0.02213279678068417,beat,after close,1.1588353579435657,-0.09853246780272772,0.022671307433324933,-0.10945487902783714,0.011748896208215509,-0.0898468137985591,0.031356961437493544,-0.10909373844344192,0.012110036792610732,-0.1011291808435475,0.024072064985495967,-0.11879346783202527,0.006407777997018194,-0.10762534380985822,0.01757590201918524,-0.15652828641986627,-0.03132704059082281,-0.10505480475295825,0.01448602533054677,-0.11544655707267248,0.004094273010832539,-0.0916637155367952,0.027877114546709825,-0.13908608376438392,-0.019545253680878893,2025-03-13
ADBE,2024-12-11,16.0,4.67,4.81,0.029978586723768668,beat,after close,1.2087483319875296,-0.1449468313550385,-0.016422096335373115,-0.16208076736338556,-0.03355603234372018,-0.15289491656176118,-0.024370181542095803,-0.18274403256702887,-0.05421929754736349,-0.15041125262788446,-0.018637238216438923,-0.1824942782834228,-0.050720263871977256,-0.18028292597774398,-0.04850891156629844,-0.2363418791499322,-0.10456786473848667,-0.15444955543610006,-0.02312110978102655,-0.18926777025865038,-0.05793932460357687,-0.19162625217472284,-0.06029780651964933,-0.22808338976867537,-0.09675494411360186,2024-12-12
ADBE,2024-09-12,16.0,4.54,4.65,0.024229074889867912,beat,after close,1.3538446333395862,-0.12014548420235896,-0.029502297658182686,-0.13057504721742264,-0.03993186067324636,-0.14559882723037576,-0.054955640686199486,-0.19163869946998469,-0.10099551292580841,-0.12002710806062566,-0.030105812454294556,-0.1304395135239943,-0.04051821791766319,-0.14908791565103952,-0.05916662004470841,-0.2013247282861228,-0.11140343267979169,-0.11453215833695674,-0.02481833809980616,-0.1259083232196645,-0.03619450298251392,-0.15232349253302924,-0.06260967229587866,-0.2159614971974667,-0.12624767696031614,2024-09-13
ADBE,2024-06-13,16.0,4.4,4.48,0.018181818181818195,inline,after close,1.5033322318288271,0.12168599083549338,-0.02349287378572444,0.1435566222954563,-0.0016222423257615248,0.20812806188600086,0.06294919726478304,0.1768804147336851,0.03170155011246728,0.12404045175370215,-0.020465824909575492,0.13959589034853292,-0.004910386314744719,0.20168791059835633,0.05718163393507869,0.1784415512175349,0.033935274554257266,0.11370704710798751,-0.027660353349001854,0.1607406390174484,0.019373238560459027,0.20292058260147672,0.06155318214448735,0.19057652626237775,0.04920912580538839,2024-06-14
ADBE,2024-03-14,16.0,4.38,4.48,0.022831050228310626,beat,after close,1.65794111288893,-0.09386770916549192,0.03253311891483743,-0.15283667625923233,-0.026435848178902988,-0.15598660521247762,-0.029585777132148272,-0.17525197525497624,-0.04885114717464689,-0.09233799109372531,0.03751204760238602,-0.13636384588889305,-0.006513807192781718,-0.13294473831094755,-0.003094699614836216,-0.1639597713287715,-0.03410973263266015,-0.0830886846026041,0.03854036829635654,-0.12832267828516997,-0.006693625386209323,-0.11802746785234497,0.003601585046615674,-0.1482578682660165,-0.026628815367055858,2024-03-15
ADBE,2023-12-13,16.0,4.14,4.27,0.03140096618357486,beat,after close,1.6558614923916914,-0.0694332603376745,0.001071332089436966,-0.06189942572339162,0.008605166703719844,-0.08556605325340456,-0.015061460826293102,-0.09889272860050848,-0.028388136173397013,-0.06496155856899855,0.0017148415305610065,-0.0457264127730993,0.02094998732646025,-0.05715387422200624,0.009522525877553312,-0.05365315595684428,0.013023244142715273,-0.06597367195507875,-0.004964584892678481,-0.04232295536089148,0.01868613170150879,-0.05178134378417443,0.009227743278225842,-0.05094242378912828,0.010066663273271992,2023-12-14
ADBE,2023-09-14,16.0,3.98,4.1,0.030150753768844137,beat,after close,1.4565068426573498,-0.021894385822535285,0.004260369880637181,-0.02065443149993037,0.005500324203242098,-0.024389795209959528,0.0017649604932129387,0.021399584962250986,0.04755434066542345,-0.024007616033311252,0.006087692003602152,-0.030244817138629032,-0.00014950910171562803,-0.0292486812156022,0.0008466268213112027,0.03652773954305277,0.06662304757996618,-0.021054380380342352,0.0018683086634843082,-0.02797617769873062,-0.005053488654903959,-0.030974154623763517,-0.008051465579936856,0.0155404905526908,0.03846317959651746,2023-09-15
ADBE,2023-06-15,16.0,3.79,3.91,0.03166226912928763,beat,after close,1.428829980388619,0.0038572286236820963,-0.010558060061437877,0.01322484257922428,-0.0011904461058956928,-0.010834018333441706,-0.02524930701856168,0.057858183997641116,0.04344289531252114,-0.0015288881031662038,-0.013633211874293227,-0.001205633687795471,-0.013309957458922494,-0.01735416746004126,-0.029458491231168282,0.0528355145547289,0.04073119078360188,0.004880580607058649,-0.012063346394123875,0.016706124782336462,-0.00023780221884606156,-0.006897716573307511,-0.023841643574490035,0.047999659090443014,0.03105573208926049,2023-06-16
ADBE,2023-03-15,16.0,3.68,3.8,0.03260869565217382,beat,after close,1.3894466753586232,0.0650766438690759,0.030218755415161086,0.08558970859848912,0.05073182014457431,0.08453196131635196,0.04967407286243715,0.05092612802722312,0.01606823957330831,0.06686658188663963,0.02542051293740122,0.08967342028481617,0.04822735133557776,0.09774279675452702,0.056296727805288604,0.07014055014207199,0.028694481192833576,0.046059746377927424,0.015120618446185063,0.06017779303529269,0.029238665103550332,0.07208184546040364,0.04114271752866128,0.06727738766771019,0.036338259735967826,2023-03-16
ADBE,2022-12-15,16.0,3.5,3.6,0.0285714285714286,beat,after close,1.4049053941111054,0.03215396464624751,-0.015656773487003756,0.05608003539712551,0.00826929726387425,0.06612332547801451,0.01831258734476325,0.05406259018346292,0.0062518520502116565,0.021301677876295777,-0.02040938469844511,0.04311164580615079,0.001400583231409902,0.04444693176374592,0.0027358691890050357,0.0306253609646302,-0.011085701610110688,0.027586764291263055,-0.01555443093360065,0.06330234320205386,0.020161147977190153,0.0696752369887832,0.02653404176391949,0.034576528189785294,-0.00856466703507841,2022-12-16
ADBE,2022-09-15,8.0,3.34,3.4,0.017964071856287442,inline,before open,1.4861750223234849,-0.16796778378199126,-0.01836156002681702,-0.16028886035532267,-0.010682636600148426,-0.13843717309532294,0.011169050659851298,-0.07959357404519245,0.07001264970998179,-0.1801015771780905,-0.023523106456520337,-0.19260793581361646,-0.0360294650920463,-0.19280516994546726,-0.036226699223897096,-0.14337733268790487,0.013201138033665294,-0.17049841990600434,-0.025589259462854286,-0.18905133658731854,-0.04414217614416849,-0.1854412980279333,-0.040532137584783245,-0.12073128605563455,0.024177874387515508,2022-09-15
ADBE,2022-06-16,16.0,3.31,3.35,0.012084592145015116,inline,after close,1.5422235112535443,-0.04509995154695153,-0.03137497512220259,-0.04548976373587666,-0.031764787311127717,-0.023603060851966028,-0.009878084427217083,-0.021189512336757883,-0.007464535912008938,-0.03298268826381434,-0.01907596931750355,-0.01927509741221267,-0.00536837846590188,-0.013309198166167935,0.0005975207801428573,-0.00952081609627764,0.004385902850033152,-0.0402508458961891,-0.019349422491016455,-0.030510600535177956,-0.009609177130005309,-0.015011553617659046,0.005889869787513602,-0.031040987481756432,-0.010139564076583785,2022-06-17
ADBE,2022-03-22,16.0,3.34,3.37,0.008982035928143787,inline,after close,1.4769127544912883,-0.07411459126587187,-9.218509330112534e-05,-0.03547091886405018,0.038551487308520566,-0.02827020698858359,0.04575219918398716,-0.057875791041412605,0.016146615131158143,-0.07371165027886939,0.006774797792989284,-0.027680370914440644,0.05280607715741803,-0.0347866089695964,0.045699839102262274,-0.07647131289219544,0.004015135179663232,-0.08212517390654372,-0.004139003119362217,-0.03711832523182479,0.04086784555535672,-0.02735182397208824,0.05063434681509327,-0.041493014964963604,0.036493155822217904,2022-03-23
ADBE,2021-12-16,8.0,3.2,3.2,0.0,inline,before open,1.2318966650508214,-0.09455153902072773,-0.0035411990231536405,-0.0998058706419012,-0.008795530644327115,-0.11537305586639367,-0.02436271586881958,-0.17022075492833066,-0.07921041493075658,-0.09914665579349291,-0.006050321442758633,-0.09915102440155865,-0.006054690050824374,-0.11275982513167271,-0.01966349078093843,-0.17298999266230408,-0.0798936583115698,-0.08357915539911431,-0.010007262092650238,-0.09230889081705573,-0.018736997510591658,-0.10222613585849372,-0.02865424255202964,-0.13723008123706548,-0.0636581879306014,2021-12-16
CSCO,2026-08-12,16.0,1.17,1.22,0.04273504273504278,beat,after close,1.021994854784983,-0.10862327652762048,-0.01560559735755368,-0.11654532109605634,-0.023527641925989537,-0.11388157690761663,-0.020863897737549833,-0.12233949993322038,-0.02932182076315358,-0.10480577196798391,-0.013795351957500812,-0.10570383942322137,-0.014693419412738273,-0.09352648493322646,-0.0025160649227433662,-0.08363760675093379,0.0073728132595493046,-0.105937420090218,-0.011791192030791264,-0.08794946598395703,0.006196762075469708,-0.09500785039463511,-0.0008616223352083674,-0.08935970016908734,0.004786527890339398,2026-08-13
CSCO,2026-05-13,16.0,1.04,1.06,0.019230769230769246,inline,after close,0.9306197906617647,0.15957481436268495,0.03361050682651848,0.1528864345718873,0.026922127035720833,0.1509940569027299,0.025029749366563436,0.17169030110915334,0.04572599357298687,0.16142485233010662,0.035226675413025155,0.15752504250457222,0.03132686558749076,0.158263597134346,0.03206542021726455,0.18809370749301368,0.06189553057593222,0.16035557435699954,0.04124756558263165,0.1477722770970903,0.028664268322722397,0.09895759702541129,-0.020150411748956598,0.13863352190833378,0.01952551313396589,2026-05-14
CSCO,2026-02-11,16.0,1.02,1.04,0.01960784313725492,inline,after close,0.8543561932262089,-0.08709692414709694,0.02349300590395545,-0.06867742506477115,0.04191250498628124,-0.06360817659125222,0.04698175345980017,-0.052659497793382484,0.0579304322576699,-0.08380628637905896,0.023961993857350317,-0.06473817969839202,0.04303010053801726,-0.05610291541815149,0.051665364818257786,-0.03436673515973143,0.07340154507667784,-0.0747655933793836,0.022152447686510923,-0.05394198447298715,0.042976056592907375,-0.035639264672607696,0.06127877639328683,-0.03535527421130091,0.06156276685459361,2026-02-12
CSCO,2025-11-12,16.0,0.98,1.0,0.02040816326530614,beat,after close,0.868282102497062,0.06811165830799108,0.007808325830405263,0.059447436912533985,-0.0008558955650518341,0.03718597830368369,-0.02311735417390213,0.04740741186404464,-0.012895920613541181,0.07101121622313844,0.008176012818200573,0.06756363737011084,0.004728433965172973,0.04091489438252549,-0.021920309022412376,0.05489805188087382,-0.007937151524064046,0.07374908563506122,0.002569131460774976,0.09755149499449467,0.026371540820208428,0.06654635953290533,-0.0046335946413809115,0.07363637927526478,0.002456425100978543,2025-11-13
CSCO,2025-08-13,16.0,0.98,0.99,0.01020408163265307,inline,after close,0.8775047478489272,-0.061330863713643435,-0.04415157073617208,-0.04402493239196753,-0.026845639414496174,-0.03416655585902362,-0.01698726288155226,-0.10249896015363777,-0.08531966717616642,-0.05811007814774738,-0.042392076442692384,-0.033405207109366564,-0.017687205404311568,-0.018751144852075408,-0.0030331431470204118,-0.07396635164288912,-0.05824834993783412,-0.050614336283631434,-0.03715102647547097,-0.012520049823656287,0.0009432599845041745,-0.006096758859824525,0.007366550948335937,-0.06472022572451053,-0.051256915916350065,2025-08-14
CSCO,2025-05-14,16.0,0.92,0.96,0.04347826086956513,beat,after close,0.732953881752555,0.02840823006438874,-0.015536133075064875,0.03435296907249212,-0.009591394066961495,0.016641861435069974,-0.02730250170438364,0.015045554934663497,-0.02889880820479012,0.0272800756926459,-0.01629381206966629,0.041960512576381004,-0.0016133751859311873,0.02597889618739635,-0.01759499157491584,0.03024514472760398,-0.013328743034708213,0.03525511857995989,-0.011836359468523128,0.05493591073767601,0.007844432689192993,0.042786074597179535,-0.00430540345130348,0.024550272950566887,-0.022541205097916128,2025-05-15
CSCO,2025-02-12,16.0,0.91,0.94,0.03296703296703287,beat,after close,0.6677065085972237,0.029299152596703966,0.015782647349168018,0.024691022920205023,0.011174517672669075,0.03128282409076659,0.01776631884323064,0.00599134545291039,-0.007525159794625558,0.02657562816219683,0.016183139360280374,0.028812161442237305,0.01841967264032085,0.04044016594776667,0.030047677145850216,0.036625917177983025,0.02623342837606657,0.019533864059737338,0.012747184700776737,0.02685830809825962,0.02007162873929902,0.06867733600939863,0.061890656650438025,0.06179029830094118,0.05500361894198058,2025-02-13
CSCO,2024-11-13,16.0,0.87,0.91,0.045977011494252915,beat,after close,0.6463813740990829,-0.015647936182651315,0.00091185557804856,-0.020255786394252386,-0.00369599463355251,0.00152131562011067,0.018081107380810545,-0.004392506698122484,0.012167285062577391,-0.009994202376708894,0.004866461656386711,-0.021660585858566672,-0.006799921825471067,-0.008024388167351626,0.006836275865743979,-0.020688695343945795,-0.00582803131085019,-0.0010179053801304683,0.016873492794817868,-0.01995660786362774,-0.0020652096886794036,0.007356563947172323,0.02524796212212066,-0.02546151480717529,-0.007570116632226953,2024-11-14
CSCO,2024-08-14,16.0,0.85,0.87,0.023529411764705903,beat,after close,0.6242036650924507,0.07711476952889305,0.01878810339855532,0.09434825649749337,0.03602159036715564,0.10067316914743211,0.04234650301709438,0.09501061207283555,0.03668394594249782,0.06778277571541658,0.01692147482217865,0.07959578651706412,0.02873448562382619,0.07933513494215094,0.028473834048913016,0.06075798663286747,0.00989668573962954,0.05672694314919924,0.017489598589313093,0.07620915445555121,0.036971809895665064,0.09295840074960804,0.053721056189721894,0.06541111712030157,0.02617377256041542,2024-08-15
CSCO,2024-05-15,16.0,0.82,0.88,0.07317073170731714,beat,after close,0.6883988476616388,-0.02896952409444259,-0.004057789226802989,-0.055328586923508935,-0.030416852055869335,-0.05709720257690043,-0.032185467709260826,-0.08966339347537462,-0.06475165860773502,-0.02967346787726044,-0.004954296301517336,-0.05577683414737222,-0.03105766257162912,-0.060656783644891576,-0.03593761206914847,-0.10671917626058747,-0.08200000468484436,-0.02460568649067696,-0.0013026851310037335,-0.06477824684852118,-0.041475245488847956,-0.05194863309181941,-0.028645631732146182,-0.14983235489737046,-0.12652935353769723,2024-05-16
CSCO,2024-02-14,16.0,0.84,0.87,0.03571428571428575,beat,after close,0.700021426463453,-0.03801099753151965,-0.009034188569339699,-0.040625008768038234,-0.01164819980585828,-0.05631671353076191,-0.027339904568581958,-0.041940048643947736,-0.012963239681767783,-0.03882162826720603,-0.0076576754464648955,-0.04694044568480504,-0.015776492864063907,-0.0661758084601568,-0.03501185563941567,-0.052196388138317285,-0.021032435317576148,-0.025607835194176753,-0.003442458692979322,-0.030877599158236846,-0.008712222657039415,-0.06679102089028832,-0.04462564438909089,-0.031716691846078504,-0.009551315344881073,2024-02-15
CSCO,2023-11-15,16.0,1.03,1.11,0.07766990291262142,beat,after close,0.7663808003528723,-0.10751624980185089,-0.007506114957588281,-0.10545038083526516,-0.005440245991002554,-0.11311621524874248,-0.013106080404479872,-0.11159689810085337,-0.011586763256590762,-0.1066437542555444,-0.007072270530461777,-0.10401512765873677,-0.004443643933654151,-0.11000709951370236,-0.010435615788619734,-0.10737926205082582,-0.007807778325743198,-0.10709517364723875,-0.003754455175174587,-0.10338968288517236,-4.896441310819899e-05,-0.10737274752641579,-0.004032029054351627,-0.11127942871723995,-0.007938710245175784,2023-11-16
CSCO,2023-08-16,16.0,1.06,1.14,0.0754716981132074,beat,after close,0.8595447432855307,0.044369851860747225,0.004824526613546737,0.045526227385716406,0.005980902138515917,0.05481442744857293,0.01526910220137244,0.037854899547321616,-0.0016904256998788725,0.046224396458655614,0.005182875851849289,0.04893337768222816,0.007891857075421838,0.05606723679553138,0.015025716188725058,0.045040286228856585,0.00399876562205026,0.04706934568974519,0.0041462963817113785,0.03789269410481233,-0.0050303552032214816,0.024708047477912665,-0.018215001830121147,0.04044083189794967,-0.002482217410084142,2023-08-17
CSCO,2023-05-17,16.0,0.97,1.0,0.03092783505154642,beat,after close,0.819170408990102,0.02391179564812182,0.02016113612162791,0.028429568949799297,0.024678909423305386,0.02101320833000289,0.01726254880350898,0.03332926212447869,0.02957860259798478,0.023083841409239803,0.020749703939068276,0.030603456257201844,0.028269318787030318,0.01907322878959039,0.016739091319418864,0.029129558314734516,0.02679542084456299,0.011238534435205172,0.019738802603627925,-0.008811623463814255,-0.0003113552953915022,-0.0298904922910338,-0.021390224122611046,-0.026955841909548695,-0.01845557374112594,2023-05-18
CSCO,2023-02-15,16.0,0.86,0.88,0.023255813953488393,beat,after close,0.8359135231232405,0.061353795725506824,-0.0024036266541207357,0.03726623054109972,-0.02649119183852784,0.0364483494757428,-0.027309072903884762,0.07945621797261772,0.01569879559299016,0.06437780562941608,-0.0018162728444134357,0.04539769046820874,-0.02079638800562078,0.042236107984554794,-0.023957970489274727,0.09213423165004397,0.025940153176214453,0.07796189710289447,0.008186334656135497,0.05863485530315826,-0.011140707143600714,0.045490161143226016,-0.02428540130353296,0.039746133291264196,-0.03002942915549478,2023-02-16
CSCO,2022-11-16,16.0,0.84,0.86,0.023809523809523832,beat,after close,0.8500116208170712,0.07425040052340977,0.02199323765744956,0.07394900231383783,0.02169183944787762,0.09128142582047001,0.0390242629545098,0.10059728072082157,0.04834011785486136,0.07383662207521868,0.021216392467495515,0.07076716795677829,0.01814693834905512,0.08583000528171492,0.03320977567399175,0.10234905969798402,0.049728830090260856,0.07289049683366522,0.024620112023184815,0.0740535715917342,0.025783186781253797,0.08644691156494155,0.03817652675446115,0.10684620224913488,0.058575817438654476,2022-11-17
CSCO,2022-08-17,16.0,0.82,0.83,0.012195121951219523,inline,after close,0.8044521494672876,0.05430753696228823,-0.0020974611106080662,0.032187020353332756,-0.024217977719563542,0.03833440711459154,-0.01807059095830476,0.019624871448157798,-0.0367801266247385,0.055040173095636025,-0.00013309841435171776,0.03142430206913083,-0.023748969440856915,0.04518776351845,-0.009985507991537745,0.024181889143210067,-0.030991382366777676,0.057474584447366306,0.0045924881087144875,0.04092158032876558,-0.011960516009886235,0.07975421783814263,0.02687212149949081,0.07899977611443887,0.02611767977578705,2022-08-18
CSCO,2022-05-18,16.0,0.86,0.87,0.011627906976744196,inline,after close,0.8173901093651134,-0.10344677816113926,0.028868123550938624,-0.08913364755613817,0.04318125415593971,-0.09414902761109115,0.038165874100986735,-0.04676521663700276,0.08554968507507513,-0.10237284805989244,0.028806021319827124,-0.09527405617129159,0.03590481320842798,-0.10266325778283159,0.02851561159688798,-0.035257413196262855,0.09592145618345671,-0.09931204201118482,0.027024932158919546,-0.0961273269655204,0.030209647204583967,-0.1140355838944711,0.012301390275633262,-0.04240784632606687,0.0839291278440375,2022-05-19
CSCO,2022-02-16,16.0,0.81,0.84,0.03703703703703693,beat,after close,0.9245511045824946,0.07840373937094049,0.03122118266411912,0.04838948192422015,0.001206925217398784,0.06600991811908846,0.018827361412267096,0.021519527084629377,-0.02566302962219199,0.08167524070776633,0.03229535122842253,0.053351424534734515,0.003971535055390718,0.07484280681043665,0.02546291733109285,0.0337310650102034,-0.0156488244691404,0.09388985847888942,0.035950138633675244,0.060733789682536954,0.002794069837322777,0.09932292179107927,0.04138320194586509,0.05289405933036562,-0.00504566051484856,2022-02-17
CSCO,2021-11-17,16.0,0.8,0.82,0.024999999999999883,beat,after close,0.8822807171657089,-0.06475591361545371,-0.006061034102361557,-0.021486336135829624,0.03720854337726254,0.014733863842384076,0.07342874335547624,0.06739778501649725,0.1260926645295894,-0.0638380232300676,-0.005296918862388256,-0.015867545699402963,0.04267355866827638,0.02449597013708993,0.08303707450476927,0.08054594242851276,0.1390870467961921,-0.07949806381225011,-0.014376333431698973,-0.0215112499954343,0.043610480385116834,0.011743122183886845,0.07686485256443798,0.06760660697804288,0.13272833735859402,2021-11-18
AMD,2026-08-04,16.0,1.61,1.66,0.0310559006211179,beat,after close,2.9926803334218097,-0.051962166617288835,0.016142683723596396,-0.09421667030777715,-0.026111819966891922,-0.13025664840186424,-0.06215179806097901,-0.16951010160447416,-0.10140525126358893,-0.05184957974591431,0.016596273785179805,-0.06933699542936644,-0.0008911418982723296,-0.09593243640308402,-0.027486582871989906,-0.1087119927834006,-0.04026613925230649,-0.0470272575205718,0.018118209334828106,-0.07850504409263215,-0.013359577237232245,-0.08188680372181789,-0.01674133686641799,-0.10038148122990675,-0.03523601437450685,2026-08-05
AMD,2026-05-05,16.0,1.29,1.37,0.06201550387596905,beat,after close,2.3531875557814748,0.1258405715912374,-0.025532996065373625,0.17640085137966544,0.025027283723054405,0.17868716305589238,0.027313595399281354,0.27076348288535407,0.11938991522874304,0.14462781887722165,-0.027618129349175957,0.2232184446620975,0.0509724964356999,0.23413202182921555,0.06188607360281795,0.37557591654823197,0.20332996832183436,0.13089560885463503,-0.02868463944963151,0.1819457677598384,0.02236551945557186,0.18936558712469143,0.02978533882042489,0.2640936051158018,0.10451335681153529,2026-05-06
AMD,2026-02-03,16.0,1.32,1.53,0.15909090909090906,beat,after close,2.0342723481972698,-0.17986819889037925,-0.014792096739586702,-0.12213947868585028,0.04293662346494227,-0.15709425862615795,0.007981843524634602,-0.178198223455265,-0.013122121304472462,-0.194224739875827,-0.02592414827073497,-0.10749170153129639,0.06080889007379564,-0.1446180486166857,0.02368254298840633,-0.1524141232466204,0.015886468358471628,-0.1656586253710579,-0.020385732035011928,-0.11143439634554819,0.03383849699049779,-0.1402177606244569,0.005055132711589083,-0.15311063267622838,-0.007837739340182392,2026-02-04
AMD,2025-11-04,16.0,1.17,1.2,0.025641025641025664,beat,after close,1.8806214588819978,-0.03305831119818367,-0.052078922986131024,0.022779882113656297,0.0037592703257089445,-0.06168519141542078,-0.08070580320336813,-0.14648645750962894,-0.1655070692975763,-0.04030078296755335,-0.06195029159274423,0.030960692556979863,0.00931118393178898,-0.08257290926311567,-0.10422241788830655,-0.14281824253415243,-0.1644677511593433,-0.03138157354463644,-0.05258411081880643,0.04261805519290773,0.021415517918737748,-0.05707656900890634,-0.07827910628307633,-0.12091432586828499,-0.14211686314245497,2025-11-05
AMD,2025-08-05,16.0,0.48,0.48,0.0,inline,after close,1.9682776370796347,-0.018252221654890752,0.05977994323313755,0.016499140494769284,0.09453130538279758,-0.06463322390156837,0.01339894098645994,-0.1056708693557959,-0.02763870446776759,-0.014127366170683109,0.05772838797898361,0.03492088205134547,0.10677663620101219,-0.06262662728006185,0.009229126869604865,-0.09926475228190801,-0.02740899813224129,-0.01948178531861977,0.05597815292572239,0.030377603506660522,0.10583754175100268,-0.04589007540859358,0.029569862835748584,-0.07621064051294135,-0.0007507022685991904,2025-08-06
AMD,2025-05-06,16.0,0.93,0.96,0.03225806451612894,beat,after close,1.9274128648012796,0.013742413979995372,0.0020632894317116762,0.09533977030549713,0.08366064575721344,0.07280786927146496,0.061128744723181264,0.09446704654961588,0.08278792200133218,0.019822116594303107,0.00638408060108997,0.12963113863460085,0.11619310264138771,0.08906596144213186,0.07562792544891872,0.10566950752650839,0.09223147153329525,0.011434443476360912,0.0038063815014837132,0.08762374843517262,0.07999568646029542,0.05990123442923556,0.05227317245435836,0.06419351113765548,0.05656544916277828,2025-05-07
AMD,2025-02-04,16.0,1.09,1.09,0.0,inline,after close,2.1990155424181417,-0.08955567390665793,-0.021060439091897754,-0.05181679591528708,0.016678438899473097,-0.04008744256588399,0.028407792248876185,-0.011287553790371066,0.05720768102438911,-0.08672424228180908,-0.019991873137060745,-0.06716298015879318,-0.00043061101404484603,-0.05697173153401769,0.00976063761073065,-0.13450341658674625,-0.06777104744199791,-0.09582428340624727,-0.019249221281908868,-0.08543808946606435,-0.008863027341725949,-0.0871875702464655,-0.010612508122127107,-0.11600070015811925,-0.03942563803378085,2025-02-05
AMD,2024-10-29,16.0,0.92,0.92,0.0,inline,after close,2.3593897531396477,-0.08135124384779924,0.016721793703643267,-0.16201686664844067,-0.06394382909699817,-0.22117292481894146,-0.12309988726749896,-0.23917334914688498,-0.14110031159544248,-0.11402147209227331,-0.010881303190629632,-0.14545693923997094,-0.04231677033832726,-0.19525390919306873,-0.09211374029142505,-0.21885371339808313,-0.11571354449643945,-0.08865097882939987,0.0016133590753482085,-0.130368306011161,-0.040103968106412924,-0.17839156818433466,-0.08812723027958658,-0.183538318013184,-0.0932739801084359,2024-10-30
AMD,2024-07-30,16.0,0.68,0.69,0.014705882352941025,inline,after close,2.4281890280368943,-0.04354590807939408,-0.04798084400640287,0.038515427692722294,0.034080491765713504,0.016400737840247197,0.011965801913238407,-0.002554011128598113,-0.006988947055606903,-0.041105658464292705,-0.068480205522636,-0.024706954477606735,-0.05208150153595004,0.019861614179767173,-0.0075129328785761285,0.0363133649752454,0.008938817916902098,-0.044069274007829895,-0.04534671842763327,-0.008849014229509566,-0.010126458649312942,-0.0028412585631856224,-0.004118702982988998,0.018120387488399725,0.01684294306859635,2024-07-31
AMD,2024-04-30,16.0,0.61,0.62,0.016393442622950834,inline,after close,2.3107104530874727,-0.09279870579140101,-0.009862520213665016,-0.10261296203310587,-0.019676776455369874,-0.12544822070282363,-0.04251203512508764,-0.061546081472751445,0.02139010410498455,-0.08209540423600958,0.003746988620783709,-0.05515530455787854,0.030687088298914755,-0.039580410827503076,0.046261982029290216,0.020099918992582233,0.10594231184937553,-0.08016170745570916,-0.0013131065596423408,-0.06847938593370617,0.010369214962360651,-0.06825953013085129,0.010589070765215536,-0.007406526865466945,0.07144207403059988,2024-05-01
AMD,2024-01-30,16.0,0.77,0.77,0.0,inline,after close,1.9063191224187288,-0.006099155161463969,-0.010059960549728571,-0.04305856377800153,-0.04701936916626613,-0.008422138298045768,-0.01238294368631037,0.0232223819818764,0.019261576593611798,-0.00553119761785803,0.003549494707825618,-0.01907002165089866,-0.009989329325215013,0.025296702953243377,0.034377395278927025,0.09179156725868653,0.10087225958437018,-0.00035812857791606145,0.004041440525484941,-0.01702748517011954,-0.012627916066718536,0.025962485573255423,0.030362054676656425,0.10071659724131032,0.10511616634471133,2024-01-31
AMD,2023-10-31,16.0,0.68,0.7,0.029411764705882214,beat,after close,1.9950427164192737,0.032589720570113376,-0.04158195186302842,0.05002340304675045,-0.024148269386391343,0.026054391234361804,-0.04811728119877999,0.0098607124495939,-0.0643109599835479,0.0650800799584903,-0.02110802915998855,0.10306026381974498,0.01687215470126613,0.11434426911541096,0.028156159996932106,0.12700747052248995,0.0408193614040111,0.05865281401152411,-0.018871884971076947,0.0781670462371219,0.0006423472545208364,0.0809471770551411,0.003422478072540036,0.09259725529261909,0.015072556310018026,2023-11-01
AMD,2023-08-01,16.0,0.57,0.58,0.017543859649122823,inline,after close,1.8712597756280311,-0.005101844297550416,0.0395671416721214,-0.0173905579844341,0.027278427985237715,-0.02279747686694121,0.021871509102730606,-0.0776266296824531,-0.03295764371278128,-0.018625388794969,0.03761683142582706,-0.034676035654050086,0.02156618456674597,-0.049277890014273296,0.006964330206522762,-0.07607200199211761,-0.019829781771321553,-0.006586113277015193,0.03882577802480214,0.0019392033975766942,0.047351094699394025,-0.01565654106263581,0.02975535023918152,-0.06748386810061646,-0.02207197679879913,2023-08-02
AMD,2023-05-02,16.0,0.56,0.6,0.07142857142857129,beat,after close,1.9889728496022767,-0.005514248874586333,0.07413094410664525,0.06819018902009898,0.14783538200133056,0.11967803864969638,0.19932323163092797,0.22814923725225084,0.3077944302334824,-0.017119323385854757,0.06822004392148695,0.07981757331653938,0.1651569406238811,0.1425634352044265,0.2279028025117682,0.27786209917991855,0.36320146648726026,-0.017849413717271334,0.06592624525417379,0.0690786365402063,0.15285429551165142,0.12082264675724763,0.20459830572869275,0.19842097097719213,0.28219662994863726,2023-05-03
AMD,2023-01-31,16.0,0.67,0.69,0.029850746268656577,beat,after close,2.0172645994160625,0.12038358760782908,0.014768236143273175,0.1122398919372841,0.006624540472728202,0.10653381702095356,0.0009184655563976574,0.14030094963792725,0.03468559817337134,0.14445585382808512,0.028802945418359815,0.11836828681153189,0.0027153784018065785,0.11712562609089838,0.0014727176811730747,0.10305675350845145,-0.01259615490127386,0.11879802584658439,0.01605350415970097,0.08569993171846846,-0.017044589968414958,0.07650417666507447,-0.026240345021808942,0.07115445834726064,-0.031590063339622776,2023-02-01
AMD,2022-11-01,16.0,0.7,0.67,-0.04285714285714274,miss,after close,2.114892509623811,0.08339250935351868,0.047300178513385104,0.06557626184921851,0.02948393100908494,0.1526223134502366,0.11652998261010303,0.15785925678169802,0.12176692594156444,0.04337161244114418,0.03553974035838037,0.034189997525471694,0.02635812544270788,0.1834103534491659,0.17557848136640208,0.21981041890674802,0.2119785468239842,0.07192817759381742,0.054650085251577885,0.052955860845995684,0.035677768503756147,0.17005281913361492,0.15277472679137538,0.2024212498733836,0.18514315753114408,2022-11-02
AMD,2022-08-02,16.0,1.04,1.05,0.009615384615384623,inline,after close,2.1717182313949293,0.013815656935749931,0.06035529554967441,-0.06458811023835748,-0.018048471624432995,-0.1086349886128717,-0.06209534999894722,-0.0899091696933951,-0.04336953107947062,0.03226370927628319,0.060009119004009515,-0.027740216823197827,5.192904528494857e-06,-0.05091613874115131,-0.023170729013424984,-0.11620213880998653,-0.08845672908226021,0.01608600055048215,0.054765916657331104,-0.03621284338334785,0.002467072723501107,-0.05593254326244257,-0.017252627155593614,-0.09466946273035859,-0.055989546623509634,2022-08-03
AMD,2022-05-03,16.0,0.92,1.13,0.2282608695652172,beat,after close,2.0033199129898946,0.042229090679811135,0.013823719524398426,0.07908269909456377,0.05067732793915106,0.17364209418651522,0.14523672303110252,0.15693750525555028,0.12853213410013758,0.04023518994601705,-0.020280765940511425,0.0315819295557922,-0.028934026330736273,0.1329858046784116,0.07246984879188312,0.1961562524988424,0.13564029661231392,0.04812740196858212,-0.007728064358104247,0.050974192501328286,-0.004881273825358079,0.1541477626789115,0.09829229635222514,0.19844130949503436,0.142585843168348,2022-05-04
AMD,2022-02-01,16.0,0.76,0.92,0.21052631578947373,beat,after close,1.7072410711673591,0.051139850474492286,0.01740712223085173,0.10877596575781641,0.07504323751417585,0.03291947168671192,-0.0008132565569286335,0.025223242478051064,-0.008509485765589492,0.043167268510979184,0.0016738696372591289,0.12159172521698658,0.08009832634326652,0.03342183149797329,-0.008071567375746769,0.017964860908220692,-0.023528537965499363,0.05026215083722163,0.007183445068253302,0.12111569338310846,0.07803698761414013,0.04097696601745915,-0.0021017397515091796,0.04060681891461271,-0.0024718868543556205,2022-02-02
AMD,2021-10-26,16.0,0.66,0.73,0.10606060606060598,beat,after close,1.396435711194494,-0.021165148430037726,-0.02234861806913752,0.03636463605711792,0.03518116641801813,0.11831697795482052,0.11713350831572072,0.2281284183926722,0.2269449487535724,-0.019665675629930268,-0.018808175732489274,0.042234642025980706,0.0430921419234217,0.121845829021059,0.1227033289185,0.23377744506325682,0.2346349449606978,-0.02361605511913123,-0.019206759897075876,0.03473484454680842,0.03914413976886377,0.10643510000611056,0.11084439522816592,0.19646854253898072,0.20087783776103607,2021-10-27
QCOM,2026-07-29,16.0,2.22,2.21,-0.0045045045045046085,inline,after close,1.96563521926395,-0.10046204454495669,-0.040885405380670065,-0.07186812033471335,-0.012291481170426721,-0.06896404808875203,-0.009387408924465407,-0.05536869024323543,0.004207948921051197,-0.0764925110643464,-0.03351921130029778,-0.01855152432405771,0.02442177543999091,-0.0018898881817244195,0.0410834115823242,0.007498579497705493,0.050471879261754116,-0.10535634376042391,-0.02415699047913966,-0.0754258963737302,0.005773456907554042,-0.07589043916894878,0.005308914112335472,-0.06484752890198386,0.016351824379300384,2026-07-30
QCOM,2026-04-29,16.0,2.56,2.65,0.035156249999999944,beat,after close,1.5856154091030947,0.12007561601484168,-0.017001827177740736,0.24603835414833214,0.10896091095574972,0.22227117075038028,0.08519372755779786,0.4617349792061277,0.3246575360135453,0.12412396520137714,-0.017080195731253967,0.2521836000484955,0.11097943911586439,0.23309748841031763,0.09189332747768653,0.4621458957606396,0.3209417348280085,0.11953257684098195,-0.029170119717575216,0.2150149149044639,0.06631221834590673,0.16129816824389998,0.012595471685342807,0.3381307436280008,0.1894280470694436,2026-04-30
QCOM,2026-02-04,16.0,3.4,3.5,0.02941176470588238,beat,after close,1.4757709057960482,-0.08562012533339006,-0.020087503732422574,-0.05483816389103702,0.010694457709930466,-0.037757500227565216,0.027775121373402267,-0.039214281353055866,0.026318340247911617,-0.08362432947690412,-0.011554745316402215,-0.06164264012065879,0.010426944039843122,-0.04185086296865659,0.03021872119184532,-0.06102414839504988,0.011045435765452027,-0.09945251689784751,-0.03292134897306864,-0.07776279403344188,-0.011231626108663018,-0.05802506082654957,0.008506107098229299,-0.0772388186973132,-0.010707650772534327,2026-02-05
QCOM,2025-11-05,16.0,2.88,3.0,0.041666666666666706,beat,after close,1.3824101935622717,-0.0352136403370797,-0.014232865025470824,-0.014712516049377799,0.006268259262231079,-0.05950131976307402,-0.03852054445146514,-0.026488218594315466,-0.005507443282706588,-0.039871147313608524,-0.014321817235045997,-0.02052238542431617,0.005026944654246357,-0.07882682823395248,-0.05327749815538996,-0.0314142708613665,-0.0058649407828039735,-0.026062047386586018,-0.009878898081961296,-7.330066801902735e-05,0.016109848636605695,-0.03673463662261989,-0.020551487317995165,-0.014481806805215713,0.0017013424994090087,2025-11-06
QCOM,2025-07-30,16.0,2.71,2.77,0.02214022140221404,beat,after close,1.512749606425794,-0.035590277896384456,0.03530138930945895,-0.07371344400116302,-0.002821776795319614,-0.018861274727195634,0.05203039247864777,-0.00302424365939316,0.06786742354645024,-0.047443706923532725,0.026134280743137173,-0.07992637255543489,-0.006348384888764991,-0.018642640715462844,0.054935346951207054,-0.007199228106356648,0.06637875956031325,-0.0386757797939391,0.03132397187283609,-0.07841547463750298,-0.00841572297072779,-0.014065910297384687,0.0559338413693905,0.007777196407077858,0.07777694807385305,2025-07-31
QCOM,2025-04-30,16.0,2.82,2.85,0.010638297872340514,inline,after close,1.9330279907602033,-0.09561012507791922,0.006332658106978972,-0.04829482743939317,0.053647955745505016,-0.07771587827212717,0.02422690491277102,-0.11364467273915912,-0.011701889554260936,-0.07715989466671314,0.01917667277567281,-0.036592786882002404,0.05974378056038354,-0.02948763678638211,0.06684893065600384,-0.07676630027954567,0.01957026716284027,-0.08660720950989376,0.017311206178404204,-0.05490358365318715,0.04901483203511081,-0.07790056035288206,0.026017855335415896,-0.11188963572243327,-0.007971220034135307,2025-05-01
QCOM,2025-02-05,16.0,2.99,3.41,0.14046822742474913,beat,after close,2.1229743791199303,-0.030728200834861896,0.012619665088187525,-0.032500383925981466,0.010847481997067955,-0.030923421816171512,0.012424444106877909,0.04893416344639017,0.09228202936943959,-0.03954284361007854,0.001121286099861285,-0.02947303604199758,0.011191093667942242,-0.05198507427391241,-0.01132094456397259,-0.029384702059861767,0.011279427650078055,-0.03939438993853295,0.000527087916254998,-0.04151126181263454,-0.001589783957846591,-0.0623713439455712,-0.022449866090783255,-0.009917654379306695,0.03000382347548125,2025-02-06
QCOM,2024-11-06,16.0,2.57,2.69,0.04669260700389109,beat,after close,2.0517520864833143,-0.03528586090105805,-0.019706560705649755,-0.05617798580840762,-0.04059868561299933,-0.10441130563012987,-0.08883200543472158,-0.11364903358067621,-0.09806973338526792,-0.02409252521798344,-0.015898117592393235,-0.056490499613387035,-0.04829609198779683,-0.10777549487484872,-0.09958108724925852,-0.09965316571394023,-0.09145875808835002,-0.02837543064667636,-0.010471538291663585,-0.05774752597531563,-0.039843633620302854,-0.10429780909998565,-0.08639391674497288,-0.10398545831102801,-0.08608156595601524,2024-11-07
QCOM,2024-07-31,16.0,2.26,2.33,0.030973451327433756,beat,after close,1.512896658979332,-0.07527775864067707,-0.0017296851163112192,-0.038710051511906915,0.03483802201245893,-0.05703793141748875,0.016510142106877096,-0.10529002810618758,-0.03174195458182173,-0.0894905128776542,-0.009979139735006526,-0.04950359248491909,0.030007780657728578,-0.03995706286649614,0.03955431027615153,-0.07025405933196271,0.009257313810684953,-0.056870711951573005,-0.0004928259039280736,-0.0217779533296939,0.03459993271795103,-0.04818678930426079,0.00819109674338414,-0.05323656362891849,0.0031413224187264444,2024-08-01
QCOM,2024-05-01,16.0,2.32,2.44,0.05172413793103453,beat,after close,1.4819799510589673,0.06205242216926271,-0.021222298532044312,0.04035527220975955,-0.042919448491547475,0.08368184316367527,0.00040712246236825067,0.14425973378416326,0.06098501308285624,0.07313191594347301,-0.014949505273938013,0.06096179331417795,-0.02711962790323308,0.11365458522645455,0.025573164009043525,0.1760831747509778,0.08800175353356676,0.052607513677090156,-0.03041381235989482,0.046698863511773214,-0.03632246252521176,0.07939784417844975,-0.003623481858535227,0.14911841403997528,0.0660970880029903,2024-05-02
QCOM,2024-01-31,16.0,2.37,2.75,0.160337552742616,beat,after close,1.4043070388933245,-0.07780261711500626,-0.010133894683715214,-0.041821696476048345,0.0258470259552427,0.002462950889376647,0.07013167332066769,0.0282857794011442,0.09595450183243524,-0.06933365034498817,-0.006417119070104782,-0.03225840799636426,0.030658123278519134,0.012383165582841138,0.07529969685772453,0.04156918217441652,0.10448571344929991,-0.06865532669863406,-0.006230741241409987,-0.03758580195886674,0.02483878349835733,0.017366401300114243,0.07979098675733831,0.0369386291420144,0.09936321459923847,2024-02-01
QCOM,2023-11-01,16.0,1.91,2.02,0.05759162303664927,beat,after close,1.6873041318206001,0.03131057982342354,0.004155728860500765,0.04401212377766531,0.01685727281474253,0.05684946342847899,0.029694612465556214,0.04960377484000897,0.02244892387708619,0.04846338129165373,0.009281552575702179,0.05526656210553993,0.01608473338958838,0.0880802497405675,0.048898421024615946,0.082842729004026,0.043660900288074456,0.049529468632857565,0.008111495727994411,0.035903032665086765,-0.005514940239776389,0.05957733306919388,0.01815936016433073,0.0607433990669205,0.019325426162057346,2023-11-02
QCOM,2023-08-02,16.0,1.81,1.87,0.03314917127071826,beat,after close,1.5268182154638117,-0.044521543122423554,0.03168175463206507,-0.08615332043444875,-0.009950022679960119,-0.09578512281193774,-0.019581825057449112,-0.08523443908455011,-0.009031141330061485,-0.0507892908088835,0.028111540239560417,-0.09819727048837457,-0.019296439439930646,-0.12518342966045848,-0.04628259861201456,-0.10962027628717974,-0.03071944523873582,-0.04050189427938744,0.0371899901700814,-0.0721727634264786,0.0055191210229902365,-0.10051088092657223,-0.022818996477103393,-0.1181884455721397,-0.04049656112267086,2023-08-03
QCOM,2023-05-03,16.0,2.16,2.15,-0.004629629629629736,inline,after close,1.406652834808269,-0.050470531270379426,-0.005219876183437375,-0.09187295258469116,-0.04662229749774911,-0.08685967681551936,-0.041609021728577306,-0.026024826736763446,0.019225828350178605,-0.046180472106642445,0.0021294091572809926,-0.08878236799386141,-0.04047248672993797,-0.07765704339472257,-0.02934716213079913,-0.010115144390355546,0.03819473687356789,-0.055039860007742636,-0.0044361800765060355,-0.09835032134399546,-0.04774664141275886,-0.1117959458163923,-0.061192265885155694,-0.08238336225405518,-0.03177968232281858,2023-05-04
QCOM,2023-02-02,16.0,2.35,2.37,0.008510638297872348,inline,after close,1.485892214711468,0.00483271399866499,-0.005625025050294937,-0.014860501982429532,-0.02531824103138946,-0.017698815923564093,-0.02815655497252402,-0.035917221957418734,-0.04637496100637866,-0.0048481441877056275,-0.009367898763743998,-0.02967139088295112,-0.03419114545898949,-0.037222289131651265,-0.041742043707689636,-0.06629361564767144,-0.07081337022370982,-0.0010620616231215019,-0.003276529075861845,-0.03290785414024422,-0.03512232159298456,-0.03860181910249605,-0.04081628655523639,-0.08209143071147695,-0.0843058981642173,2023-02-03
QCOM,2022-11-02,16.0,3.13,3.13,0.0,inline,after close,1.5144034943509015,-0.05714525196848846,0.004568484145554622,-0.00637209854124763,0.05534163757279545,0.011602463257419926,0.073316199371463,-0.011034872715128957,0.05067886339891412,-0.05366818317174504,0.012657248684056599,0.025211606714108492,0.09153703856991013,0.04610293044099756,0.1124283622967992,0.04696929681536133,0.11329472867116297,-0.038427709583289116,0.008787377379315009,0.007309371645231599,0.054524458607835724,0.018949331068728092,0.06616441803133222,0.024782448523561262,0.07199753548616539,2022-11-03
QCOM,2022-07-27,16.0,2.87,2.96,0.03135888501742155,beat,after close,1.6027962981895263,-0.09979193171285583,-0.03355832288000954,-0.07077232822903523,-0.004538719396188939,-0.11698359427499014,-0.05074998544214385,-0.1314530514851975,-0.06521944265235122,-0.08204357450886735,-0.02407041298540835,-0.04695413983594898,0.011019021687510011,-0.08111712479884503,-0.023143963275386037,-0.08891576116550615,-0.030942599642047153,-0.08549442288302445,-0.024839665600922434,-0.06690392729421268,-0.006249170012110672,-0.08944950480758462,-0.02879474752548261,-0.08820696615962531,-0.0275522088775233,2022-07-28
QCOM,2022-04-27,16.0,2.92,3.21,0.0993150684931507,beat,after close,1.717300761217413,0.059195891610687945,0.0058934965374900505,0.0653655121668825,0.0120631170936846,0.08394138568294868,0.030638990609750782,0.050445372012066725,-0.0028570230611311698,0.05122830577915283,-0.020403612858204467,0.062197048308366476,-0.009434870328990819,0.044094181272753885,-0.02753773736460341,0.03732218964816203,-0.034309728989195265,0.041176416456934484,-0.015683774855865917,0.05369632693084614,-0.0031638643819542622,0.05636113060354908,-0.00049906070925132,0.041237943454347725,-0.015622247858452676,2022-04-28
QCOM,2022-02-02,16.0,3.0,3.23,0.07666666666666666,beat,after close,1.662694571024208,-0.014643710622827662,-0.00556300789341016,-0.044802769783051484,-0.03572206705363398,-0.0382424990827796,-0.0291617963533621,-0.038904610739273315,-0.029823908009855814,-0.027484764376590642,-0.0026370053938578053,-0.05728611347628276,-0.032438354493549926,-0.069637958163133,-0.04479019918040017,-0.07904786437293354,-0.054200105390200704,-0.021298672869685453,-0.0019604893179467897,-0.05116420339356942,-0.031826019841830755,-0.05510830017302504,-0.035770116621286374,-0.04859792176805333,-0.029259738216314668,2022-02-03
QCOM,2021-11-03,16.0,2.26,2.55,0.1283185840707965,beat,after close,1.5478294813944102,0.16263986990349807,0.04079028041791319,0.19567210960403653,0.07382252011845164,0.313399493692081,0.1915499042064961,0.3370442303038794,0.21519464081829454,0.1634560360268822,0.04085786507674971,0.18358253954668535,0.060984368596552874,0.2991642847076471,0.17656611375751463,0.28552602361550317,0.1629278526653707,0.15082245605399036,0.039153440879764245,0.17131471922713393,0.05964570405290781,0.2710799374394982,0.1594109222652721,0.251269454407023,0.13960043923279686,2021-11-04
GOOGL,2026-07-22,16.0,2.9,9.11,2.1413793103448273,beat,after close,1.3447690525375489,-0.05384211247688919,0.0029818847024590533,-0.02446966897419106,0.032354328205157185,-0.009224224737814896,0.04759977244153335,-0.06792588105299519,-0.01110188387364694,-0.053540112864048583,0.005436841547850069,-0.014373417325761584,0.04460353708613707,0.02376487541503658,0.08274182982693523,-0.016530910692434064,0.04244604371946459,-0.038622039820115917,-0.002277566225375116,0.001284914793286629,0.03762938838802743,0.032445065266372586,0.06878953886111339,-0.01151768959126176,0.02482678400347904,2026-07-23
GOOGL,2026-04-29,16.0,2.63,5.11,0.9429657794676808,beat,after close,1.0760945094661887,0.08379695737311117,-0.0028899759277589004,0.09036040064799133,0.003673467347121262,0.0639975858515138,-0.022689347449356273,-0.022540963059941455,-0.10922789636081152,0.08921123660859864,-0.0004560394855102068,0.10582362778227128,0.01615635168816243,0.0922896666199905,0.002622390525881646,0.028838942878047558,-0.06082833321606129,0.08954544865090197,0.0005105655786752372,0.11557948587805233,0.0265446028058256,0.12674354661288267,0.03770866354065594,0.08654159822495389,-0.0024932848472728475,2026-04-30
GOOGL,2026-02-04,16.0,2.64,2.82,0.06818181818181807,beat,after close,1.0218790432999858,-0.04091993837936099,-0.046620422508249645,-0.07727703434230845,-0.08297751847119711,-0.07783515053175827,-0.08353563466064692,-0.12251514309014666,-0.12821562721903532,-0.03739865010711407,-0.044513276438394866,-0.06730142269224526,-0.07441604902352605,-0.059161092767767265,-0.06627571909904806,-0.0875082625850423,-0.09462288891632309,-0.021779365401410122,-0.021456063292202177,-0.0557090200137772,-0.055385717904569254,-0.054402072617301345,-0.0540787705080934,-0.11335377289372661,-0.11303047078451867,2026-02-05
GOOGL,2025-10-29,16.0,2.26,2.87,0.2699115044247789,beat,after close,1.0109560444426193,0.029342137207297697,-0.00564473330054216,0.054734430769579887,0.01974756026174003,0.024989078973401968,-0.009997791534437889,0.1375520147313259,0.10256514422348603,0.03185424912427137,-0.004310460851417841,0.062250988655819905,0.026086278680130692,0.039028430358148514,0.0028637203824593005,0.16476305470629315,0.12859834473060394,0.0367906143178961,-0.00531656148244497,0.07102534595765475,0.028918170157313683,0.05462511057105113,0.01251793477071006,0.16669966347313359,0.12459248767279252,2025-10-30
GOOGL,2025-07-23,16.0,2.19,2.31,0.05479452054794526,beat,after close,1.0100129940464315,0.011672382124234923,0.0013989393127416122,0.015070284065082047,0.004796841253588736,0.040955907778412105,0.030682464966918795,0.05650621085921328,0.04623276804771997,0.010898544420373302,0.0010315109024885416,0.012578450420820841,0.0027114169029360813,0.03642106832047709,0.02655403480259233,0.04792748202090891,0.03806044850302415,0.02309165828780524,0.014553250252354322,0.018728595627116706,0.01019018759166579,0.04413503009141995,0.03559662205596903,0.03802439837693272,0.029485990341481805,2025-07-24
GOOGL,2025-04-24,16.0,2.01,2.81,0.3980099502487564,beat,after close,1.2340146586812735,-0.00039971663631253526,-0.008557712396275301,-0.013358573136815488,-0.021516568896778256,-0.07516960674392531,-0.08332760250388807,-0.0053698149609921735,-0.01352781072095494,0.0008837932518310776,-0.00871674254387167,-0.0063688849647138834,-0.01596942076041663,-0.07040262091947569,-0.08000315671517844,0.0031387499283687115,-0.006461785867334036,-0.0016168371909517365,-0.012150490477327525,-0.008507477309501521,-0.01904113059587731,-0.07428868568667846,-0.08482233897305425,-0.005002767738267244,-0.015536421024643032,2025-04-25
GOOGL,2025-02-04,16.0,2.13,2.15,0.009389671361502356,inline,after close,1.1808151946722025,-0.08116546961028676,-0.003073405146941696,-0.11896245631060147,-0.04087039184725641,-0.12927021860056026,-0.0511781541372152,-0.12571089919998518,-0.04761883473664012,-0.07904269263704766,-0.002064367915880938,-0.11618934223362465,-0.039211017512457924,-0.12248958424241863,-0.0455112595212519,-0.12648644762953165,-0.04950812290836493,-0.06614457462555023,-0.0028808810478595515,-0.11316654745410482,-0.04990285387641413,-0.11726475982809481,-0.05400106625040413,-0.13774522663723232,-0.07448153305954164,2025-02-05
GOOGL,2024-10-29,16.0,1.85,2.12,0.14594594594594595,beat,after close,1.218454516336382,0.03743937909628727,0.005133259638918211,0.023611184115916707,-0.008694935341452353,0.027104001323396625,-0.005202118133972436,-0.025233247432694443,-0.057539366890063504,0.0315970651729246,0.0004013330132265347,0.024495788853380662,-0.006699943306317402,0.02801212996860092,-0.0031836021910971457,-0.02818591270049431,-0.05938164486019237,0.011624527144897923,-0.010478303561458069,0.007320332645324945,-0.014782498061031046,0.0024176546549913303,-0.01968517605136466,-0.05806558908506432,-0.08016841979142031,2024-10-30
GOOGL,2024-07-23,16.0,1.84,1.89,0.027173913043478163,beat,after close,1.3486136019628043,-0.04519061378770502,-0.02466507235123413,-0.05367950704026138,-0.03315396560379049,-0.05206010631343326,-0.03153456487696237,-0.1212798337656815,-0.1007542923292106,-0.05350605406654563,-0.02578073632031308,-0.051182493264936846,-0.0234571755187043,-0.06675588918276043,-0.03903057143652788,-0.10163481738211644,-0.07390949963588389,-0.043701767997817775,-0.019441398348631345,-0.061927142587131834,-0.0376667729379454,-0.10252071795886541,-0.07826034830967898,-0.11476645311233591,-0.09050608346314948,2024-07-24
GOOGL,2024-04-25,16.0,1.51,1.89,0.2516556291390728,beat,after close,1.2662719592751255,0.05213309196262847,-0.038164504476634914,0.0558839510846793,-0.034413645354584084,0.041291981322292,-0.049005615116971386,0.05821860404740234,-0.032078992391861044,0.055497248857125814,-0.037272248509670036,0.05975346365170986,-0.03301603371508599,0.049854313966228525,-0.042915183400567325,0.07067309228615692,-0.022096405080638926,0.05254356761708834,-0.022121921185862425,0.04624665967217034,-0.02841882913078042,0.03531072624842302,-0.039354762554527745,0.05838385338896235,-0.016281635413988416,2024-04-26
GOOGL,2024-01-30,16.0,1.6,1.64,0.024999999999999883,beat,after close,1.425336565451209,-0.06366005319407689,-0.011501708054579958,-0.06046269365648208,-0.008304348516985152,-0.06092324843239666,-0.00876490329289973,-0.14317051384483165,-0.09101216870533471,-0.06420816388367145,-0.005522102562646403,-0.0516488057105875,0.007037255610437554,-0.04957955483821941,0.009106506482805643,-0.11954478425830373,-0.060858722937278675,-0.05303802277103209,-0.002713414542653947,-0.050530923301197794,-0.00020631507281965167,-0.05733115769524977,-0.0070065494668716255,-0.10620582893672226,-0.055881220708344115,2024-01-31
GOOGL,2023-10-24,16.0,1.45,1.55,0.06896551724137938,beat,after close,1.478609226374434,-0.08321980247979344,-0.00907598744251685,-0.08644278131977665,-0.01229896628250006,-0.09638646230102332,-0.022242647263746737,-0.10870158395399407,-0.03455776891671748,-0.09527779358399713,-0.01453605813293224,-0.08575345529935618,-0.005011719848291296,-0.07798892487086584,0.00275281058019905,-0.06834460860709701,0.012397126843967876,-0.056517025296304646,-0.004727934683114388,-0.059401524392461824,-0.007612433779271566,-0.044001980461100265,0.007787110152089993,-0.04907402649707904,0.002715064116111221,2023-10-25
GOOGL,2023-07-25,16.0,1.34,1.44,0.07462686567164169,beat,after close,1.3768342892383896,0.06734072976697247,0.009958183318520865,0.06634884353662265,0.008966297088171045,0.08918183109511055,0.03179928464665894,0.11701215420783845,0.05962960775938684,0.06525122364783376,0.007635284654475827,0.06304764646664318,0.005431707473285252,0.08310507462823358,0.025489135634875648,0.11046902214731535,0.052853083153957425,0.034774473841254316,-0.007363035796396078,0.02815971615515589,-0.013977793482494505,0.04130774649486413,-0.0008297631427862662,0.07165042571339142,0.029512916075741025,2023-07-26
GOOGL,2023-04-25,16.0,1.07,1.17,0.09345794392523352,beat,after close,1.3603270710142006,0.016027704214585017,0.010972379062153141,0.012672525962076148,0.007617200809644273,0.05908399721475177,0.0540286720623199,0.151643638744447,0.14658831359201513,0.0203916341272391,0.01750411481359837,0.010658660134229114,0.007771140820588385,0.05818001594407274,0.05529249663043201,0.14287104820882823,0.1399835288951875,-0.0114389773057888,-0.02066730365156122,-0.01772315511609368,-0.0269514814618661,0.03262192864007507,0.02339360229430265,0.082004496685255,0.07277617033948258,2023-04-26
GOOGL,2023-02-02,16.0,1.2,1.05,-0.12499999999999993,miss,after close,1.323802434875178,-0.02090941147829399,-0.008679388590161756,-0.08994420116207229,-0.07771417827394006,-0.08364122580471872,-0.07141120291658648,-0.054096156144196335,-0.0418661332560641,-0.02867509829371584,-0.011830812366916077,-0.10375715313920719,-0.08691286721240743,-0.10388039631651491,-0.08703611038971515,-0.08813922892057002,-0.07129494299377026,-0.013351409323543395,-0.005914868763897241,-0.04840891554449245,-0.040972374984846294,-0.05760416971200344,-0.050167629152357285,-0.03823787932912848,-0.030801338769482323,2023-02-03
GOOGL,2022-10-25,16.0,1.26,1.06,-0.1587301587301587,miss,after close,1.3352931996861979,-0.10153642424022707,-0.02080409373080354,-0.13763945045852286,-0.05690711994909932,-0.12653910844988647,-0.04580677794046294,-0.09602349359003165,-0.015291163080608114,-0.10707860752997589,-0.023207398339172403,-0.1499598034428654,-0.06608859425206193,-0.1424415247235139,-0.058570315532710415,-0.09303148301923325,-0.009160273828429766,-0.04090648981517697,0.01886281491166253,-0.07065704206393741,-0.010887737337097914,-0.052507742322263184,0.007261562404576316,-0.024795028630598348,0.03497427609624115,2022-10-26
GOOGL,2022-07-26,16.0,1.29,1.21,-0.06201550387596905,miss,after close,1.2567157195832663,0.03884541487243183,-0.005290729351409416,0.04751119201617156,0.0033750477923303115,0.04559867967808507,0.001462535454243824,0.01575730463977182,-0.028378839584069428,0.04830806744774918,-0.002282462268386798,0.061436315863297675,0.010845786147161696,0.06193313561121838,0.011342605895082403,0.02621204126697152,-0.02437848844916446,0.0559766526731581,0.021665520718887943,0.06824897152263742,0.03393783956836727,0.06602465141396241,0.03171351945969225,0.05963894177946116,0.025327809825191006,2022-07-27
GOOGL,2022-04-26,16.0,1.28,1.23,-0.039062500000000035,miss,after close,1.3084451579789247,-0.03702085209767544,0.003654552711255435,-0.010659946264043287,0.030015458544887585,0.030148803160977483,0.07082420796990835,-0.05803036408066496,-0.01735495927173409,-0.027787773984607744,0.011732960315293806,0.0009873691505459803,0.04050810345044753,0.016365766699898754,0.055886500999800304,-0.0648414311217772,-0.025320696821875655,-0.017407476544951783,-0.002987528571139375,-0.015251111805773876,-0.0008311638319614678,0.010021984023867447,0.024441931997679855,-0.06895297835641057,-0.05453303038259816,2022-04-27
GOOGL,2022-02-01,16.0,1.36,1.53,0.12499999999999994,beat,after close,1.263753747282046,0.058600766786658584,-0.003915846664942019,0.016055936810008792,-0.046460676641591814,0.017025766765993985,-0.045490846685606615,0.01603789522754478,-0.04647871822405582,0.05585308271688505,-0.009670521870597693,0.021512032008514925,-0.04401157257896782,0.01845367828579947,-0.047069926301683274,0.015699354043155367,-0.049824250544327375,0.08898935249316298,0.033727495276249964,0.0661387805766841,0.010876923359771085,0.06813752559000408,0.012875668373091065,0.07464354412678109,0.01938168690986808,2022-02-02
GOOGL,2021-10-26,16.0,1.16,1.4,0.20689655172413793,beat,after close,1.2856524880369042,0.03815190158591372,-0.016031841945371626,0.021696182598830216,-0.03248756093245513,0.01460304284479192,-0.03958070068649343,-0.010558738193581226,-0.06474248172486657,0.04185613517518105,-0.012168876804695583,0.033797183336716996,-0.02022782864315964,0.03157658426426557,-0.022448427715611063,0.02106142808581779,-0.032963583894058845,0.04656598772000642,-0.0057785197647345354,0.04393308910931826,-0.008411418375422697,0.04561804109092105,-0.006726466393819908,0.06752152591500138,0.015177018430260425,2021-10-27
META,2026-07-29,16.0,7.22,6.18,-0.1440443213296399,miss,after close,1.4543125355296047,-0.07823593768952394,0.02400815445210694,-0.05356116887264685,0.04868292326898403,-0.053201006684850116,0.049043085456780766,-0.06262780813066368,0.0396162840109672,-0.07070693392809801,0.025599707983585906,-0.03972133302812075,0.05658530888356317,-0.04225899088695306,0.05404765102473086,-0.07240602312392541,0.02390061878775851,-0.03556090041079085,0.01722447949366046,-0.003178213288600351,0.04960716661585096,-0.0061359435071289825,0.04664943639732233,-0.03513432829924923,0.017651051605202084,2026-07-30
META,2026-04-29,16.0,6.82,7.31,0.0718475073313782,beat,after close,1.4720895108431666,-0.10826187879775431,-0.00867750619818651,-0.11507199359586566,-0.015487620996297857,-0.14226228737022723,-0.04267791477065942,-0.12981178419265751,-0.030227411593089712,-0.1033832570144324,-0.007933144842110162,-0.10527282377428526,-0.009822711601963019,-0.124651818414522,-0.029201706242199754,-0.11252223761817215,-0.017072125445849906,-0.10304904497212908,-0.0069665397779247185,-0.0955169656785042,0.000565539515700153,-0.09019793842162982,0.00588456677257454,-0.05481958227126582,0.04126292292293854,2026-04-30
META,2026-01-28,16.0,8.22,8.88,0.08029197080291972,beat,after close,1.4187472637860794,0.08332056147855761,-0.024425959607439762,0.050472534898105895,-0.05727398618789148,0.016726969362940533,-0.09101955172305684,0.014031103597025835,-0.09371541748897154,0.07947470422546887,-0.026557862861846027,0.03437757693024346,-0.07165499015707144,-0.0014003983859975921,-0.10743296547331249,-0.009957404249124613,-0.11598997133643951,0.04604827919740628,-0.03196133168702209,0.012710998099412008,-0.06529861278501636,-0.004036646097872243,-0.08204625698230061,-0.0351041565137169,-0.11311376739814527,2026-01-29
META,2025-10-29,16.0,6.67,7.25,0.08695652173913045,beat,after close,1.3748373341993512,-0.1310462199971413,-0.03225854072455278,-0.1552793489851222,-0.056491669712533665,-0.176126380775091,-0.07733870150250247,-0.14316753020485598,-0.044379850932267456,-0.1328178753477569,-0.030468360558295937,-0.16127097184609474,-0.058921457056633764,-0.17825006074690852,-0.07590054595744755,-0.13324103147231692,-0.030891516682855946,-0.12788151015413218,-0.031474461189323066,-0.1524966145442599,-0.05608956557945077,-0.1626533805340059,-0.06624633156919679,-0.1313044227054765,-0.03489737374066737,2025-10-30
META,2025-07-30,16.0,5.86,7.14,0.21843003412969272,beat,after close,1.334106922683889,0.10639568970106547,-0.009781265704351089,0.0948906565548403,-0.021286298850576257,0.08838266800312192,-0.027794287402294643,0.02679314758067753,-0.08938380782473904,0.10237567832581418,-0.013902707601149866,0.10195331998659996,-0.01432506594036409,0.10889529434682288,-0.007383091580141166,0.06296122988542563,-0.053317156041538416,0.08522568169894817,-0.018283105323324444,0.09074753764655552,-0.012761249375717099,0.0814606165859294,-0.022048170436343217,0.037991027572434,-0.06551775944983862,2025-07-31
META,2025-04-30,16.0,5.21,6.43,0.23416506717850283,beat,after close,1.2993607367562363,0.05552425614299566,0.023263180449195814,0.05808601456782299,0.025824938874023144,0.07373090401098976,0.04146982831718992,0.07349427661140885,0.04123320091760901,0.06370398347343698,0.028514162987854474,0.06862058752892408,0.03343076704334158,0.1016348491114859,0.0664450286259034,0.10905661444111303,0.07386679395553053,0.06496881607387284,0.027826279324391523,0.06429341234777097,0.02715087559828966,0.10723774197331781,0.0700952052238365,0.10997575035298934,0.07283321360350803,2025-05-01
META,2025-01-29,16.0,6.74,8.02,0.18991097922848654,beat,after close,1.5873949450823188,0.01715049703539409,0.010877772724911638,0.03498653841309203,0.028713814102609578,0.04523139726908594,0.03895867295860349,-0.006485730373507803,-0.012758454683990256,0.018664332164402997,0.008495318528131901,0.04388563356324471,0.03371661992697361,0.061216969326508885,0.05104795569023779,0.0020175927901905366,-0.00815142084608056,0.013707081866149329,-0.0008475134795489225,0.040689749883759174,0.026135154538060923,0.04720368260845531,0.03264908726275706,-0.011956777297892907,-0.026511372643591158,2025-01-30
META,2024-10-30,16.0,5.3,6.03,0.13773584905660385,beat,after close,1.5460762932007641,-0.01917358207167707,-0.007910490261153591,-0.04429987784495455,-0.033036786034431075,-0.06647025974920681,-0.055207167938683334,-0.1006959573435336,-0.08943286553301011,-0.02628330545149915,-0.004960562988346462,-0.02560113681003362,-0.0042783943468809316,-0.04660208701313362,-0.02527934454998093,-0.0658863734732893,-0.044563631010136606,-0.03685377275285073,-0.004651393715013441,-0.03905451268516058,-0.0068521336473232886,-0.06840211922116257,-0.03619974018332528,-0.08587646976226837,-0.05367409072443108,2024-10-31
META,2024-07-31,16.0,4.76,5.16,0.08403361344537823,beat,after close,1.7740290356921293,0.08566312135576486,0.013017391089991434,0.13398517080960176,0.06133944054382834,0.10998315358998698,0.03733742332421355,0.049844572661051495,-0.022801157604721928,0.061741136079076164,-0.0006686569951306343,0.11027712065538264,0.047867327581175845,0.122158643194057,0.059748850119850205,0.07675141104526562,0.014341617971058818,0.041134476677737064,-0.0030344236552299897,0.08845654852112739,0.04428764818816033,0.1240985642644673,0.07992966393150025,0.07962736681178484,0.035458466478817785,2024-08-01
META,2024-04-24,16.0,4.36,4.71,0.08027522935779807,beat,after close,1.8721084323378072,-0.11591337539165325,-0.015410553261202775,-0.1154203361568869,-0.01491751402643643,-0.10659370465760501,-0.006090882527154534,-0.16741272833154655,-0.06690990620109608,-0.10696070419255554,-0.005146540873659511,-0.10386229638404787,-0.002048133065151836,-0.05913935919630764,0.042674804122588395,-0.09017845652792611,0.011635706790969924,-0.09323785524384243,-0.023250549437504597,-0.0873541470024618,-0.017366841196123972,-0.04167487148002169,0.028312434326316138,-0.06443705873513439,0.00555024707120344,2024-04-25
META,2024-02-01,16.0,4.94,5.33,0.07894736842105256,beat,after close,1.6688677851035691,0.1552050645911836,-0.028563243974562724,0.13804628031885846,-0.04572202824688787,0.14634955933571558,-0.037418749230030746,0.13882904210795838,-0.04493926645778795,0.16348943729729215,-0.02915949425015385,0.1653691411008864,-0.027279790446559593,0.18072511671209235,-0.011923814835353652,0.2086997157340993,0.01605078418665329,0.14424386833994085,-0.01875511294053689,0.15659163471851678,-0.006407346561960958,0.1711384095641587,0.008139428283680972,0.22398951424920288,0.06099053296872514,2024-02-02
META,2023-10-25,16.0,3.6,4.39,0.21944444444444433,beat,after close,1.818518197091531,0.015795804576242883,0.034324899475471016,-0.03616460028613849,-0.01763550538691036,-0.03337003742474629,-0.01484094252551816,-0.09701214324094316,-0.07848304834171503,0.008244310956330936,0.033594858173065956,0.007546312286211498,0.03289685950294652,0.031137587889202067,0.05648813510593709,0.03710123028799195,0.06245177750472697,0.017151984415131882,0.03269440818204905,0.010861688490435006,0.026404112257352175,0.028670005960824807,0.044212429727741975,0.03140501730223366,0.04694744106915083,2023-10-26
META,2023-07-26,16.0,2.91,2.98,0.024054982817869358,beat,after close,1.629140931743084,0.07908037278034098,0.026247662690585392,0.062229076033301474,0.009396365943545884,0.039372891754219735,-0.013459818335535854,-0.00972504695448552,-0.0625577570442411,0.08502503153946472,0.03438530650738092,0.06492894455396125,0.01428921952187745,0.047893603932677054,-0.002746121099406751,0.005923978163086208,-0.0447157468689976,0.06010778830220653,0.024466383720994633,0.04517531051903079,0.009533905937818887,0.018511309726400804,-0.017130094854811095,-0.012053073636419942,-0.04769447821763184,2023-07-27
META,2023-04-26,16.0,1.98,2.2,0.11111111111111122,beat,after close,1.6817402599353715,0.09581877471723675,-0.008466489149479298,0.10556657788627777,0.001281314019561719,0.07873415376223568,-0.02555111010448037,0.12311883289164739,0.018833569024931343,0.11818956074461462,-0.001157671225926915,0.11603847694600988,-0.003308755024531651,0.10846524839423088,-0.01088198357631065,0.1720942976648301,0.05274706569428855,0.07996601400444203,-0.001209799500939912,0.09028740495008614,0.009111591444704192,0.06483402711835584,-0.016341786387026103,0.1135468344376771,0.03237102093229516,2023-04-27
META,2023-02-01,16.0,2.24,1.76,-0.21428571428571436,miss,after close,1.7281775777584396,0.21920327984544202,0.009019865810526717,0.20569370401878034,-0.004489710016134962,0.18277579439841768,-0.027407619636497627,0.29868334685693126,0.08849993282201596,0.21702945359393966,-0.0012371087483293852,0.18424989795376723,-0.034016664388501816,0.15099779080247955,-0.0672687715397895,0.23473624484107425,0.016469682498805205,0.1753205886200927,0.008170636618824223,0.1765965362495242,0.00944658424825573,0.147573187945631,-0.019576764055637463,0.23282818477937506,0.06567823277810658,2023-02-02
META,2022-10-26,16.0,1.85,1.64,-0.1135135135135136,miss,after close,1.803994694221185,-0.26258982244531553,-0.028352740358411455,-0.27695654288799454,-0.04271946080109046,-0.1451808717330888,0.08905621035381528,-0.16592886445091498,0.0683082176359891,-0.25115649784518523,-0.010925599339068226,-0.31010645026480277,-0.06987555175868576,-0.13561377218910953,0.10461712631700748,-0.15772742991382138,0.08250346859229563,-0.21059868329552967,-0.012437998040247589,-0.24071244085486332,-0.04255175559958124,-0.07531537001397426,0.12284531524130782,-0.10826986504910585,0.08989082020617623,2022-10-27
META,2022-07-27,16.0,2.55,2.46,-0.03529411764705877,miss,after close,1.7918541471831846,-0.10717730903181569,-0.034329484873074634,-0.03832879589272911,0.03451902826601194,-0.012529778213911505,0.06031804594482955,-0.04071840110575428,0.03212942305298677,-0.08944755106867663,-0.02465838715597779,-0.023795697539775507,0.04099346637292334,0.003867609736039057,0.0686567736487379,-0.04348349280782993,0.021305671104868917,-0.0514533127150556,-0.010612131789631496,-0.005723591692336827,0.035117589233087276,0.02321214078793299,0.06405332171335709,0.0008376475209349588,0.04167882844635906,2022-07-28
META,2022-04-27,16.0,2.53,2.72,0.07509881422924918,beat,after close,1.7349159569720678,0.17530813644056276,0.04087092009836582,0.2184241587808124,0.08398694243861546,0.23806044999638432,0.10362323365418738,0.21020527208850098,0.07576805574630405,0.1620648131202702,0.011387980128358954,0.1999376672512756,0.04926083425936434,0.16929429407161933,0.018617461079708075,0.14341905352098827,-0.007257779470922987,0.1442512056464279,0.008294861540949827,0.15991582373582436,0.02395947963034628,0.12593618109318339,-0.010020163012294692,0.10986578679856807,-0.02609055730691001,2022-04-28
META,2022-02-02,16.0,3.83,3.67,-0.04177545691906009,miss,after close,1.3142929991431802,-0.2419511005127307,-0.008970725916783578,-0.27971886345306846,-0.04673848885712134,-0.3355431411203716,-0.10256276652442448,-0.3563746166371886,-0.1233942420412415,-0.24791637061694516,-0.007520626979899192,-0.28526489346200823,-0.04486914982496226,-0.34974654174442144,-0.10935079810737547,-0.37410281551644675,-0.13370707187940079,-0.2023511593288564,-0.005353432838658079,-0.23401057333261188,-0.03701284684241357,-0.2845148402768616,-0.08751711378666327,-0.29864233697193165,-0.10164461048173334,2022-02-03
META,2021-10-25,16.0,3.17,3.22,0.015772870662460654,inline,after close,1.3705098214878988,-0.04498978564474831,-0.004933173267539143,-0.017352489773481056,0.02270412260372811,-0.009447481713294757,0.030609130663914408,-0.0010186034212306752,0.03903800895597849,-0.047023571915187024,-0.006937508508480739,-0.014375890636161293,0.025710172770544992,-0.0039003638666011975,0.03618569954010509,0.0015716683554998223,0.04165773176220611,-0.03888533386636517,-0.00861801300361642,0.0030786630426936634,0.03334598390544241,0.01666665776969245,0.0469339786324412,0.05658208045948521,0.08684940132223395,2021-10-26
NFLX,2026-07-16,16.0,0.79,0.8,0.012658227848101276,inline,after close,0.34943563110888964,-0.08414475150034229,-0.016994489960376932,-0.03814793196639536,0.02900232957356999,-0.008335632405126912,0.05881462913483844,0.08683888923139602,0.15398915077136138,-0.08069730814119103,-0.01796503060583521,-0.04008069682598692,0.0226515807093689,-0.027651828076014406,0.03508044945934141,0.022071268622419704,0.08480354615777552,-0.07581042745795186,-0.0209350642168582,0.001395720960310154,0.05627108420140381,0.006189620295472764,0.06106498353656642,0.051356043322246414,0.10623140656334007,2026-07-17
NFLX,2026-04-16,16.0,1.32,1.23,-0.06818181818181823,miss,after close,0.5360581149208555,-0.12741574697787317,-0.024062253910413833,-0.1551995545942064,-0.05184606152674706,-0.1622276943185084,-0.05887420125104906,-0.22743127286886744,-0.1240777798014081,-0.1327975691482941,-0.02348574138304571,-0.1654420387840797,-0.05613021101883131,-0.1785973458768756,-0.0692855181116272,-0.25922332730909947,-0.14991149954385108,-0.12204516012402411,-0.022546866665623666,-0.1200810591042617,-0.020582765645861256,-0.13404441651658494,-0.0345461230581845,-0.1837848375955594,-0.08428654413715897,2026-04-17
NFLX,2026-01-20,16.0,0.55,0.56,0.018181818181818195,inline,after close,0.822002854952669,-0.05777296158625245,-0.026063433986063117,-0.053609981753073924,-0.021900454152884594,-0.098508087538368,-0.06679855993817867,-0.13933822643611338,-0.10762869883592405,-0.059859690193441395,-0.026544493157385718,-0.05556196586140527,-0.022246768825349594,-0.09585048109459238,-0.0625352840585367,-0.13182384842313155,-0.09850865138707587,-0.06745090783043262,-0.03545391814824317,-0.05819108443857235,-0.026194094756382902,-0.11270825006210217,-0.08071126037991272,-0.13673713506512075,-0.1047401453829313,2026-01-21
NFLX,2025-10-21,16.0,0.7,0.59,-0.15714285714285714,miss,after close,0.8877250051418,-0.10761204067795048,-0.0096505365205726,-0.14744086513466478,-0.049479360977286904,-0.14546363112271857,-0.04750212696534069,-0.14121687576017086,-0.04325537160279298,-0.10390206244479805,-0.008420304503726439,-0.13874102952843914,-0.04325927158736753,-0.1256860372010814,-0.030204279260009792,-0.10001975953816267,-0.004538001597091057,-0.09113997300651122,0.0008822667389152272,-0.11197087587679622,-0.019948636131369768,-0.08840514752785888,0.0036170922175675635,-0.06508088020289404,0.026941359542532406,2025-10-22
NFLX,2025-07-17,16.0,0.71,0.72,0.014084507042253534,inline,after close,0.9255082125347696,-0.03754099508241893,0.015428462017963572,-0.10356035755029855,-0.05059090044991604,-0.11290571828236434,-0.05993626118198184,-0.1033731629350203,-0.050403705834637796,-0.03225058679271364,0.01797576531848244,-0.08849945459297925,-0.03827310248178317,-0.08259265085586709,-0.03236629874467101,-0.04875143155505335,0.0014749205561427337,-0.039865618926362534,0.006499784104290862,-0.08306413196063456,-0.03669872892998116,-0.08758069460683304,-0.04121529157617965,-0.06888344833311111,-0.022518045302457712,2025-07-18
NFLX,2025-04-17,16.0,0.57,0.66,0.15789473684210542,beat,after close,1.2472598087760232,0.06336922010377952,0.01950461984053025,0.07005774787233429,0.026193147609085025,0.057529472310706924,0.013664872047457657,0.028822425146614365,-0.015042175116634901,0.06614889645469191,0.027053766083970254,0.0882181293238431,0.049122998953121444,0.08693027739596759,0.04783514702524594,0.08292856387321745,0.0438334335024958,0.06478395434876394,0.02698857616507655,0.0848562224764785,0.047060844292791115,0.07583509531977395,0.03803971713608656,0.08388679664747345,0.04609141846378606,2025-04-21
NFLX,2025-01-21,16.0,0.42,0.43,0.023809523809523832,beat,after close,1.1476868944618872,0.11305704233510605,0.024330136477071773,0.11409564689095265,0.025368741032918377,0.13401625785240426,0.04528935199436998,0.11886828542247731,0.03014137956444303,0.1182228734947377,0.026900948161364235,0.12440718615531243,0.03308526082193897,0.15375394475085424,0.06243201941748078,0.15777338612435943,0.06645146079098596,0.11671026278180086,0.029738998389311044,0.08642439262427126,-0.0005468717682185487,0.11339178067230615,0.026420516279816342,0.10892141531665911,0.021950150924169298,2025-01-22
NFLX,2024-10-17,16.0,0.51,0.54,0.058823529411764754,beat,after close,1.1652631834358167,0.11672972180845867,0.011481589592350044,0.09880681690720472,-0.0064413153089039055,0.11110235596137048,0.005854223745261858,0.15638722975858083,0.0511390975424722,0.11937425221222675,0.012350337226477714,0.10471425775698107,-0.0023096572287679695,0.12044651420974828,0.013422599223999243,0.1814228431014715,0.07439892811572246,0.11812622149104612,0.014654358452088623,0.09579623147614413,-0.0076756315628133676,0.08078454559022208,-0.022687317448735422,0.13770419276773216,0.03423232972877466,2024-10-18
NFLX,2024-07-18,16.0,0.48,0.49,0.020833333333333353,beat,after close,1.1975140366647024,0.000948973902959593,0.009046407910968541,-0.006196243831176635,0.0019011901768323132,-0.01408316078360937,-0.005985726775600421,0.0233460260400202,0.03144346004802915,0.003603734113956536,0.012047767094903072,-0.0032844962674882794,0.005159536713458257,-0.010494794261909801,-0.0020507612809632647,0.044573298796307004,0.05301733177725354,0.0074881806375960425,0.01812788135703336,0.0026952471192832617,0.013334947838720579,-0.03812619875152434,-0.027486498032087026,0.03870720581470488,0.0493469065341422,2024-07-19
NFLX,2024-04-18,16.0,0.45,0.53,0.1777777777777778,beat,after close,1.221740558939561,-0.09580202555677518,-0.013788505211618604,-0.10994164318615651,-0.027928122840999936,-0.093746940696619,-0.011733420351462423,-0.08361587779910326,-0.0016023574539466845,-0.09220651615982656,-0.010002004326681968,-0.09558393657686548,-0.013379424743720891,-0.06929184374987707,0.01291266808326752,-0.03394160362371157,0.04826290820943302,-0.08215774987813651,-0.002176880669291892,-0.0762440604274427,0.0037368087814019235,-0.045354763016148714,0.034626106192695905,-0.0045653660342207525,0.07541550317462387,2024-04-19
NFLX,2024-01-23,16.0,0.22,0.21,-0.0454545454545455,miss,after close,1.2373988225751835,0.1296069455703899,0.02431831996728015,0.14512764777196313,0.03983902216885338,0.0961042319524223,-0.009184393650687447,0.12129734042333502,0.01600871482022527,0.13193841322744615,0.025999873265780016,0.14654173706484463,0.0406031971031785,0.10688138739191133,0.0009428474302451972,0.14051556022423461,0.03457702026256848,0.11598806574938525,0.015163512210914831,0.13999819037308614,0.03917363683461572,0.09309427001689563,-0.007730283521574788,0.13096562020862346,0.03014106667015304,2024-01-24
NFLX,2023-10-18,16.0,0.35,0.37,0.0571428571428572,beat,after close,1.525602525669058,0.18851649675243481,0.015647252806122447,0.22234890947356103,0.04947966552724867,0.20248786573635277,0.029618621790040406,0.21955440814578148,0.04668516419946911,0.17960596512829496,0.010271828463134791,0.2069849870572128,0.037650850392052626,0.21542013678053518,0.046086000115375,0.26675752707956246,0.09742339041440229,0.1688075942071815,0.007218336630656852,0.22367787284903495,0.062088615272510306,0.225620275326763,0.06403101775023834,0.2692951847550845,0.10770592717855987,2023-10-19
NFLX,2023-07-19,16.0,0.29,0.33,0.13793103448275876,beat,after close,1.451877858618653,-0.10229350139384824,-0.02524748711873634,-0.14738259567795092,-0.07033658140283902,-0.10530383046124941,-0.028257816186137513,-0.15584638206590937,-0.07880036779079747,-0.10015349880295743,-0.022678445582832274,-0.13464048861801736,-0.057165435397892206,-0.08330630361342872,-0.005831250393303566,-0.12087376909511915,-0.043398715874994,-0.07698729099700763,-0.012711595680239163,-0.13978104784786327,-0.0755053525310948,-0.0932021764273332,-0.028926481110564728,-0.13233168656088334,-0.06805599124411488,2023-07-20
NFLX,2023-04-18,16.0,0.29,0.29,0.0,inline,after close,1.564937981708965,-0.0177463308117619,0.01456781997255946,-0.005369509158697411,0.026944641625623947,-0.02955212183448798,0.0027620289498333783,-0.0023414471652671714,0.029972703619054186,-0.019177488227820838,0.012358536920976326,-0.01363845932145491,0.017897565827342254,-0.028181882554762505,0.003354142594034659,0.01784099934479455,0.049377024493591715,-0.006975700236643068,0.01721952442484087,0.005074659765026968,0.029269884426510906,-0.04419138575073511,-0.019996161089251174,-0.01602437936297052,0.008170845298513418,2023-04-19
NFLX,2022-10-18,16.0,0.21,0.31,0.4761904761904762,beat,after close,1.6764079481335972,0.14714848712820133,0.0014838945974741669,0.1951456383851169,0.04948104585438973,0.15208499814260518,0.006420405611878011,0.2095385251638966,0.06387393263316943,0.1308431126269216,-0.0071079499888165865,0.19757965259111754,0.05962858997537934,0.1275777853933563,-0.010373277222381905,0.19335867541072105,0.05540761279498285,0.11215199311388568,-0.017907146000830654,0.21556121398023953,0.08550207486552319,0.2007602036974423,0.07070106458272596,0.24648298151771897,0.11642384240300263,2022-10-19
NFLX,2022-07-19,16.0,0.29,0.32,0.10344827586206906,beat,after close,1.5463353460557396,0.08869936681620472,0.021865918890775937,0.10711262530489304,0.040279177379464265,0.07238432933966643,0.005550881414237652,0.1241400871177854,0.05730663919235662,0.09126956883033044,0.024191640065528208,0.10005021390649615,0.032972285141693924,0.06728472905140015,0.00020680028659791905,0.10273663192474602,0.035658703159943794,0.0918776108161331,0.034891550853528686,0.12260496453526082,0.0656189045726564,0.11293153310137038,0.055945473138765967,0.15661016520029136,0.09962410523768694,2022-07-20
NFLX,2022-04-19,16.0,0.29,0.35,0.20689655172413793,beat,after close,1.2171001940240165,-0.3641670006117199,-0.01546965063918887,-0.44267018940929703,-0.09397283943676599,-0.3876738725503469,-0.038976522577815864,-0.3917612685507266,-0.04306391857819558,-0.3707067093019304,-0.020282220312340837,-0.46584977736214095,-0.1154252883725514,-0.4123100580408413,-0.061885569051251754,-0.4511722295979461,-0.10074774060835656,-0.3145848315753603,-0.006774788795812281,-0.3923873948359877,-0.08457735205643968,-0.3801869427970971,-0.07237690001754904,-0.42704857331342716,-0.11923853053387912,2022-04-20
NFLX,2021-10-19,16.0,0.26,0.32,0.23076923076923075,beat,after close,0.8921508286258047,0.01726814379174806,0.04247873360080443,0.031580469872204364,0.05679105968126073,0.04869556030678328,0.07390615011583965,0.04895118483506494,0.07416177464412131,0.01659579461683869,0.04221371093640092,0.03088733694858614,0.05650525326814837,0.04554436119107719,0.07116227751063942,0.045161766768848755,0.07077968308841098,0.018242661429868523,0.041890768398651135,0.06183329662249548,0.0854814035912781,0.08830673113272347,0.11195483810150608,0.09744265008669006,0.12109075705547268,2021-10-20
AMZN,2026-07-30,16.0,1.83,5.75,2.14207650273224,beat,after close,1.468815288277775,0.1691740743205234,0.0257145886912446,0.10859725046272195,-0.03486223516655684,0.06335038217760239,-0.0801091034516764,0.100622625446997,-0.04283686018228179,0.1775690632342244,0.03156304464768622,0.12331084877936782,-0.022695169807170346,0.07579942433215003,-0.07020659425438813,0.10059589620854847,-0.04541012237798969,0.14782912321532748,0.027544340330042827,0.100134157473454,-0.020150625411830658,0.0704930101314557,-0.049791772753828956,0.0941547806515004,-0.026130002233784255,2026-07-31
AMZN,2026-04-29,16.0,1.64,2.78,0.6951219512195121,beat,after close,1.5197253916304647,0.0014882749414321245,0.008397121697313478,-0.008455014755875474,-0.0015461679999941198,-0.05430536948667263,-0.04739652273079128,-0.05229192151372147,-0.04538307475784012,0.007033440231246635,0.009303727041428234,0.002855742012295215,0.005126028822476814,-0.03395944611491564,-0.03168915930473404,-0.03142795602195114,-0.029157669211769544,0.004462708681690852,0.009706964547905317,0.004846325759117476,0.01009058162533194,0.0006083156799526757,0.00585257154616714,-0.0047695454808919235,0.00047471038532254095,2026-04-30
AMZN,2026-02-05,16.0,1.95,1.95,0.0,inline,after close,1.33373735199091,-0.09344064472207887,-0.01317168048167347,-0.11484141425508713,-0.03457245001468173,-0.07898559657193109,0.0012833676684743112,-0.021897739979833186,0.058371224260572216,-0.08716224899969105,-0.012429248624526879,-0.11790807966145544,-0.043175079286291274,-0.08604095821091495,-0.011307957835750782,-0.03954405960623841,0.03518894076892576,-0.06351106423761599,-0.0038783779375543004,-0.10027683396850073,-0.040644147668439046,-0.057414580506430224,0.002218105793631464,-0.013758747359193357,0.04587393894086833,2026-02-06
AMZN,2025-10-30,16.0,1.56,1.95,0.24999999999999992,beat,after close,1.3182204718850583,0.1288705842401562,0.037460819324483585,0.11445339206310064,0.02304362714742801,0.07186592615753647,-0.01954383875813616,0.05251718565175181,-0.03889257926392081,0.13073388597058888,0.038169158439278705,0.11099098997370083,0.01842626244239065,0.06949771675521477,-0.02306701077609541,0.05533004531947405,-0.03723468221183612,0.10007462309942072,0.030668062306882904,0.08815646988758807,0.018749909095050254,0.06921271395617656,-0.00019384683636125555,0.04252833741138762,-0.0268782233811502,2025-10-31
AMZN,2025-07-31,16.0,1.32,1.68,0.2727272727272726,beat,after close,1.3425279119904,-0.09594824568644847,-0.03504917401319571,-0.05791390957372798,0.002985162099524777,-0.03488292601482983,0.026016145658422925,-0.048460872353297796,0.012438199319954962,-0.09594088583796845,-0.02963521494056487,-0.05380510055859422,0.012500570338809358,-0.02636440331235501,0.03994126758504857,-0.036945837527283976,0.029359833370119603,-0.08476997693205635,-0.02618991819657357,-0.05658242514629752,0.001997633589185255,-0.04268743522102858,0.015892623514454196,-0.06289532294423517,-0.00431526420875239,2025-08-01
AMZN,2025-05-01,16.0,1.36,1.59,0.1691176470588235,beat,after close,1.426821731902509,-0.032529778713844264,-0.010559116220936134,0.0025043750340897316,0.02447503752699786,-0.0036992225611500503,0.01827143993175808,0.008716928711061158,0.030687591203969286,-0.0293736846800986,-0.01337277939556214,0.0048537844894440685,0.020854689773980528,0.019077611175279285,0.035078516459815745,0.026943845508644704,0.04294475079318116,-0.025167802856274735,-0.00848320616571363,-0.005083220562214219,0.011601376128346885,-0.012733055506763513,0.003951541183797591,0.00789118705921421,0.024575783749775315,2025-05-02
AMZN,2025-02-06,16.0,1.48,1.86,0.25675675675675685,beat,after close,1.5120806158510338,-0.019744366944182405,0.00704451033869323,-0.05143881987083248,-0.024649942587956844,-0.0925458333018001,-0.06575695601892448,-0.08636808023453668,-0.059579202951661046,-0.02075639880823743,0.010620996380185543,-0.047934495170919855,-0.01655709998249688,-0.09905733393310512,-0.06767993874468214,-0.12375058490722668,-0.0923731897188037,-0.006973836187105675,0.013998829215980724,-0.02914857283280403,-0.008175907429717633,-0.05876697070051129,-0.03779430529742489,-0.054776516365547145,-0.033803850962460746,2025-02-07
AMZN,2024-10-31,16.0,1.14,1.43,0.25438596491228077,beat,after close,1.4877752694199455,0.04878363773230424,-0.007225643227361647,0.04001705373145111,-0.015992227228214778,0.047516543977531016,-0.008492736982134874,0.04753692298283906,-0.008472357976826828,0.048927178711238084,-0.008708512611502628,0.06234280870516684,0.004707117382426129,0.05748348801887759,-0.00015220330386311876,0.0678864071249683,0.010250715802227583,0.038189556668490554,-0.007414000555597711,0.02390583114757161,-0.021697726076516655,0.005515128290779936,-0.04008842893330833,-0.003613640610217961,-0.049217197834306226,2024-11-01
AMZN,2024-08-01,12.0,1.02,1.26,0.23529411764705882,beat,during hours,1.5067012786941707,-0.05471523848692145,-0.06014167100445081,-0.06239599547991653,-0.0678224279974459,-0.057053062859594474,-0.062479495377123835,-0.10580010391291864,-0.111226536430448,-0.07063082427913292,-0.0692287339413361,-0.07868268981700222,-0.0772805994792054,-0.05048832375241241,-0.0490862334146156,-0.09086969893003571,-0.0894676085922389,-0.042077637631559583,-0.0510491135836183,-0.04073877051156427,-0.04971024646362299,-0.021874239602124312,-0.03084571555418303,-0.06210184947751474,-0.07107332542957345,2024-08-01
AMZN,2024-04-30,16.0,0.83,0.98,0.1807228915662651,beat,after close,1.5405451930059455,0.04371470819489987,0.016700555772051054,0.021210152867795578,-0.00580399955505324,-0.03085730213064857,-0.05787145455349739,-0.05467646262316197,-0.08169061504601079,0.0487061532542451,0.022601870640282185,0.042513997347321086,0.01640971473335817,0.007730470858580807,-0.018373811755382108,-0.014943107659450061,-0.041047390273412976,0.04846983902087476,0.019349300854464513,0.05971380402802029,0.03059326586161004,0.04287012170890059,0.01374958354249034,0.028692235624429685,-0.00042830254198056306,2024-05-01
AMZN,2024-02-01,16.0,0.8,1.0,0.24999999999999994,beat,after close,1.4742524959883436,0.058510566949518464,-0.003999254581713657,0.054660614342796475,-0.007849207188435646,0.02790344171521096,-0.03460637981602116,0.031393247393054324,-0.031116574138177797,0.06304975712005978,-0.005089389847142578,0.0700293255862593,0.001890178619056937,0.04493592432427562,-0.023203222642926735,0.06691939341685882,-0.0012197535503435386,0.0661826500207886,0.005368228335633218,0.061867748326630445,0.0010533266414750608,0.0381322933029713,-0.022682128382184086,0.06591663361726874,0.005102211932113354,2024-02-02
AMZN,2023-10-26,16.0,0.58,0.94,0.6206896551724138,beat,after close,1.5319324911469219,0.09556909189638133,0.02044447348507833,0.06957701979357472,-0.005547598617728272,0.08357590950586864,0.008451291094565647,0.06382168087397273,-0.011302937537330263,0.09981236212013844,0.026951482674551386,0.0984704893634637,0.02560960991787664,0.12048569172283408,0.04762481227724702,0.11881460374969932,0.045953724304112264,0.08760675884394242,0.029748662536344117,0.0714277776017691,0.013569681294170799,0.09941076674128202,0.041552670433683714,0.08519250011434165,0.027334403806743346,2023-10-27
AMZN,2023-08-03,16.0,0.34,0.65,0.9117647058823529,beat,after close,1.5105545173462223,0.09701492715918321,0.0066459600361590265,0.09049871867346093,0.00012975155043674913,0.0881923396170308,-0.0021766275059933865,0.08310174512783756,-0.007267221995186618,0.097474176852685,0.010258283228156362,0.08183377041141315,-0.005382123213115486,0.06478671483424026,-0.022429178790288384,0.0683296619504663,-0.018886231674062337,0.0768723855204394,0.008727388334914377,0.0707942563731685,0.0026492591876434712,0.07530592480818787,0.007160927622662849,0.06939649572720152,0.001251498541676499,2023-08-04
AMZN,2023-04-27,16.0,0.21,0.31,0.4761904761904762,beat,after close,1.6590186171469192,-0.08264221767475677,-0.029628491653778795,-0.03280129622341102,0.020212429797566954,0.019542941139860763,0.07255666716083874,0.08230073245093178,0.13531445847190976,-0.07956052827472826,-0.03123285325395775,-0.03787302428560946,0.010454650735161053,0.008129049144019351,0.05645672416478986,0.07509638670498542,0.12342406172575593,-0.06473762386790116,-0.02236847776245321,-0.03536929831690372,0.006999847788544233,0.003728025195757989,0.04609717130120594,0.06299549416185257,0.10536464026730052,2023-04-28
AMZN,2023-02-02,16.0,0.17,0.03,-0.823529411764706,miss,after close,1.6116986765479782,-0.06734250611158277,-0.0010059684040928663,-0.10256060076067319,-0.03622406305318329,-0.09892799244453221,-0.03259145473704231,-0.11472065701253867,-0.04838411930504877,-0.07927754527913633,-0.005591755264241938,-0.12044918653298708,-0.04676339651809269,-0.12211840790130868,-0.048432617886414286,-0.1503121550137123,-0.07662636499881792,-0.06376292407106288,-0.010249548766862016,-0.08932126393014128,-0.03580788862594042,-0.10942135224810412,-0.05590797694390326,-0.10911993510732787,-0.05560655980312701,2023-02-03
AMZN,2022-10-27,16.0,0.21,0.28,0.33333333333333354,beat,after close,1.647400055224862,-0.10492260713101426,0.002416083894421467,-0.17873426638216552,-0.0713955753567298,-0.16530217714047976,-0.05796348611504404,-0.22538463026668296,-0.11804593924124723,-0.09399007089218014,-0.0021568730262976343,-0.18381648711209053,-0.09198328924620802,-0.1316763331406,-0.0398431352747175,-0.19472844407269307,-0.10289524620681056,-0.07190473302365652,-0.0029646515353647374,-0.1415468574042359,-0.07260677591594411,-0.08747987059161688,-0.0185397891033251,-0.13413091952798306,-0.06519083803969128,2022-10-28
AMZN,2022-07-28,16.0,0.12,-0.2,-2.666666666666667,miss,after close,1.5638921459087725,0.0905619939415387,0.008819367080682594,0.12411300133494671,0.0423703744740906,0.09783298307823174,0.01609035621737563,0.09681125413713401,0.015068627276277904,0.0952577570906431,0.006221873443900239,0.1288744782845037,0.03983859463776085,0.11645282746597763,0.027416943819234763,0.07721500392701741,-0.011820879719725452,0.06311284304224896,-0.0017139865544928412,0.09886898662070587,0.03404215702396407,0.084940454320663,0.020113624723921197,0.05489908082448758,-0.009927748772254219,2022-07-29
AMZN,2022-04-28,16.0,0.42,-0.38,-1.9047619047619049,miss,after close,1.2777699392430584,-0.09799661863095334,-0.005328131107212364,-0.16545299987635192,-0.07278451235261095,-0.1448405176122439,-0.05217203008850292,-0.15910487536646128,-0.06643638784272031,-0.10780031765226128,-0.0042614045354758545,-0.17947646374185366,-0.07593755062506824,-0.16820393541129997,-0.06466502229451454,-0.17881194696379032,-0.0752730338470049,-0.10253255927996219,-0.012853974984338823,-0.13884601912737016,-0.04916743483174679,-0.11511797113068278,-0.02543938683505942,-0.10561500443965066,-0.015936420144027297,2022-04-29
AMZN,2022-02-03,16.0,0.18,1.39,6.722222222222222,beat,after close,1.0510205304713032,0.13703223180563462,0.0059333725130949755,0.12649919112670016,-0.004599668165839482,0.14044437150038724,0.0093455122078476,0.08193218621750487,-0.04916667307503478,0.13574373512863025,0.005087284023478467,0.12172520774188833,-0.008931243363263452,0.1315516557158326,0.000895204610680822,0.06451550469180323,-0.06614094641334856,0.11085348743827073,0.003938217781188191,0.1006829946330291,-0.006232275024053435,0.09866358737583913,-0.0082516822812434,0.09289384868814032,-0.014021420968942211,2022-02-04
AMZN,2021-10-28,16.0,0.44,0.31,-0.29545454545454547,miss,after close,1.00069795424263,-0.03985572462225431,-0.0170711595629525,0.004280494068736486,0.027065059128038298,0.013257859432354711,0.036042424491656525,0.03812661414478839,0.060911179204090206,-0.04136736736115487,-0.017827088781871003,-0.0002468734778080517,0.023293405101475817,0.0049430104845840095,0.028483289063867878,0.022236715609738722,0.04577699418902259,-0.058554645960472995,-0.03445155806209965,-0.0302572096110445,-0.006154121712671157,0.008015873401522988,0.03211896129989633,0.002399101551262217,0.02650218944963556,2021-10-29
TSLA,2026-07-22,16.0,0.54,0.33,-0.3888888888888889,miss,after close,2.0294716462854816,-0.14259018312999103,-0.02265521801206763,-0.1620241466083808,-0.0420891814904574,-0.1987079616365069,-0.0787729965185835,-0.10132657717129853,0.018608387946624866,-0.15473617909489124,-0.021848658712844693,-0.1710202727107879,-0.03813275232874136,-0.17196602062284316,-0.03907850024079662,-0.08486397030212567,0.048023550079920874,-0.12591374047211112,-0.02680918504594898,-0.16532818816822614,-0.066223632742064,-0.18066331500142374,-0.0815587595752616,-0.08971442462725021,0.009390130798911933,2026-07-23
TSLA,2026-04-22,16.0,0.35,0.41,0.17142857142857143,beat,after close,2.2477484882221295,-0.03745557406589893,-0.010553535923794044,-0.038140199416314566,-0.01123816127420968,-0.0015079485424362715,0.025394089599668615,-0.01732116971706707,0.009580868425037817,-0.03255119705084197,-0.0008457147562246359,-0.024780924980925767,0.006924557313691571,0.03445602217476629,0.06616150446938363,0.03817826813368064,0.06988375042829797,-0.026745459352809697,-0.0011651844569051661,-0.009588945412858707,0.015991329483045824,0.054612554545688474,0.080192829441593,0.0829341402026097,0.10851441509851423,2026-04-23
TSLA,2026-01-28,16.0,0.45,0.5,0.11111111111111108,beat,after close,2.2181538876476794,0.009617940917332778,0.039807144395679825,-0.02353392887405708,0.006655274604289968,0.013610994874115611,0.043800198352462655,-0.0368420480828091,-0.006652844604462055,0.003681605555318712,0.03623106049081959,-0.05460056840065952,-0.022051113465158645,-0.010239438550890712,0.022310016384610165,-0.051485643373959,-0.018936188438458124,0.003642783582381237,0.03341366781866473,-0.045103012767430894,-0.015332128531147404,0.01661535028572203,0.04638623452200552,-0.024263374647721547,0.005507509588561943,2026-01-29
TSLA,2025-10-22,16.0,0.56,0.5,-0.10714285714285723,miss,after close,2.3008191221330625,-0.04704580887010483,-0.05449833364705293,-0.0461502466512371,-0.053602771428185196,-0.005655690353110256,-0.013108215130058352,-0.0781245780018512,-0.08557710277879929,-0.025287320874589847,-0.04216063189657371,-0.012444576264697305,-0.029317887286681166,0.018423718231429298,0.0015504072094454369,-0.07133970368922504,-0.0882130147112089,-0.0127152780947134,-0.03100964855936794,0.020256599531583652,0.001962229066929111,0.028876801831819843,0.010582431367165301,-0.02529089639895299,-0.04358526686360753,2025-10-23
TSLA,2025-07-23,16.0,0.4,0.4,0.0,inline,after close,2.3669841368515865,-0.05945427080468487,0.024272623024388186,-0.06846128285539552,0.01526561097367754,-0.029164355322711492,0.054562538506361564,-0.05692160589496487,0.026805287934108184,-0.051281512511207716,0.031019857103243398,-0.06719534042108799,0.015106029193363124,-0.022266972833526855,0.06003439678092426,-0.03301077127322871,0.0492905983412224,-0.03946431961396413,0.025953267423254545,-0.047953971324253386,0.017463615712965286,-0.011854900396624513,0.05356268664059416,-0.03013469515591849,0.03528289188130018,2025-07-24
TSLA,2025-04-22,16.0,0.41,0.27,-0.34146341463414626,miss,after close,2.8800176291116277,-0.019066799955477512,-0.026873448938946914,0.0238366682704578,0.016030019286988398,-0.03751342056706805,-0.04532006955053745,0.037144723616570216,0.029338074633100814,0.052094220118948265,0.013927452903065074,0.12680063563597377,0.08863386842009058,0.0942349043587416,0.05606813714285841,0.2539754068630208,0.2158086396471376,0.046378510386480665,0.015062747251266329,0.11906384386688573,0.0877480807316714,0.08904765913145563,0.05773189599624129,0.22469155169353827,0.19337578855832394,2025-04-23
TSLA,2025-01-29,16.0,0.77,0.73,-0.05194805194805199,miss,after close,2.43508211928873,0.0357166776396932,0.021902553544189025,-0.06541653247382637,-0.07923065656933054,-0.13392804172042566,-0.14774216581592983,-0.2777875324131612,-0.2916016565086654,0.03948020469233915,0.016114424235823877,-0.04347979372700894,-0.06684557418352421,-0.09451554158453146,-0.11788132204104673,-0.2563299814672182,-0.27969576192373347,0.03415620809808395,0.015209300380206958,-0.03248185909624801,-0.051428766814125004,-0.06512290786653396,-0.08406981558441096,-0.202702824583464,-0.221649732301341,2025-01-30
TSLA,2024-10-23,16.0,0.6,0.72,0.2,beat,after close,2.1321627812181934,0.2527218771390692,0.03615879530978902,0.22517170557204963,0.008608623742769467,0.3192274344718552,0.10266435264257504,0.49315404374842653,0.27659096191914634,0.25081099707103005,0.03378352588893019,0.19503650005714201,-0.021990971124957848,0.3321060482893815,0.11507857710728164,0.4826625682865816,0.26563509710448174,0.21794472479074356,0.03029111846428756,0.16382984676858003,-0.023823759557875968,0.2723215784106868,0.08466797208423082,0.40561089612767853,0.21795728980122253,2024-10-24
TSLA,2024-07-23,20.0,0.62,0.52,-0.16129032258064513,miss,after close,1.8038302710844933,-0.04780664947881561,0.031890751171128905,-0.022652616017356013,0.057044784632588504,-0.087371439046088,-0.007674038396143487,-0.043896613221025484,0.03580078742891903,-0.07575005612397945,0.02493339502918468,-0.043204228990011306,0.05747922216315282,-0.1694903943057703,-0.06880694315260616,-0.09068152310042454,0.010001928052739584,-0.05881356648543301,0.023639486831154022,-0.04112270534651019,0.04133034797007684,-0.1307654711500773,-0.04831241783349027,-0.07272961570851877,0.009723437608068264,2024-07-24
TSLA,2024-04-23,16.0,0.49,0.45,-0.08163265306122446,miss,after close,2.061806723680413,0.18190325992981865,0.05889869995011601,0.268594889267844,0.14559032928814133,0.17843554419273355,0.055430984213030915,0.17718347492126435,0.05417891494156171,0.17453612698485355,0.053450320306071775,0.24912059763848382,0.12803479095970205,0.18721994572409428,0.06613413904531251,0.19758138313355522,0.07649557645477345,0.15983841211291017,0.04879030206056556,0.2266907587204301,0.11564264866808549,0.17897365793429243,0.06792554788194782,0.22017938004825288,0.10913126999590828,2024-04-24
TSLA,2024-01-24,16.0,0.74,0.71,-0.04054054054054058,miss,after close,2.245927695793443,-0.12986708544168646,0.004924554058408387,-0.1126521094418439,0.02213953005825095,-0.1561969478752664,-0.021405308375171544,-0.1962531585101988,-0.061461519010103965,-0.12202656904642595,0.004665204099277176,-0.09463768634682301,0.03205408679888011,-0.10842637254302545,0.018265400602677673,-0.11112630503840004,0.015565468107303082,-0.11005514116684179,-0.00116923907944666,-0.09383546901076589,0.015050433076629233,-0.11445572726618591,-0.005569825178790788,-0.11321080618709434,-0.004324904099699212,2024-01-25
TSLA,2023-10-18,16.0,0.73,0.66,-0.09589041095890405,miss,after close,1.9090879174947941,-0.08855204413722642,-0.012877592761368253,-0.07608710341515776,-0.0004126520392995908,-0.09277354208611771,-0.017099090710259543,-0.10005508172454233,-0.024380630348684165,-0.108819383830423,-0.02460277893786289,-0.1172274710087734,-0.03301086611621329,-0.09711146694413109,-0.012894862051570977,-0.06939570087432978,0.01482090401823033,-0.08883217900177953,-0.021379331188264183,-0.09379177920699866,-0.02633893139348331,-0.0957914583947348,-0.028338610581219448,-0.07414750586252672,-0.0066946580490113705,2023-10-19
TSLA,2023-07-19,16.0,0.82,0.91,0.10975609756097571,beat,after close,1.6358739704307443,-0.09620572960857862,-0.010321970933406352,-0.11032650386038442,-0.024442745185212153,-0.07842820187594801,0.007455556799224258,-0.19175643125372455,-0.10587267257855228,-0.10169013878928146,-0.010954754468143868,-0.11788339293718941,-0.027148008616051822,-0.0942004902074034,-0.003465105886265807,-0.2317493255838785,-0.14101394126274092,-0.07448526895348218,-0.011188801800160242,-0.08358120174713324,-0.020284734593811304,-0.06356964272786514,-0.0002731755745432052,-0.19334990410380593,-0.130053436950484,2023-07-20
TSLA,2023-04-19,16.0,0.85,0.85,0.0,inline,after close,1.687402215347431,-0.07469856568882041,0.012531680446101784,-0.10011489406560206,-0.012884647930679866,-0.05843726271126999,0.028792983423652205,-0.010377808671910595,0.0768524374630116,-0.0799552181806571,0.012045974680733984,-0.10887191396665608,-0.016870721105264996,-0.08443293215014691,0.007568260711244168,-0.022819936925963735,0.06918125593542734,-0.0802798924142174,0.0017768964129227793,-0.10965496043021639,-0.027598171603076205,-0.08098494845797366,0.0010718403691665213,-0.043069962615745694,0.03898682621139449,2023-04-20
TSLA,2023-01-25,16.0,1.11,1.19,0.07207207207207193,beat,after close,1.7471423617799657,0.1989295809386345,0.10722295266426733,0.21737775977080248,0.12567113149643533,0.3616929680615702,0.26998633978720304,0.3766035496443259,0.28489692136995876,0.20638654827506797,0.10770415241955877,0.2403208679600235,0.1416384721045143,0.3610757193244827,0.2623933234689735,0.34404966051470753,0.24536726465919834,0.1765283852659436,0.08732024424259399,0.18234949363893882,0.0931413526155892,0.32015795254429114,0.23094981152094152,0.3168518824854375,0.22764374146208788,2023-01-26
TSLA,2022-10-19,17.0,1.0,1.05,0.050000000000000044,beat,after close,1.9856768974365906,-0.06667127362646331,-0.015279460350015497,-0.05339960729121551,-0.0020077940147676943,-0.05781147603366689,-0.006419662757219072,-0.35013344993067863,-0.2987416366542308,-0.04784801993604859,0.010241323259143176,-0.013194917503269621,0.044894425691922146,-0.032638319897788204,0.025451023297403563,-0.2474651404384125,-0.18937579724322073,-0.04170890233377256,0.005417581119008252,-0.009002129995802743,0.038124353456978066,0.0077912025296470455,0.054917685982427855,-0.18013989078858372,-0.1330134073358029,2022-10-20
TSLA,2022-07-20,17.0,0.6,0.76,0.2666666666666667,beat,after close,1.9594261072255779,0.09504741131106753,0.01867519098627507,0.06859335664262368,-0.007778863682168777,0.11808657809763812,0.041714357772845656,0.025111681395039505,-0.051260538929752957,0.09887526818833625,0.011253408950827604,0.10510222203448338,0.017480362796974735,0.18118748181975697,0.09356562258224832,0.1346720507114747,0.04705019147396605,0.08269287468412856,0.007757323954584838,0.10255983232481913,0.027624281595275413,0.1332799762771828,0.05834442554763908,0.09561718943938557,0.020681638709841854,2022-07-21
TSLA,2022-04-20,16.0,0.75,1.07,0.42666666666666675,beat,after close,1.6675310930468543,0.09735859316106121,0.04108208974120595,-0.04229504784856984,-0.0985715512684251,0.005920623287301401,-0.05035588013255386,-0.09862845180268874,-0.154904955222544,0.07101198839680833,0.023741548782295507,-0.061461777884332935,-0.10873221749884576,-0.029354962683037278,-0.0766254022975501,-0.16327614588474915,-0.21054658549926197,0.06152441540243003,0.019524573949691648,-0.043305413349195465,-0.08530525480193385,0.022727744010059836,-0.01927209744267855,-0.06090380897714065,-0.10290365042987903,2022-04-21
TSLA,2022-01-26,16.0,0.79,0.85,0.07594936708860751,beat,after close,1.845751049065342,-0.13022337709288706,-0.024414982863074614,-0.09058263539054856,0.015225758839263887,-0.0829293019871587,0.022879092242653748,-0.1322627237643387,-0.026454329534526255,-0.11463348776466509,-0.004029652706987852,-0.06818564512475311,0.04241818993292412,-0.058222751154974106,0.05238108390270313,-0.1348361339146641,-0.024232298856986856,-0.09229744319973254,-0.0009958306052324506,-0.042823029542106705,0.04847858305239339,-0.06292140225410003,0.02838021034040006,-0.1137805949835029,-0.02247898238900281,2022-01-27
TSLA,2021-10-20,15.0,0.54,0.62,0.14814814814814806,beat,during hours,1.7323895581517506,0.021167883845306722,0.027127209096731136,0.17304662393590053,0.17900594918732496,0.2900479200149311,0.2960072452663555,0.17138087758253628,0.1773402028339607,0.027805293385173346,0.02996273050214615,0.1839683223791182,0.186125759496091,0.3228409596265701,0.3249983967435429,0.2188658512538415,0.2210232883708143,0.02038765369056228,0.01788365230799882,0.15373624275285835,0.1512322413702949,0.2706842297876234,0.26818022840505995,0.16863108272192096,0.1661270813393575,2021-10-20
HD,2026-08-18,6.0,4.73,4.92,0.0401691331923889,beat,before open,0.6660453634118575,0.02376246649803382,0.019599091120385395,0.011345075169200459,0.0071816997915520354,-0.03552667607494618,-0.039690051452594605,-0.06817031197874222,-0.07233368735639065,0.023682022575876815,0.018080530512915693,0.009345530294513904,0.003744038231552782,-0.039828006936756255,-0.04542949899971738,-0.07730635759652549,-0.08290784965948661,0.0031999032892879864,0.0010136682830925725,-0.009980055242784336,-0.01216629024897975,-0.035918820391678596,-0.03810505539787401,-0.04470469114358966,-0.04689092614978507,2026-08-18
HD,2026-05-19,6.0,3.41,3.43,0.005865102639296193,inline,before open,0.7012695600125092,0.034875231216397254,0.020579539401485266,0.053102222622637404,0.03880653080772542,0.038695923001200234,0.024400231186288247,0.11350886037312444,0.09921316855821245,0.03209845006002554,0.0166653958651235,0.043217366262395585,0.027784312067493544,0.02303369219351603,0.0076006379986139905,0.09436411882384044,0.0789310646289384,0.021478854852461926,0.0016166396404106997,0.014643981227098868,-0.0052182339849523585,0.039648443080569584,0.019786227868518358,0.10355878853790956,0.08369657332585834,2026-05-19
HD,2026-02-24,6.0,2.52,2.72,0.07936507936507943,beat,before open,0.595877477354021,-0.011609624540964404,-0.027674338749683294,-0.021201940195133454,-0.037266654403852344,-0.042480466888997814,-0.058545181097716704,-0.08536853491527514,-0.10143324912399404,-0.01901291244123471,-0.03161230411852112,-0.023199403680542074,-0.03579879535782848,-0.04530929318711796,-0.05790868486440437,-0.08017960410182046,-0.09277899577910687,-0.021523110376172716,-0.02617236127344802,-0.020840517761934962,-0.025489768659210266,-0.048448472292373146,-0.05309772318964845,-0.07690182256521438,-0.08155107346248969,2026-02-24
HD,2025-11-18,6.0,3.83,3.74,-0.02349869451697124,miss,before open,0.6512474463176217,-0.062124246499729516,-0.007901565336618108,-0.022405412762304434,0.031817268400806974,-0.008964575873867953,0.045258105289243455,0.011919225548411,0.06614190671152241,-0.06154055811344106,-0.009747695601485806,-0.030388812299317003,0.021404050212638248,-0.024014885500503347,0.027777977011451904,-0.0017456537792009952,0.050047208732754256,-0.04766897449430796,-0.005929026241212942,-0.03712383014411902,0.004616118108975997,-0.04140718633541551,0.0003327619176795027,-0.04631222253334122,-0.004572274280246202,2025-11-18
HD,2025-08-19,6.0,4.69,4.68,-0.0021321961620470523,inline,before open,0.6146325662015183,0.02348127378755461,-0.011649226758738147,0.03228299990973478,-0.002847500636557976,0.034655455720180126,-0.00047504482611263055,0.05018809051553345,0.015057589969240691,0.026342989221671553,-0.010751737202489342,0.030349537802725868,-0.006745188621435028,0.03291241465367967,-0.0041823117704812285,0.03800859904493148,0.0009138726207705838,0.02861528861701157,-0.0035327626938151946,0.016734026286269854,-0.01541402502455691,0.028951703289178954,-0.00319634802164781,0.012342231604921428,-0.019805819705905336,2025-08-19
HD,2025-05-20,6.0,3.59,3.56,-0.008356545961002732,inline,before open,0.6311566672921222,-0.010652231756204972,-0.006233730631417093,-0.02481770815637578,-0.0203992070315879,-0.02376320046545211,-0.01934469934066423,-0.09317842158659861,-0.08875992046181073,-0.0023986645633533588,0.00038056577388334567,-0.018130215477543232,-0.015350985140306528,-0.0202057793963466,-0.017426549059109897,-0.08665102549238646,-0.08387179515514975,0.002866965573546154,0.003805073543350912,-0.019956222864392692,-0.019018114894587934,-0.008124373303818544,-0.007186265334013786,-0.05172508413280941,-0.05078697616300465,2025-05-20
HD,2025-02-25,6.0,3.04,3.02,-0.006578947368421058,inline,before open,0.7521213645666833,0.025040336959321244,-0.0073245906505045935,0.025892346906461257,-0.0064725807033645805,0.018563405332467746,-0.013801522277358091,-0.01954661358725998,-0.05191154119708582,0.02574778929986654,-0.007649833742189971,0.033164838877283054,-0.00023278416477345854,0.03384516917282088,0.00044754613076436467,-0.015728499969106635,-0.04912612301116315,0.03063157626633828,-0.00303253526792735,0.04221934993098897,0.008555238396723341,0.063997772786345,0.03033366125207937,0.0008393030202440421,-0.032824808514021586,2025-02-25
HD,2024-11-12,6.0,3.66,3.67,0.0027322404371584114,inline,before open,0.9253518686813968,0.006195533083447606,0.016635547279781913,0.0064422013021714596,0.016882215498505767,0.0428545283230235,0.05329454251935781,0.013161820557966938,0.023601834754301245,0.007499158774265879,0.017153282333542297,0.010819275364799319,0.020473398924075736,0.048701266594520676,0.05835539015379709,0.0236999303507196,0.03335405390999602,0.009685905836645858,0.009095360974757938,0.014289780039863254,0.013699235177975333,0.04395409125503247,0.04336354639314455,-0.03751569340265559,-0.03810623826454351,2024-11-12
HD,2024-08-13,6.0,4.55,4.6,0.01098901098901095,inline,before open,1.035924227446034,0.00922205342231901,0.013319948264360688,0.015685575835131742,0.01978347067717342,0.029886749987643395,0.03398464482968507,0.04795790443525758,0.05205579927729926,0.008686801591588411,0.012813589072735443,0.013652943316210253,0.017779730797357285,0.02494258604168531,0.029069373522832342,0.03637689880142614,0.04050368628257317,0.00857368144171633,0.021305335726235608,-0.00477729746063249,0.007954356823886788,0.007440964762290947,0.020172619046810225,-0.01093484446096138,0.0017968098235578989,2024-08-13
HD,2024-05-14,6.0,3.61,3.63,0.005540166204986155,inline,before open,1.033340371412709,0.004897503209276947,0.011092857954085374,-0.034833972050642606,-0.02863861730583418,-0.05578408159321975,-0.04958872684841133,-0.02411359866952645,-0.017918243924718025,0.005674149653778882,0.011611123971718929,-0.03353615961101075,-0.027599185293070705,-0.05428829273040181,-0.04835131841246176,-0.020604493789576184,-0.014667519471636137,0.016580247794239167,0.022483040091210382,-0.017266176006199507,-0.011363383709228292,-0.022331903648023954,-0.01642911135105274,0.00801091681583388,0.013913709112805095,2024-05-14
HD,2024-02-20,6.0,2.77,2.82,0.018050541516245425,inline,before open,1.045145539199401,0.010237377897931818,0.0036162019848956966,0.021972338040409756,0.015351162127373634,0.03048285111355828,0.023861675200522157,0.021129658205047995,0.014508482292011873,0.009509554904110429,0.0033970063681429963,0.021088141979446418,0.014975593443478985,0.028325099894542682,0.02221255135857525,0.0172729896695466,0.011160441133579169,0.006962829184413488,-0.0030845047832290806,0.016811572967645683,0.006764239000003114,0.03656903306787507,0.0265216991002325,0.041324351658461156,0.03127701769081859,2024-02-20
HD,2023-11-14,6.0,3.76,3.81,0.013297872340425603,inline,before open,0.9803296264860366,0.048633538731777545,0.013290449607375472,0.032972690348384834,-0.0023703987760172393,0.057051965846278,0.02170887672187593,0.12662526420755876,0.0912821750831567,0.047515139980168986,0.012901241024212862,0.03030694929526334,-0.004306949660692783,0.05259012085878134,0.017976221902825218,0.11800805604320441,0.08339415708724829,0.03415416238289559,0.013824492582933612,0.025913147363924027,0.005583477563962047,0.04251588886834601,0.022186219068384028,0.09911226946600882,0.07878259966604684,2023-11-14
HD,2023-08-15,6.0,4.44,4.65,0.047297297297297286,beat,before open,1.0660233082826354,0.02975652762340136,0.01060150129011805,0.00791153795740818,-0.011243488375875129,-0.0032143031009185426,-0.022369329434201852,-3.9309769483547585e-05,-0.019194336102766857,0.028303591844669573,0.010017345418707246,0.005839293428027137,-0.01244695299793519,-0.004126128308813315,-0.022412374734775642,-0.0023329088690471345,-0.02061915529500946,0.03533125593178432,0.015066123773619267,0.015784271361630853,-0.004480860796534203,0.0023334848120104557,-0.0179316473461546,-0.023404880132735784,-0.04367001229090084,2023-08-15
HD,2023-05-16,6.0,3.8,3.82,0.005263157894736847,inline,before open,0.9650931177860003,0.008845732635370467,0.02391802757453221,0.020337142868623426,0.035409437807785174,-0.020397126036894975,-0.00532483109773323,-0.0075677219374072945,0.00750457300175445,0.008653556542475238,0.023493434071147457,0.0202336495135772,0.03507352704224942,-0.020826095523222565,-0.005986217994550347,-0.009592251634552573,0.005247625894119645,-0.0026613626997674666,0.014807462190980836,0.01134192760188768,0.028810752492635983,-0.03354657176756437,-0.016077746876816068,-0.06555386189792867,-0.048085037007180365,2023-05-16
HD,2023-02-21,6.0,3.29,3.3,0.0030395136778114855,inline,before open,0.9497825628904788,-0.04810172785223072,0.003734742821055584,-0.04295312601353275,0.008883344659753552,-0.06861299726341666,-0.016776526590130354,-0.07426932772763753,-0.022432857054351225,-0.04646240588460049,0.004085302096262344,-0.039904485151651126,0.010643222829211707,-0.06442588872312804,-0.013878180742265211,-0.06758008988652997,-0.017032381905667138,-0.039579504150135114,-0.0023773894421805775,-0.0338046833478598,0.003397431360094738,-0.03762705903492736,-0.00042494432697282036,-0.05377361442403261,-0.016571499716078075,2023-02-21
HD,2022-11-15,6.0,4.12,4.24,0.029126213592233035,beat,before open,0.8763450892463567,0.025801499261303595,0.016595918664328788,0.048957338025020336,0.03975175742804553,0.03755320825266614,0.028347627655691335,0.08833574163553362,0.07913016103855881,0.024976484436146085,0.017182433371208172,0.045307436701774395,0.03751338563683648,0.02965786848406604,0.02186381741912813,0.07934968707679457,0.07155563601185666,0.02748904249075179,0.02482252587921574,0.07308010379110896,0.07041358717957291,0.03720554903045681,0.034539032418920756,0.11837527283904992,0.11570875622751386,2022-11-15
HD,2022-08-16,6.0,4.93,5.05,0.024340770791075075,beat,before open,0.8544600717455911,0.03986001743241033,0.0010301301998010826,0.00936273102402327,-0.029467156208585976,-0.00709417775115875,-0.045924064983768,-0.05082696004315278,-0.08965684727576202,0.04078084362187995,0.002149587021518684,0.015544690525200133,-0.02308656607516113,0.0044858549015222016,-0.03414540169883906,-0.03726609640044731,-0.07589735300080858,0.03534729718189478,0.005804850293759878,0.022198117893082125,-0.0073443289950527735,0.015324420751191115,-0.014218026136943784,-0.055252153474745214,-0.08479460036288011,2022-08-16
HD,2022-05-17,6.0,3.69,4.09,0.10840108401084009,beat,before open,0.8473833396569088,-0.01802040815017564,-0.01779423211458219,-0.011161803397474343,-0.010935627361880893,-0.0034573035205739617,-0.003231127484980512,0.005698995494125875,0.005925171529719325,-0.015902358331048028,-0.012089414418346989,-0.011655632551142325,-0.007842688638441286,-0.012241793727305272,-0.008428849814604233,0.0039031756636066506,0.0077161195763076895,0.004510478592885336,0.012982851154403674,0.04912312803506691,0.05759550059658525,-0.018027101439950233,-0.009554728878431895,-0.0031681060166012243,0.005304266544917113,2022-05-17
HD,2022-02-22,6.0,3.18,3.21,0.009433962264150882,inline,before open,0.8644190850904827,-0.09114412894419997,-0.010498980323402199,-0.07569077034925575,0.00495437827154202,-0.06585583985426263,0.014789308766535142,-0.102724120673833,-0.02207897205303523,-0.08445269042973269,-0.006678235082910433,-0.06595648362988649,0.011817971716935771,-0.04473589694428237,0.033038558402539886,-0.07847102429043196,-0.0006965689436096989,-0.05033721802624558,0.00900190483022123,-0.04704103751583133,0.012298085340635478,0.006865190534085963,0.06620431339055277,-0.07069128081681364,-0.011352157960346831,2022-02-22
HD,2021-11-16,6.0,3.4,3.92,0.15294117647058825,beat,before open,0.7392209258382566,0.0618742197955668,0.007876783749112756,0.09449080809177103,0.040493372045316986,0.10577008770475328,0.05177265165829924,0.08875865715898118,0.034761221112527135,0.0621599790052878,0.008852456305438405,0.09611425217865788,0.04280672947880848,0.11899623207147336,0.06568870937162397,0.09384378494198053,0.04053626224213114,0.04154165824176603,4.12941134755318e-05,0.06971620865286532,0.028215844524574818,0.0959043752122044,0.054404011083913906,0.11226013844901983,0.07075977432072933,2021-11-16
MCD,2026-08-04,7.0,3.32,3.38,0.018072289156626523,inline,before open,0.03140077000831775,0.032838484879730824,0.02141715576622854,0.03446052455421563,0.023039195440713346,0.009907043140629467,-0.0015142859728728177,-0.0016945969269585512,-0.013115926040460836,0.016785908150992235,0.023089216423764602,0.016368018422763475,0.022671326695535843,-0.00563876821119802,0.000664540061574348,-0.012780058233066272,-0.006476749960293904,0.029182712604597816,0.018133848784187556,0.024617082061517803,0.013568218241107544,0.022919434569903196,0.011870570749492937,0.02310258814987831,0.012053724329468052,2026-08-04
MCD,2026-05-07,7.0,2.74,2.83,0.0328467153284671,beat,before open,0.06046560479439129,-0.029660057705704502,-0.028479658067263696,-0.03316835180540953,-0.031987952166968724,0.0007888560587061243,0.00196925569714693,-0.006370035097340378,-0.005189635458899573,-0.034620529500310915,-0.036278665677728084,-0.05168749066670009,-0.053345626844117255,-0.011212582921913739,-0.012870719099330907,-0.012627939297948143,-0.014286075475365312,-0.03218326759723922,-0.030691970297331395,-0.022259746095979027,-0.020768448796071204,0.010237323298768142,0.011728620598675965,0.034413297443463664,0.03590459474337149,2026-05-07
MCD,2026-02-11,16.0,3.05,3.12,0.022950819672131244,beat,after close,0.15105697189352477,0.01596968195161828,-0.013732306543157158,0.019019313994440422,-0.010682674500335016,0.05501867067903705,0.02531668218426161,0.021753166643998338,-0.0079488218507771,0.028636773405569138,-0.014255474908051124,0.022439666617318554,-0.020452581696301708,0.06294071028758819,0.020048461973967924,0.059985944470251296,0.017093696156631033,0.02730363003281877,-0.013981462418480528,0.02136786557161241,-0.01991722687968689,0.061701034314891934,0.020415941863592635,0.07590257399189682,0.03461748154059752,2026-02-12
MCD,2025-11-05,7.0,3.33,3.22,-0.033033033033032996,miss,before open,0.19644342956726715,-0.0010678249936005302,-0.02181029567804156,0.022969389049060457,0.0022269183646194263,0.014416516268855269,-0.006325954415585762,0.032260089122507246,0.011517618438066216,0.005103106126237211,-0.013021658608813436,0.014191283384763387,-0.00393348135028726,0.03106875090297878,0.012943986167928134,0.02431663851650956,0.006191873781458912,0.00876861154734987,-0.0006448407749527485,0.026828681202497817,0.0174152288801952,0.07065091369613696,0.061237461373834345,0.03692270661188324,0.02750925428958062,2025-11-05
MCD,2025-08-06,7.0,3.15,3.19,0.01269841269841271,inline,before open,0.2377207936446052,0.028294421444497665,0.0006858562101310361,0.013139051557196134,-0.014469513677170495,0.04006462591590715,0.01245606068154052,0.050868467499833786,0.023259902265467158,0.023746016973035022,0.0016503982903433023,-0.005266816923889861,-0.02736243560658158,0.03132887308301424,0.009233254400322521,0.032163676412285125,0.010068057729593405,0.010096512836282767,0.0011259511040432324,-0.02768875379752056,-0.036659315529760095,0.00822334295135585,-0.000747218780883685,-0.0070904585270554765,-0.01606102025929501,2025-08-06
MCD,2025-05-01,7.0,2.67,2.67,0.0,inline,before open,0.2761566142632251,-0.031222565308455574,-0.009959771711923315,-0.027345179779920945,-0.006082386183388685,-0.0386800240057608,-0.017417230409228542,-0.04508625445494278,-0.023823460858410517,-0.04608952668961064,-0.020200795655163972,-0.03808342807408027,-0.012194697039633606,-0.07913847776742422,-0.053249746732977554,-0.07950581293066183,-0.05361708189621517,-0.04521212540189623,-0.020884487061188617,-0.04036970581582444,-0.016042067475116828,-0.10626157308066864,-0.08193393473996102,-0.10029165697176234,-0.07596401863105473,2025-05-01
MCD,2025-02-10,7.0,2.86,2.83,-0.010489510489510422,inline,before open,0.29620382328188527,0.05175146076154627,0.005681574275935047,0.03179189277619075,-0.01427799370942047,0.060029172235541675,0.013959285749930453,0.07515632961983862,0.029086443134227397,0.04623019946825391,0.005043109311699379,0.018663245217795388,-0.02252384493875914,0.06639580530759304,0.025208715151038508,0.12662864177889266,0.08544155162233813,0.06172269968852284,0.017157776696173133,0.03275546206170521,-0.0118094609306445,0.0965479272470594,0.0519830042547097,0.18666687883967403,0.14210195584732432,2025-02-10
MCD,2024-10-29,7.0,3.2,3.23,0.009374999999999939,inline,before open,0.3488927721452092,-0.01785114463369091,-0.010998200999780744,0.0029262183489945637,0.009779161982904731,-0.005775084708710375,0.0010778589251997928,-0.01789197387639508,-0.011039030242484912,-0.016420988351256716,-0.008771442916846728,0.008929585156806419,0.016579130591216407,-0.021129472132501714,-0.013479926698091727,-0.034856224545376735,-0.027206679110966747,-0.011213052457833883,-0.010398342382567649,-0.006510655525126641,-0.005695945449860407,-0.06763492427704143,-0.0668202142017752,-0.096353520450569,-0.09553881037530276,2024-10-29
MCD,2024-07-29,7.0,3.07,2.97,-0.03257328990228001,miss,before open,0.47473321979636307,0.06051389639835286,0.022510026256319267,0.09427593539505878,0.05627206525302519,0.08815446332377767,0.05015059318174408,0.14281911351414914,0.10481524337211554,0.06106206279231918,0.02426910574682528,0.11519360146811475,0.07840064442262085,0.08849499907063252,0.05170204202513862,0.10748311773679253,0.07069016069129863,0.045429351623213376,0.024750780854548404,0.12802431480653587,0.1073457440378709,0.11712492547204478,0.09644635470337981,0.11460936784539022,0.09393079707672525,2024-07-29
MCD,2024-04-30,7.0,2.73,2.7,-0.010989010989010917,inline,before open,0.4869538273718865,0.013813196415096301,0.007317741824442036,-0.025239182407351946,-0.03173463699800621,-0.015603172165335747,-0.02209862675599001,-0.09276193535249948,-0.09925738994315374,0.022314744046089796,0.008337816319635816,-0.03634342786842748,-0.05032035559488146,-0.03602610423448693,-0.050003031960940914,-0.1224636641477087,-0.1364405918741627,0.033822991656901946,0.011354071872083149,-0.014501139134721286,-0.03697005891954008,-0.003266377445293789,-0.025735297230112586,-0.05778173029710654,-0.08025065008192533,2024-04-30
MCD,2024-02-05,7.0,2.83,2.95,0.04240282685512371,beat,before open,0.500259345799688,-0.04194852297837946,-0.006269244428124307,-0.03292181516425148,0.002757463386003675,-0.018635185561825005,0.01704409298843015,-0.02572188238739873,0.009957396162856427,-0.04117841009180634,-0.007519459732659217,-0.038406554315233654,-0.004747603956086532,-0.018983211087246765,0.014675739271900357,-0.034598271822569804,-0.0009393214634226821,-0.033880838196254426,-0.0106795060198831,-0.0388487596324828,-0.015647427456111473,-0.01452733139482898,0.008674000781542346,-0.02583324438849477,-0.002631912212123444,2024-02-05
MCD,2023-10-30,7.0,2.99,3.19,0.06688963210702331,beat,before open,0.3556458290048879,0.018558721501006938,0.00558860859922136,0.029687922081087836,0.01671780917930226,0.02737549635695101,0.014405383455165432,0.06329570663074541,0.05032559372895983,0.006693098221558058,0.0014842926367073517,-0.008989504411491933,-0.01419830999634264,-0.0183112661692445,-0.023520071754095206,-0.004338885383287305,-0.009547690968138012,0.008218835666839786,0.0002128502201963478,-0.01997737473566874,-0.027983360182312178,-0.02961161114734545,-0.03761759659398889,-0.027724294796210303,-0.03573028024285374,2023-10-30
MCD,2023-07-27,7.0,2.79,3.17,0.1362007168458781,beat,before open,0.4503933798280498,0.005586639890646578,-0.00876490411319918,0.0016362119628213663,-0.012715332041024392,-0.00915653609017852,-0.02350808009402428,-0.022605981239695812,-0.03695752524354157,0.0047010634229717185,-0.013720021567308449,0.012200376947385183,-0.006220708042894985,0.00709157683347128,-0.011329508156808887,0.008952833238042746,-0.009468251752237422,0.0012777598906423826,-0.020882500035443452,0.012268208172672934,-0.0098920517534129,-0.006702957736195447,-0.028863217662281282,0.019217856246861453,-0.0029424036792243813,2023-07-27
MCD,2023-04-25,7.0,2.34,2.63,0.12393162393162395,beat,before open,0.4681745959043638,-0.0033111817701644702,-0.004499443590906435,0.01563629306726854,0.014448031246526575,0.008346390866949504,0.007158129046207539,-0.03510056389281368,-0.03628882571355564,0.008342160788641584,-0.0017674689249603803,0.02059462086617514,0.010484991152573175,0.01546390390239849,0.005354274188796526,-0.027383275204129753,-0.03749290491773172,0.013173210575310623,-0.0008796182609326353,0.02151669296127745,0.007463864125034192,0.009085438582213667,-0.004967390254029591,-0.04014857330218202,-0.05420140213842528,2023-04-25
MCD,2023-01-31,7.0,2.46,2.59,0.05284552845528451,beat,before open,0.4864706968873651,-0.030666933501882408,-0.010013460158751847,-0.03425389866277476,-0.013600425319644196,-0.03685599684438637,-0.016202523501255808,-0.030339359085033456,-0.009685885741902895,-0.04244012100285355,-0.01485365028993646,-0.049152055250818893,-0.021565584537901805,-0.0455897527154403,-0.018003282002523213,-0.010329584783975276,0.017256885928941812,-0.05898060149949558,-0.02319031830099305,-0.05548062910125795,-0.019690345902755424,-0.062411319676490495,-0.02662103647798797,-0.015401321157737402,0.020388962040765124,2023-01-31
MCD,2022-10-27,7.0,2.58,2.68,0.038759689922480654,beat,before open,0.544110474115297,0.057286605579306975,0.021903367137131827,0.07464776819761273,0.03926452975543759,0.04752089373153299,0.01213765528935784,0.027748890690233938,-0.00763434775194121,0.050168214647157816,0.011703972886678349,0.09153873629223108,0.053074494531751615,0.03860164789627607,0.00013740613579660277,0.016427283633714707,-0.02203695812676476,0.07157306998664092,0.034597089264269076,0.12628721017409184,0.08931122945171999,0.09562728934714237,0.058651308624770526,0.08532380370978876,0.04834782298741691,2022-10-27
MCD,2022-07-26,7.0,2.47,2.55,0.032388663967611184,beat,before open,0.5893415404474643,0.024954670641956538,-0.008559324475373834,0.022114356696560297,-0.011399638420770075,0.012377906835645144,-0.021136088281685228,0.010117349878218513,-0.02339664523911186,0.0196654814163294,-0.018964852085274098,0.010644013115557405,-0.027986320386046093,-0.0011552238492869016,-0.0397855573508904,-0.0021280304421541496,-0.04075836394375765,0.028149387758765854,-0.030848739357574262,-0.01742403288081451,-0.07642215999715463,-0.021031969521996707,-0.08003009663833682,-0.025922358729316364,-0.08492048584565648,2022-07-26
MCD,2022-04-28,7.0,2.18,2.28,0.04587155963302736,beat,before open,0.6249333610987533,0.016115678497451373,0.003340473063840492,0.01270549976309462,-6.970567051626034e-05,0.02672118479806249,0.013945979364451608,0.0234408332789916,0.010665627845380717,0.020434294677800446,0.017167105472285726,0.014819673173502412,0.011552483967987692,0.048395353520596096,0.045128164315081376,0.03190375999357642,0.0286365707880617,0.039036204317852485,0.031027434293447786,0.053487596150352035,0.045478826125947336,0.12168718898040387,0.11367841895599917,0.11959964289305403,0.11159087286864933,2022-04-28
MCD,2022-01-27,7.0,2.34,2.23,-0.04700854700854696,miss,before open,0.6424000171222178,0.011336942369057447,0.013100975362717428,0.020108807159834846,0.021872840153494826,-0.0009647115783014215,0.0007993214153585596,-0.018655946087242428,-0.01689191309358245,0.005208802442960847,0.004713445687344997,0.01202962926635931,0.01153427251074346,-0.008861495793421215,-0.009356852549037065,-0.01270039098712783,-0.01319574774274368,0.02754484700789339,0.007747267789100398,0.03739224484900572,0.017594665630212725,-0.013560146892547142,-0.033357726111340136,0.008355147944033359,-0.011442431274759635,2022-01-27
MCD,2021-10-27,7.0,2.47,2.76,0.11740890688259092,beat,before open,0.603575465992384,0.03537525954546529,0.005799830276008916,0.04782848547159447,0.018253056202138095,0.06123695704810316,0.03166152777864679,0.07159987849330124,0.042024449223844865,0.03288307463091389,0.0017631105638540312,0.03898038183021113,0.007860417763151273,0.05224805632516771,0.021128092258107856,0.05552708998828637,0.024407125921226513,0.022591912896386512,-0.0018709725068994931,0.01039865295375042,-0.014064232449535585,0.03780673327802375,0.013343847874737746,0.023703401319985162,-0.0007594840833008432,2021-10-27
NKE,2026-06-30,16.0,0.13,0.72,4.538461538461538,beat,after close,0.7948827335435243,0.08083810289219157,0.027881462359416347,0.05509166848343924,0.0021350279506640243,0.11350762774969475,0.06055098721691953,0.10096214033327311,0.04800549980049789,0.07555136663121598,0.02523415055165179,0.03621942376057674,-0.014097792318987445,0.08030762406791891,0.029990407988354728,0.0409887456865311,-0.009328470393033084,0.0741923098202737,0.03213414569706474,0.04622719652468399,0.004169032401475037,0.08477239506330903,0.04271423094010007,0.07532587715826766,0.03326771303505871,2026-07-01
NKE,2026-03-31,16.0,0.28,0.35,0.2499999999999998,beat,after close,1.1225605857149517,-0.17302366980437522,-0.010190375107432481,-0.2147493573691625,-0.051916062672219765,-0.20759460646569325,-0.044761311768750506,-0.2571631540267972,-0.09432985932985444,-0.17334872886428487,-0.010759431200017655,-0.2133302485894465,-0.05074095092517927,-0.20569434860503544,-0.04310505094076822,-0.25909288335825564,-0.09650358569398843,-0.15741073670683492,0.005168407549244303,-0.20319536113322223,-0.04061621687714301,-0.2067802115543228,-0.04420106729824358,-0.24262549372032383,-0.0800463494642446,2026-04-01
NKE,2025-12-18,16.0,0.38,0.53,0.3947368421052632,beat,after close,1.0720756798495163,-0.14439749352036801,-0.0306494894745606,-0.07492302206910713,0.038824981976700285,-0.007542273101960235,0.10620573094384718,0.018888144662878376,0.13263614870868579,-0.14611205006707673,-0.03160888706674303,-0.08195247754956203,0.032550685450771666,-0.021195054862167106,0.09330810813816659,-0.009496545733643558,0.10500661726669014,-0.13282443509444208,-0.031390004817832606,-0.05205326001649557,0.049381170260113905,0.012461936580890676,0.11389636685750015,0.011574064868840273,0.11300849514544975,2025-12-19
NKE,2025-09-30,16.0,0.27,0.49,0.8148148148148147,beat,after close,0.9645057883274512,0.06633066690766219,0.004694431837812041,-0.011126729760152394,-0.07276296483000255,-0.0036097119757916123,-0.06524594704564177,-0.07266306508392911,-0.13429930015377928,0.0645315676162781,0.003834920733154279,-0.016407194346519383,-0.0771038412296432,-0.012580035916964105,-0.07327668280008792,-0.09099420752927245,-0.15169085441239627,0.07004727180544257,0.012202288124863347,0.007329277813457713,-0.05051570586712151,0.006406393990335935,-0.051438589690243286,-0.05811565017957687,-0.11596063386015609,2025-10-01
NKE,2025-06-26,16.0,0.12,0.14,0.16666666666666682,beat,after close,0.8976530276265915,0.13294226986930618,-0.01633684735919866,0.21191094116846987,0.06263182393996503,0.1586472584103727,0.00936814118186785,0.25364181390178564,0.1043626966732808,0.12827194898710437,-0.01866243092398412,0.19942090312770222,0.052486523216613734,0.13629422200066177,-0.010640157910426717,0.2109502848776873,0.06401590496659881,0.1271355397020315,-0.008116980188437983,0.19787489583318862,0.06262237594271913,0.12384469573408785,-0.01140782415638164,0.19985946785614384,0.06460694796567434,2025-06-27
NKE,2025-03-20,16.0,0.29,0.54,0.8620689655172417,beat,after close,0.5460102102156469,-0.06968410546777887,-0.016413532790069803,-0.10806130002961725,-0.05479072735190819,-0.1386463829527913,-0.08537581027508223,-0.1447021156851201,-0.09143154300741102,-0.08088424117495363,-0.02600374602236233,-0.11042506304857247,-0.05554456789598117,-0.10656248852360173,-0.051681993371010426,-0.13806747201780267,-0.08318697686521137,-0.10374426079458432,-0.04558502559482536,-0.13009077890361764,-0.07193154370385868,-0.1462109419983656,-0.08805170679860663,-0.14837522083564314,-0.09021598563588418,2025-03-21
NKE,2024-12-19,16.0,0.63,0.78,0.23809523809523814,beat,after close,0.67740706886803,-0.011351393765118577,-0.003768013116681748,-0.02112812999870973,-0.0135447493502729,-0.042846207228553854,-0.03526282658011702,-0.009827929777499682,-0.0022445491290628526,-0.022414068440815615,-0.008327915455859647,-0.039233225694551344,-0.025147072709595375,-0.07437079872650032,-0.06028464574154435,-0.07913721216214675,-0.06505105917719078,-0.009988111078691686,-0.005372657125088831,-0.024394768826877855,-0.019779314873275,-0.04281420536418268,-0.03819875141057982,-0.05232026128361,-0.04770480733000715,2024-12-20
NKE,2024-10-01,16.0,0.52,0.7,0.34615384615384603,beat,after close,0.9244213091149446,-0.07527140674886271,-0.008785332118814826,-0.07960711852378402,-0.01312104389373614,-0.061925536531070774,0.004560538098977107,-0.13547261275310576,-0.06898653812305788,-0.0782816201627714,-0.010205399555901273,-0.09009211025906816,-0.02201588965219803,-0.08088145267287883,-0.012805232066008698,-0.1697179652849723,-0.10164174467810216,-0.059645824879106524,-0.0004604491258042298,-0.06962281557161532,-0.010437439818313021,-0.054033035971009946,0.005152339782292348,-0.1526418133537799,-0.09345643760047762,2024-10-02
NKE,2024-06-27,16.0,0.83,0.99,0.19277108433734944,beat,after close,0.7970905134452273,-0.17609745133974625,0.01915266150551531,-0.23467664015178458,-0.03942652730652302,-0.2601605276178436,-0.06491041477258203,-0.18964779863392378,0.005602314211337778,-0.17856079232009014,0.017312979570289544,-0.2465036251527123,-0.0506298532623326,-0.2813914711928127,-0.08551769930243303,-0.219061104668124,-0.02318733277774432,-0.17272299679042113,0.01597154633474962,-0.2570060946531014,-0.06831155152793067,-0.29066905375971075,-0.10197451063454,-0.22985997483928133,-0.04116543171411058,2024-06-28
NKE,2024-03-21,16.0,0.76,0.98,0.28947368421052627,beat,after close,0.9299408467696245,-0.06273071406515428,0.0029687102319275044,-0.0731874170631132,-0.007487992766031418,-0.08700757184559356,-0.021308147548511777,0.009771004173601836,0.07547042847068362,-0.06554741035254008,0.001590724087049078,-0.08261431797589236,-0.0154761835363032,-0.10383958055524023,-0.03670144611565107,-0.02018694791354325,0.04695118652604591,-0.0581876606008882,0.0021119663220690033,-0.072922666830739,-0.012623039907781797,-0.08993931258220811,-0.029639685659250903,0.013379210292814636,0.07367883721577184,2024-03-22
NKE,2023-12-21,16.0,0.85,1.03,0.211764705882353,beat,after close,1.0160569692964387,-0.12306214202998039,-0.0036194972657889735,-0.126598467890002,-0.00715582312581059,-0.16094171535745277,-0.041499070593261356,-0.19528657480474293,-0.07584393004055151,-0.12467403761036533,-0.004407679192847347,-0.131735541314407,-0.01146918289688903,-0.17031469127395027,-0.05004833285643229,-0.21283143194115672,-0.09256507352363874,-0.11532052671102766,-0.004419592415136897,-0.11147697324078665,-0.0005760389448958847,-0.13497331980334126,-0.0240723855074505,-0.14280785310685173,-0.03190691881096097,2023-12-22
NKE,2023-09-28,16.0,0.76,0.94,0.2368421052631578,beat,after close,1.2540644323562977,0.060207002059801326,-0.010127043847045727,0.08204062270115392,0.011706576794306867,0.10709229111160301,0.03675824520475596,0.1551211768524273,0.08478713094558024,0.05856937590640787,-0.010688076229089516,0.07993287669365134,0.010675424558153956,0.1038598471039257,0.03460239496842832,0.13484533482391858,0.0655878826884212,0.0496289759804448,-0.011893354872924422,0.07896289049871574,0.01744055964534652,0.117544109256711,0.05602177840334177,0.1590625396799975,0.09754020882662828,2023-09-29
NKE,2023-06-29,16.0,0.68,0.66,-0.029411764705882377,miss,after close,1.3446131855865098,-0.0557007231045646,-0.013167255708454298,-0.07454611806256238,-0.03201265066645208,-0.08198341371281333,-0.039449946316703025,-0.08872978026983085,-0.046196312873720544,-0.05082930813148534,-0.012566637356479338,-0.07206696000786816,-0.03380428923286216,-0.06979908422088543,-0.03153641344587943,-0.06918484848446738,-0.030922177709461374,-0.0626533549518552,-0.023488642783129454,-0.08180998485195645,-0.042645272683230706,-0.08770000134410472,-0.04853528917537897,-0.06167565610382841,-0.022510943935102667,2023-06-30
NKE,2023-03-21,16.0,0.54,0.79,0.4629629629629629,beat,after close,1.3431623054289292,-0.01800960857680369,0.008203596349224879,-0.0511457365652603,-0.02493253163923173,-0.07037481337651316,-0.04416160845048459,-0.0598075314654048,-0.03359432653937623,-0.021998453361082082,0.009597837549656374,-0.046157376324226895,-0.01456108541348844,-0.05770244318912865,-0.026106152278390193,-0.03884104329674798,-0.007244752386009523,-0.013007729111846333,0.01335640466951915,-0.033040150786011746,-0.006676017004646262,-0.033161245718405064,-0.006797111937039579,-0.010163274996386473,0.01620085878497901,2023-03-22
NKE,2022-12-20,16.0,0.66,0.85,0.2878787878787878,beat,after close,1.2972134271154172,0.13138289569529168,0.027763838100069466,0.13270098205585906,0.029081924460636843,0.1829844856631736,0.07936542806795138,0.1836718730131493,0.08005281541792708,0.12913681435558733,0.022298685809194696,0.12774875759098558,0.020910629044592954,0.1755912391635719,0.06875311061717926,0.17364109074251943,0.0668029621961268,0.13957741152616354,0.03372609816993355,0.13761306871526313,0.03176175535903314,0.1778360779757726,0.07198476461954262,0.14060262350513408,0.03475131014890409,2022-12-21
NKE,2022-09-29,16.0,0.92,0.93,0.010869565217391313,inline,after close,1.2528023288956103,-0.11268389342245519,-0.004810286093110655,-0.07527500143595381,0.032598605893390725,-0.049046810002430476,0.05882679732691406,-0.07581691043478711,0.032056696894557424,-0.1115892105698909,0.0010288214393576744,-0.07993581432904007,0.032682217680208514,-0.06133806730660962,0.05127996470263896,-0.0748715672408703,0.037746464768378285,-0.0819517267963158,0.02644752696883579,-0.04739529382147323,0.061003959943678354,-0.004291053956203883,0.1041081998089477,-0.0035343323090165635,0.10486492145613502,2022-09-30
NKE,2022-06-27,16.0,0.81,0.9,0.11111111111111106,beat,after close,1.1037750001026605,-0.039513760346051516,0.006634664025443909,-0.03336047143839403,0.012787952933101393,-0.005390392983290956,0.04075803138820447,-0.029054178078268586,0.01709424629322684,-0.044044308936135756,0.00538731787477742,-0.04174130007917831,0.0076903267317348645,-0.020765118345263844,0.028666508465649332,-0.05003105821747178,-0.0005994314065586037,-0.024558835857946715,0.005360616318810685,-0.03732021090383042,-0.00740075872707302,-0.028404281466404946,0.0015151707103524537,-0.07900759230246113,-0.04908814012570373,2022-06-28
NKE,2022-03-21,16.0,0.72,0.87,0.20833333333333337,beat,after close,0.9222539185562767,0.02290989465154144,0.011313607488807581,0.032754665814515894,0.021158378651782037,0.004529677659585181,-0.007066609503148677,0.047893612429438105,0.03629732526670425,0.022775917917169153,0.012202104111361578,0.029103241517457246,0.01852942771164967,0.002086890231291383,-0.008486923574516192,0.04538209980846142,0.03480828600265384,0.00918519904909465,0.011732415486516712,0.00481307701516509,0.007360293452587152,-0.01087275834257051,-0.008325541905148448,0.034735749194010124,0.037282965631432186,2022-03-22
NKE,2021-12-20,16.0,0.63,0.83,0.3174603174603174,beat,after close,0.9865348573274278,0.026929448895961446,-0.017014846378339693,0.026515731070303455,-0.017428564203997684,0.006271438914373997,-0.03767285635992714,-0.07400962838737267,-0.11795392366167382,0.026573734660269244,-0.01714045856821178,0.025915541344578963,-0.01779865188390206,0.005972624353058453,-0.03774156887542257,-0.07358729493987515,-0.11730148816835617,0.010185667592149006,-0.025381355918121296,0.004311348833049844,-0.03125567467722046,-0.02431868874041465,-0.05988571225068495,-0.061617345383955024,-0.09718436889422533,2021-12-21
NKE,2021-09-23,16.0,1.12,1.16,0.035714285714285546,beat,after close,0.8934682262999039,-0.07255023277265439,-0.008140991668420028,-0.06345147846695226,0.000957762637282103,-0.036170512259214145,0.028238728845020218,0.00022733144766294566,0.06463657255189731,-0.07174992239418165,-0.007500707044383548,-0.05930559327997198,0.004943622069826126,-0.031251192685005535,0.03299802266479257,0.004825562620665025,0.06907477797046313,-0.08206337820920528,-0.015715700197053706,-0.06101935798305835,0.005328320029093225,-0.03472329105475813,0.03162438695739345,-0.01848393276713256,0.04786374524501902,2021-09-24
WMT,2026-08-20,6.0,0.74,0.81,0.09459459459459468,beat,before open,-0.06893135829468608,-0.09207043248555205,0.000673401099247975,-0.10396715999683162,-0.011223326412031595,-0.05170325647974447,0.041040577105055556,-0.07431984972108174,0.018423983863718282,-0.08616247497315743,-0.0030486618983014413,-0.10297158415440211,-0.019857771079546116,-0.05041900650969022,0.03269480656516577,-0.05337948629334344,0.029734326781512554,-0.08422629737127041,-0.006810180715060676,-0.08366381990309502,-0.006247703246885283,-0.030488727279036842,0.04692738937717289,-0.016754270648760783,0.06066184600744895,2026-08-20
WMT,2026-05-21,6.0,0.66,0.66,0.0,inline,before open,0.0850474238839471,-0.08464825881246607,-0.01047675172128168,-0.12901969116097922,-0.05484818406979483,-0.10606060235062827,-0.031889095259443875,-0.13425716709870814,-0.060085660007523745,-0.087411542918444,-0.012749757183887156,-0.13972865568285708,-0.06506686994830024,-0.08730514021053348,-0.012643354475976643,-0.11360781478484971,-0.038946029050292874,-0.07309459088181935,-0.01047190468563819,-0.08872414819771202,-0.02610146200153085,-0.0678524813164132,-0.005229795120232028,-0.07398991080505102,-0.011367224608869853,2026-05-21
WMT,2026-02-19,6.0,0.73,0.74,0.013698630136986314,inline,before open,0.5734520211782485,-0.03184117058455618,-0.01936776587265971,-0.0205329293627653,-0.008059524650868824,-0.022612978321100888,-0.010139573609204413,-0.02362014097617554,-0.011146736264279066,-0.033471015988119523,-0.022287548165982995,-0.021477854696069554,-0.010294386873933026,-0.01779891057686178,-0.006615442754725254,-0.003650018644125841,0.007533449178010687,-0.027183411105716426,-0.017565053859512014,-0.026372209297913396,-0.016753852051708984,0.004862799692779918,0.01448115693898433,0.02798497524950916,0.03760333249571357,2026-02-19
WMT,2025-11-20,6.0,0.6,0.62,0.03333333333333337,beat,before open,0.6605556455637539,0.05045211730452431,-0.023756983640932886,0.07332961883235174,-0.0008794821131054564,0.10979259104544066,0.03558349009998346,0.10417981990854115,0.029970718963083953,0.05317512239945943,-0.026673085604263957,0.06552835895718956,-0.014319849046533828,0.10317000367142137,0.023321795667697987,0.10366617954592938,0.023817971542205996,0.029805012111390083,-0.027612323298595753,0.0597129630907276,0.002295627680741763,0.11223215508917528,0.05481481967918944,0.10421131476302148,0.04679397935303564,2025-11-20
WMT,2025-08-21,6.0,0.74,0.68,-0.081081081081081,miss,before open,0.6282951761263794,-0.06547488291471891,-0.022117341232095418,-0.08016258298379936,-0.036805041301175866,-0.03816781613443163,0.005189725548191859,-0.04638755060382328,-0.0030300089211997908,-0.06782518951457994,-0.026892248958571896,-0.08086324550533652,-0.03993030494932848,-0.03327511332306987,0.007657827232938175,-0.042556271132308976,-0.0016233305763009298,-0.04746802252768523,-0.011535341143724676,-0.027930850945771857,0.008001830438188695,0.00956582986223009,0.04549851124619064,0.04661583065549568,0.08254851203945623,2025-08-21
WMT,2025-05-15,6.0,0.58,0.61,0.05172413793103453,beat,before open,0.47717821887639955,0.005835308417459682,0.014858265091511655,-0.01584637995891537,-0.006823423284863399,-0.0008703045995861608,0.008152652074465812,-0.06838162560450002,-0.05935866893044805,0.0034403150986938025,0.013281735615126022,-0.0015112550118182577,0.008330165504613962,0.01638506769127912,0.02622648820771134,-0.04058005428325118,-0.030738633766818957,-0.017303311171957936,0.008154251975573068,-0.03164000311093185,-0.006182439963400843,-0.021496913388044714,0.00396064975948629,-0.04278900548053177,-0.01733144233300077,2025-05-15
WMT,2025-02-20,6.0,0.65,0.66,0.015384615384615398,inline,before open,0.31235627662941434,-0.08730600712900917,-0.021486050110077037,-0.0647416195107736,0.0010783375081585278,-0.0891279487648871,-0.023307991745954965,-0.19926339546008068,-0.13344343844114853,-0.06902141565639175,-0.007893482253175654,-0.02195451163884976,0.039173421764366334,-0.022913463355796693,0.0382144700474194,-0.10661669732751633,-0.045488763924300235,-0.09805697103720556,-0.036692677301404464,-0.0739462770560656,-0.0125819833202645,-0.10320879579324815,-0.04184450205744705,-0.15937931142499084,-0.09801501768918974,2025-02-20
WMT,2024-11-19,6.0,0.53,0.58,0.0943396226415093,beat,before open,0.29186475553160746,0.032049550541354214,0.004871826635725829,0.067058917683059,0.03988119377743061,0.08897312672308338,0.061795402817455,0.07520616776901229,0.0480284438633839,0.032674482157661666,0.00635863016161653,0.0624949241270355,0.036179072130990364,0.08479465124706298,0.05847879925101784,0.11328008250750499,0.08696423051145985,0.040387689407034855,0.011782371179677953,0.05756497262231819,0.028959654394961287,0.09353888904834762,0.06493357082099072,0.11395544273997182,0.08535012451261492,2024-11-19
WMT,2024-08-15,6.0,0.65,0.67,0.030769230769230795,beat,before open,0.299265972681318,0.06475778726865047,0.004967578669453299,0.08876463566699164,0.02897442706779446,0.09411300165198713,0.03432279305278996,0.13653362598190297,0.07674341738270579,0.05299967633718339,0.004308405522596592,0.07818500651702609,0.029493735702439294,0.08536081872922952,0.03666954791464272,0.13191469131200229,0.08322342049741549,0.05932370193173875,0.003810421786012208,0.07442043300391898,0.018907152858192444,0.0823827306274717,0.02686945048174516,0.1108853309106167,0.05537205076489016,2024-08-15
WMT,2024-05-16,6.0,0.52,0.6,0.15384615384615377,beat,before open,0.36583943600200763,0.07910544035685392,0.00898038336081021,0.08263854583557992,0.012513488839536208,0.09338563623770327,0.023260579241659557,0.0973297471838031,0.027204690187759395,0.08048307233978902,0.00856097899952779,0.09015711426598982,0.018235020925728596,0.10159780776389271,0.029675714423631483,0.09212626423350456,0.020204170893243334,0.06805655075354211,0.012422048564919907,0.08792375241863915,0.03228925023001694,0.09626217804592951,0.04062767585730731,0.12064253510410405,0.06500803291548185,2024-05-16
WMT,2024-02-20,6.0,0.55,0.6,0.09090909090909079,beat,before open,0.30970122612161777,0.020966695801768027,-0.012792863858689753,0.04296986554619912,0.009210305885741336,0.04942651963227733,0.01566695997181955,0.05826005247725895,0.024500492816801167,0.024601789650661177,-0.013188098006423177,0.03400858840601262,-0.0037812992510717347,0.0412043175744784,0.0034144299173940462,0.038546688487575476,0.0007568008304911222,0.005848517947141474,-0.01592828675405178,0.032533301961828465,0.010756497260635212,0.03750379782709523,0.015726993125901978,0.033491011621198274,0.011714206920005021,2024-02-20
WMT,2023-11-16,6.0,0.51,0.51,0.0,inline,before open,0.4162608535735506,-0.08696044088597052,-0.005231301064186192,-0.08765156760481885,-0.00592242778303452,-0.10341038483671816,-0.021681245014933834,-0.12355224403510415,-0.04182310421331982,-0.087817107361015,-0.00566563948946841,-0.09317558773225487,-0.011024119860708281,-0.11234384115081131,-0.030192373279264717,-0.1448996244211258,-0.06274815654957921,-0.07170776238345766,-0.0031283420197945055,-0.08026169699349961,-0.011682276629836452,-0.09883614851090605,-0.030256728147242895,-0.1095986065020883,-0.041019186138425145,2023-11-16
WMT,2023-08-17,6.0,0.57,0.61,0.0701754385964913,beat,before open,0.5178542859561132,-0.0053680269031700315,0.013620162147169079,-0.014542753462358874,0.004445435587980237,0.003013752176519281,0.02200194122685839,0.016589388121176912,0.03557757717151602,-0.0008900178791738655,0.013906204401075595,-0.00851136335753988,0.00628485892270958,-0.003070518969774283,0.011725703310475177,0.02142932628711125,0.03622554856736071,-0.002074800042146774,0.01067629718591312,0.005076986500873626,0.01782808372893352,0.030750306855837906,0.0435014040838978,0.05290177311080613,0.06565287033886602,2023-08-17
WMT,2023-05-18,7.0,0.44,0.49,0.1136363636363636,beat,before open,0.5415976118153307,-0.003356465437907439,-0.010312015716667938,-0.026700903574567354,-0.033656453853327856,-0.02979338646999857,-0.036748936748759065,-0.009857766475890626,-0.016813316754651125,-0.005503163818547763,-0.00884391695722353,-0.02133361850472748,-0.024674371643403248,-0.03497433275717099,-0.03831508589584676,-0.02100629220944772,-0.024347045348123486,0.006869049207142708,-0.010957953911863494,0.018201881705654954,0.0003748785866487525,0.030284212337711724,0.012457209218705523,0.06032065203740822,0.042493648918402016,2023-05-18
WMT,2023-02-21,7.0,0.5,0.57,0.1399999999999999,beat,before open,0.47198990892536297,-0.005961717354933043,-0.020915296998152765,-0.020246024816513393,-0.035199604459733115,-0.04604979975465918,-0.0610033793978789,-0.04219412843650631,-0.05714770807972603,0.006543198449916576,-0.019595198255064727,-0.0023862526847265864,-0.02852464938970789,-0.028048878912958042,-0.054187275617939346,-0.021543113614108766,-0.04768151031909007,-0.009596676818523608,-0.019474489434171294,-0.0068959022593765296,-0.016773714875024215,-0.027111340536550288,-0.03698915315219797,-0.028990364881695596,-0.03886817749734328,2023-02-21
WMT,2022-11-15,7.0,0.44,0.5,0.13636363636363635,beat,before open,0.40180648879454234,0.0717254446735149,0.010006341700935971,0.08758717614748501,0.025868073174906088,0.0831852400240938,0.02146613705151488,0.054684173826694216,-0.007034929145884709,0.07168402746834313,0.01481850666372908,0.08177943215265349,0.02491391134803944,0.06671394019815402,0.009848419393539976,0.05268481733319541,-0.004180703471418634,0.05932651850408055,0.0022949013983868394,0.05350016862779616,-0.0035314484778975475,0.041792111562573564,-0.015239505543120146,0.01608350782932233,-0.04094810927637138,2022-11-15
WMT,2022-08-16,7.0,0.54,0.59,0.09259259259259246,beat,before open,0.3097420191904288,0.054934511846051894,0.003880038312678996,0.02773482469359155,-0.023319648839781347,0.03052612848309843,-0.02052834505027447,0.057985416549250664,0.006930943015877766,0.05727111204537094,0.00817401119305583,0.050962332915695296,0.0018652320633801844,0.07427869541258636,0.025181594560271248,0.10097935589053231,0.051882255038217195,0.043707186348957094,0.003928898330528119,0.017960112578152443,-0.021818175440276533,0.036772508047552166,-0.0030057799708768096,0.0796499027772124,0.039871614758783425,2022-08-16
WMT,2022-05-17,6.0,0.49,0.43,-0.12244897959183673,miss,before open,0.26946473535390775,-0.1768237451187044,-0.05728536255224258,-0.16457701847403272,-0.04503863590757089,-0.16513216505700867,-0.04559378249054684,-0.1962185240457695,-0.07668014147930767,-0.16192620832299764,-0.02759842267774848,-0.1526638559903618,-0.018336070345112643,-0.18100669421253524,-0.04667890856728607,-0.1548451663525432,-0.02051738070729403,-0.11046316887551733,-0.0035620828562216156,-0.1171221138638544,-0.010221027844558694,-0.10821174690769209,-0.0013106608883963755,-0.10345497963208372,0.003446106387211989,2022-05-17
WMT,2022-02-17,7.0,0.5,0.51,0.020000000000000018,beat,before open,0.4698311618912477,0.047203022588974256,-0.003132710383297349,0.032558087130828244,-0.01777764584144336,0.08637352887941376,0.03603779590714215,0.09602346336715618,0.04568773039488458,0.06149361671108755,6.642775799159395e-05,0.04133159907142325,-0.020095589881672704,0.10060316685965753,0.039175977906561577,0.09050545548614619,0.029078266533050234,0.024110786539138118,-0.008253289208185688,0.013449599698907688,-0.018914476048416118,0.060557428972561334,0.028193353225237527,0.1047280404703983,0.07236396472307449,2022-02-17
WMT,2021-11-16,7.0,0.46,0.48,0.04347826086956513,beat,before open,0.5252281757317581,-0.033297567374640284,-0.006538109844502378,-0.0031354554223875265,0.02362400210775038,-0.040017080040573645,-0.013257622510435739,0.010296940834078996,0.037056398364216904,-0.0355776710299448,-0.00616198699412196,-0.008580891251191436,0.020834792784631406,-0.03133963873161971,-0.00192395469579687,-0.009848843135419338,0.019566840900403504,-0.025564128866891078,-0.00639134469436109,-0.005790688459782145,0.013382095712747843,-0.022867841577599468,-0.0036950574050694796,-0.040168031779071134,-0.020995247606541145,2021-11-16
PG,2026-07-29,7.0,1.41,1.43,0.014184397163120581,inline,before open,-0.05510680056406699,-0.033257039870124135,-0.013729964831953635,-0.011419083843095321,0.008107991195075178,-0.02984998574018409,-0.01032291070201359,-0.023682134694590913,-0.004155059656420414,-0.034698543382714386,-0.03141324061498563,-0.05237548031605277,-0.04909017754832401,-0.07449849634294603,-0.07121319357521727,-0.059597463498782255,-0.056312160731053496,-0.015131599853149158,0.006987075565991874,0.0062733307722891984,0.02839200619143023,-0.009406683980058395,0.012711991439082637,-0.017259548322680618,0.004859127096460414,2026-07-29
PG,2026-04-24,7.0,1.56,1.59,0.019230769230769246,inline,before open,-0.04763173560010938,0.026501613429413463,0.0015450655542074768,0.019260296897452733,-0.005696250977753253,0.015239698111500291,-0.009716849763705696,0.0023945409399831995,-0.022562006935222787,0.016621597907466423,-0.00023826995987707988,0.001402170209478748,-0.015457697657864755,-0.027075191494812856,-0.04393505936215636,-0.05125041478585246,-0.06811028265319596,0.03978178219901596,0.012177995713804513,0.010096559121303916,-0.01750722736390753,0.004891322659678843,-0.022712463825532603,-0.01593324407462604,-0.043537030559837486,2026-04-24
PG,2026-01-22,7.0,1.86,1.88,0.0107526881720429,inline,before open,0.15211845062082632,0.035310616480708545,0.009065907379323643,0.03496739186132011,0.008722682759935211,0.09811112701881915,0.07186641791743424,0.11495871255322125,0.08871400345183635,0.02948792540201306,0.008214999804051049,0.021055641599989516,-0.00021728399797249498,0.10166249832191687,0.08038957272395486,0.09812106128367559,0.07684813568571358,0.02935657859486762,0.0007984240718195146,0.03728834919603874,0.008730194672990632,0.03698650758044453,0.00842835305739642,0.039625508400931486,0.011067353877883379,2026-01-22
PG,2025-10-24,7.0,1.9,1.99,0.04736842105263162,beat,before open,0.1812085131676498,0.0008549547084235436,-0.006782745163693767,-0.006110195182205777,-0.013747895054323087,-0.024396308045599193,-0.0320340079177165,0.008537509539985506,0.0008998096678681962,-0.01604310437573553,-0.016715903214691186,-0.020350410927787888,-0.021023209766743545,-0.02669291761166981,-0.027365716450625466,0.017786662937947506,0.01711386409899185,0.005559886392106583,-0.006562048035723245,0.03415162706977004,0.022029692641940213,0.005775234496447457,-0.006346699931382371,0.017185048672462178,0.00506311424463235,2025-10-24
PG,2025-07-29,7.0,1.42,1.48,0.042253521126760604,beat,before open,0.12789338577289225,-0.026345124154770534,-0.02357800993956148,-0.04024840384062671,-0.037481289625417656,-0.012685644242712322,-0.009918530027503269,-0.006341226822348248,-0.0035741126071391948,-0.023102708883730894,-0.022557824958304384,-0.02858673080026153,-0.02804184687483502,-0.021724021563975793,-0.021179137638549284,-0.019653658023634724,-0.019108774098208214,-0.024702332428512053,-0.014949034960915375,-0.04025881652496388,-0.030505519057367203,-0.036734120930780434,-0.026980823463183756,-0.005235781327657341,0.004517516139939337,2025-07-29
PG,2025-04-24,7.0,1.53,1.54,0.006535947712418306,inline,before open,-0.055561890646053665,-0.027464917666548093,0.009258507633347991,-0.03494223990787923,0.001781185392016854,-0.04496882696111931,-0.008245401661223228,-0.007801887366550591,0.028921537933345495,-0.056344546495843306,0.002114645516823277,-0.07684222656723505,-0.018383034554568467,-0.09704217057573683,-0.03858297856307025,-0.08898273646769939,-0.030523544455032803,-0.01667409497258543,0.011931035507464549,-0.026569114776747504,0.002036015703302474,-0.038062750363975106,-0.009457619883925128,0.0026460740473939204,0.0312512045274439,2025-04-24
PG,2025-01-22,7.0,1.86,1.88,0.0107526881720429,inline,before open,-0.028733294931439435,0.025688924357922707,0.00778419448599129,0.02894029790559377,0.011035568033662353,0.04120589734226163,0.02330116747033021,0.022915924757116048,0.0050111948851846305,0.0161536795699051,0.0031008834343573266,0.03645803804427761,0.023405241908729835,0.04918466440007807,0.0361318682645303,0.029621744327964383,0.01656894819241661,0.02850426396403183,0.004932748027595579,0.016816748884801225,-0.0067547670516350244,0.03144143210451089,0.007869916168074642,-0.0045067554682584055,-0.028078271404694655,2025-01-22
PG,2024-10-18,6.0,1.9,1.93,0.01578947368421054,inline,before open,0.08151635948113709,-0.011890908889770315,-0.010821748918884055,-0.022218796949657352,-0.02114963697877109,-0.04367039832882409,-0.04260123835793783,-0.026176134904991523,-0.025106974934105263,-0.012322381313263797,-0.008516969320562895,-0.012252472888614974,-0.008447060895914071,-0.01713922448396843,-0.013333812491267527,-0.015523196692958874,-0.011717784700257972,-0.003921609147549243,-0.0017691176404294184,-0.005729352454028502,-0.0035768609469086776,-0.013078487692836038,-0.010925996185716214,0.01658040386862114,0.018732895375740966,2024-10-18
PG,2024-07-30,7.0,1.37,1.4,0.021897810218977957,beat,before open,0.23349953545913932,-0.05727793829799768,-0.009818855793391985,-0.00035400597298842866,0.04710507653161727,-0.014679292721656254,0.032779789782949445,-0.013273463847894606,0.03418561865671109,-0.06543298287822352,-0.022067530557134396,0.03271435071136608,0.0760798030324552,-0.009543757763476934,0.03382169455761219,-0.03337952072311379,0.00998593159797534,-0.045699841515131956,-0.004017770699195067,-0.005534475926192051,0.03614759488974484,-0.02110259644366319,0.0205794743722737,-0.05281627486077434,-0.011134204044837448,2024-07-30
PG,2024-04-19,6.0,1.41,1.52,0.07801418439716319,beat,before open,0.32448873852600707,0.020335202367598386,0.012143473242803099,0.01935061319225756,0.011158884067462273,0.03663766072124273,0.02844593159644744,0.04409633385579687,0.035904604731001585,0.02009966923770834,0.0059671829166054735,0.007764762618548859,-0.006367723702554007,0.021085682852675536,0.00695319653157267,0.005305761094235195,-0.008826725226867671,0.0012758914055726045,0.005638686361109313,0.00013260527764968888,0.004495400233186397,0.015751671314709448,0.020114466270246156,0.004563201044256893,0.008925995999793601,2024-04-19
PG,2024-01-23,6.0,1.7,1.84,0.08235294117647067,beat,before open,0.3306466175164491,0.02781570501804296,-0.012525727521894438,0.05873008511488168,0.018388652574944285,0.06554868418441503,0.025207251644477638,0.0716786509521693,0.0313372184122319,0.02530143050436695,-0.013172691709480877,0.04898173420474672,0.01050761199089889,0.05183315183999637,0.013359029626148544,0.05428816111093071,0.015814038897082883,0.03071181286221869,0.00019983878581519843,0.039830549084537537,0.009318575008134045,0.043280989615950394,0.012769015539546902,0.04634379860490434,0.01583182452850085,2024-01-23
PG,2023-10-18,6.0,1.72,1.83,0.06395348837209308,beat,before open,0.46393666541676143,0.029425013262270535,-0.00204203223834706,0.052935057321751994,0.0214680118211344,0.03842389265093333,0.006956847150315734,0.016732393060877718,-0.014734652439739877,0.042260223642763384,0.0031591065616100034,0.07890264937240576,0.039801532291252384,0.06020298833523341,0.02110187125408003,0.009897718121923638,-0.029203398959229743,0.023810081818503415,0.0017223965261863317,0.03351453966477125,0.011426854372454165,0.029176257949230067,0.007088572656912984,0.0027016449486966243,-0.01938604034362046,2023-10-18
PG,2023-07-28,6.0,1.32,1.37,0.03787878787878791,beat,before open,0.4773654602897091,0.02230356022137112,-0.0014520468433785738,0.02799651919165445,0.004240912126904757,0.041234114823772997,0.017478507759023303,0.026602538213975842,0.0028469311492261493,0.015871449120988812,-0.002607297203213843,0.033551341148063685,0.01507259482386103,0.0473103789495003,0.028831632625297643,0.03759989140483444,0.019121145080631785,0.021809148823891178,0.0038957219921149644,0.029881309991140137,0.011967883159363923,0.039039738258408785,0.02112631142663257,0.048949983977607636,0.031036557145831423,2023-07-28
PG,2023-04-21,6.0,1.32,1.37,0.03787878787878791,beat,before open,0.5081549228384011,0.03637818938741533,0.0017163069778046436,0.034286751435943966,-0.000375130973666718,0.03823072382628001,0.003568841416669327,0.017120273870722538,-0.017541608538888146,0.034578216286806684,0.0007508631441519587,0.026578094102117755,-0.007249259040536971,0.032039007976357614,-0.0017883451662971117,-0.0007687911562173078,-0.034596144298872034,0.025114797092816277,-0.0022547428566936922,0.01808310717439965,-0.00928643277511032,0.01914061855633531,-0.00822892139317466,0.017303268667282823,-0.010066271282227146,2023-04-21
PG,2023-01-19,7.0,1.59,1.59,0.0,inline,before open,0.48857090938366327,-0.022888863118415433,-0.005268783277748164,-0.04659120462392394,-0.02897112478325667,-0.05391324997242068,-0.03629317013175341,-0.07993168603181551,-0.06231160619114824,-0.028635808325136125,-0.01476750425429163,-0.06362343590466268,-0.04975513183381819,-0.08596052317077851,-0.07209221909993402,-0.10137441506387657,-0.08750611099303207,-0.015573129188942492,-0.003910247664675959,-0.03447061487732206,-0.022807733353055526,-0.03574981059239468,-0.02408692906812815,-0.05859555830212526,-0.04693267677785873,2023-01-19
PG,2022-10-19,7.0,1.55,1.57,0.012903225806451623,inline,before open,0.4172826790521089,0.002371984072624976,-0.009618090188822485,0.019870436288346116,0.007880362026898655,0.03549250776551565,0.02350243350406819,0.07500390759724843,0.06301383333580096,0.011861599825891078,-0.004494953543565106,0.004101756831984327,-0.012254796537471857,0.03154020044224204,0.015183647072785855,0.04109133466425774,0.024734781294801556,0.014964854981460163,0.0010670151436568132,-0.0008682082426975102,-0.01476604808050086,0.011974825227913488,-0.0019230146098898615,0.039825194224682,0.025927354386878654,2022-10-19
PG,2022-07-29,6.0,1.23,1.21,-0.016260162601626032,inline,before open,0.4476969412400341,-0.03856602411463417,0.029904690193218716,-0.029252739869678364,0.03921797443817452,-0.031149980386395704,0.03732073392145718,-0.03931568813797045,0.029155026169882435,-0.04469315250688566,0.03168486406961735,-0.03849997624634305,0.03787804033015996,-0.05779044854319304,0.018587568033309965,-0.03616483905860857,0.04021317751789444,-0.037834784559089396,0.016238540668033208,-0.014627144752835886,0.03944618047428672,-0.012773769991037298,0.041299555236085306,-0.028846281377564842,0.025227043849557762,2022-07-29
PG,2022-04-20,6.0,1.29,1.33,0.031007751937984523,beat,before open,0.2776317735420017,0.02886093348764868,0.0027141523804144335,0.019528830852804862,-0.006617950254429385,-0.0038510441143295836,-0.02999782522156383,-0.06502436607496889,-0.09117114718220314,0.04151281399951956,0.01417324574319323,0.06933137352449203,0.041991805268165705,0.02802806752098308,0.00068849926465675,0.03702249802068447,0.009682929764358139,0.011695315623021285,8.833293220344984e-05,0.014711963444174248,0.003104980753356412,0.008705404191478028,-0.0029015784993398075,0.011078825097554201,-0.000528157593263634,2022-04-20
PG,2022-01-19,6.0,1.65,1.66,0.006060606060606067,inline,before open,0.42395560047323294,0.04734442087144823,0.009704563421373151,0.0346441139126986,-0.0029957435373764787,0.0376277587297,-1.2098720375081085e-05,0.015182423491341022,-0.022457433958734056,0.0604755884260626,0.016467285250370445,0.06666348613698747,0.022655182961295317,0.040257469508216404,-0.0037508336674757503,0.034847927306302484,-0.00916037586938967,0.039245912110455694,0.011943448728802042,0.03654141834671043,0.009238954965056778,0.03112073098007484,0.003818267598421188,0.022422716710533863,-0.004879746671119789,2022-01-19
PG,2021-10-19,7.0,1.59,1.61,0.012578616352201269,inline,before open,0.41438461735102633,-0.012012967590646656,0.0026344827336384075,0.004058957160950272,0.018706407485235336,0.008960156585736559,0.023607606910021624,0.027500044185950836,0.0421474945102359,-0.019535020492143618,-1.764529308823093e-05,-0.009459184399730702,0.010058190799324684,-0.013937455518953756,0.00557991968010163,-0.008264518345813099,0.011252856853242288,-0.014140987745951517,-0.0019123604846387199,-0.0055423341282829774,0.006686293133029819,-0.001940800373836482,0.010287826887476315,0.0072466177531521625,0.01947524501446496,2021-10-19
KO,2026-07-28,6.0,0.93,0.97,0.043010752688171956,beat,before open,-0.26442284227506313,0.05324859852490299,0.00388240638018246,0.03463572866049437,-0.014730463484226158,0.027347386896802214,-0.022018805247918317,0.07200217486336538,0.02263598271864485,0.07212747459507352,0.02456396174550668,-0.012692171548046027,-0.06025568439761286,-0.012625301799652044,-0.06018881464921888,0.051785810552460565,0.004222297702893729,0.035773264753061085,0.005730589094094407,0.029963872297685712,-7.880336128096577e-05,0.037046086621486785,0.007003410962520107,0.07349145524365608,0.0434487795846894,2026-07-28
KO,2026-04-28,7.0,0.81,0.86,0.06172839506172831,beat,before open,-0.18221151288284274,0.04293229876413107,0.005927037579532259,0.03838284029831994,0.0013775791137211266,0.058400579365032575,0.02139531818043376,0.07458151462829245,0.037576253443693634,0.05023116718523635,0.006791567850111591,0.028219246841327705,-0.015220352493797051,0.028176261881565967,-0.01526333745355879,0.031402536501062395,-0.012037062834062362,0.038149244481695876,0.00856279445297814,0.01937269300065858,-0.010213757028059156,0.034533120405462525,0.004946670376744788,0.05246254481760637,0.022876094788888635,2026-04-28
KO,2026-02-10,6.0,0.56,0.58,0.035714285714285546,beat,before open,0.06665952856858796,0.007578440423902599,0.022800010502471837,0.017382213991375482,0.03260378406994472,0.026507185558981863,0.0417287556375511,-0.012443128386008855,0.0027784416925603836,0.011294940599237524,0.023535464954239638,0.030731191353142173,0.04297171570814429,0.03303742529105291,0.04527794964605503,0.021993844035670174,0.03423436839067229,-0.002713912149020725,0.008961225803370665,0.012552812355031029,0.02422795030742242,0.013833898005289336,0.025509035957680726,0.02881151245632141,0.0404866504087128,2026-02-10
KO,2025-10-21,6.0,0.78,0.82,0.05128205128205118,beat,before open,0.08080784118741585,0.035453903512374096,-0.0052519068125224805,0.02435978012192113,-0.016346030202975446,0.0050890630138385115,-0.035616747311058065,0.04480307998291712,0.0040972696580205414,0.04007640036293314,-0.0005580794003557932,0.0023934788059195578,-0.038241000957369375,-0.0014789081482274868,-0.04211338791151642,0.05788388626986796,0.017249406506579024,0.033831991556089736,-0.011432312721611382,0.0412013270707523,-0.004062977206948815,0.051392487596125025,0.006128183318423908,0.07371353947143466,0.028449235193733546,2025-10-21
KO,2025-07-22,7.0,0.84,0.87,0.03571428571428575,beat,before open,0.06164472899901376,-0.014574154370798915,-0.008207901944794049,-0.013223779416643953,-0.0068575269906390865,-0.019602982725881665,-0.013236730299876799,-0.009903931969735089,-0.0035376795437302216,-0.021679459266295775,-0.015684940186488028,-0.019869100395610517,-0.01387458131580277,-0.013142071943133549,-0.007147552863325801,-0.01604352040934498,-0.010049001329537233,-0.02254594096241591,-0.007544944501830075,-0.013502046308552118,0.0014989501520337178,-0.009238690038607333,0.0057623064219785025,-0.021491891157866316,-0.00649089469728048,2025-07-22
KO,2025-04-29,6.0,0.72,0.73,0.013888888888888902,inline,before open,-0.049284187963318106,0.00944917120725758,0.002061050982741855,-0.00439702157077081,-0.011785141795286535,-0.04444666107393212,-0.051834781298447846,-0.019548775933349537,-0.026936896157865264,0.0038687068339080533,0.002367495093293037,-0.015310500426802931,-0.016811712167417947,-0.10373782909526752,-0.10523904083588254,-0.07365831198801454,-0.07515952372862955,-0.005013348149988106,-0.0044979555983044595,-0.010525554212662547,-0.0100101616609789,-0.032029202567677495,-0.03151381001599385,-0.02319976931510881,-0.022684376763425163,2025-04-29
KO,2025-02-11,6.0,0.52,0.55,0.057692307692307744,beat,before open,0.019417558167188688,0.06292678264315621,0.016087077485142473,0.0808560023787521,0.03401629722073836,0.09018771504225916,0.04334800988424542,0.0760120371816593,0.029172332023645567,0.0661311125009929,0.019641603023273557,0.0701504417859602,0.023660932308240845,0.11115531596550199,0.06466580648778264,0.16050982062391994,0.11402031114620059,0.05477020495732077,0.017164609286952515,0.062104084231890955,0.024498488561522702,0.06695750187787985,0.029351906207511602,0.08339472038111118,0.04578912471074292,2025-02-11
KO,2024-10-23,6.0,0.75,0.77,0.02666666666666669,beat,before open,0.11136049401096725,-0.03267601326280796,-0.011819772995707176,-0.05792314738821766,-0.03706690712111688,-0.09964556316893323,-0.07878932290183245,-0.1219081054431774,-0.10105186517607662,-0.024199151442191758,-0.012602357052255764,-0.046078566787235875,-0.03448177239729988,-0.09936195462213615,-0.08776516023220016,-0.10956277620793498,-0.09796598181799898,-0.02787863040381111,-0.009095318941980013,-0.03048265789587068,-0.011699346434039581,-0.05549676621913291,-0.03671345475730181,-0.07488104531860662,-0.05609773385677552,2024-10-23
KO,2024-07-23,6.0,0.81,0.84,0.03703703703703693,beat,before open,0.35387947999334207,0.02464381476409305,0.021130047189287505,0.05243115188354602,0.04891738430874048,0.0715228829451197,0.06800911537031415,0.06708073807780439,0.06356697050299884,0.040249702077628347,0.035747634462857,0.06696009833400052,0.062458030719229174,0.10946360503787256,0.10496153742310121,0.060648372805823025,0.05614630519105168,0.020500949531445323,0.013984160192798578,0.046079468528511525,0.03956267918986478,0.0486507670896732,0.04213397775102645,0.031083520300637768,0.024566730961991023,2024-07-23
KO,2024-04-30,6.0,0.7,0.72,0.0285714285714286,beat,before open,0.3606770651341412,0.006151651123244957,0.004275787953164013,0.007340230266194372,0.0054643670961134275,0.01333349502935046,0.011457631859269516,-0.00577252416809757,-0.007648387338178514,0.01732667274765609,0.005837422964474759,-0.004754189408714304,-0.016243439191895637,-0.008920791577103793,-0.020410041360285125,-0.03668452880549289,-0.04817377858867422,0.008947826932186098,0.00894811576925203,-0.0028518794651297696,-0.002851590628063838,-0.0017065952341358548,-0.0017063063970699233,-0.0072845152243276035,-0.007284226387261672,2024-04-30
KO,2024-02-13,6.0,0.49,0.49,0.0,inline,before open,0.37689317371162395,-0.0046085158333233085,-0.004186361950439199,0.03004080758845415,0.030462961471338257,0.010648554412687809,0.011070708295571918,0.017956960005671797,0.018379113888555905,-0.0021883032803492464,-0.010098560046326477,0.033132391634425495,0.025222134868448265,0.0011148903669114807,-0.00679536639906575,-0.006060257538174296,-0.013970514304151527,0.005777739035775609,0.0009109439334286096,0.016296548764814123,0.011429753662467124,-0.0008385329519187135,-0.0057053280542657125,-0.009861246007801028,-0.014728041110148027,2024-02-13
KO,2023-10-24,6.0,0.69,0.74,0.0724637681159421,beat,before open,0.45764353199741326,0.040910857416899926,0.015355033603039164,0.04754961733615601,0.021993793522295246,0.04040894870741585,0.014853124893555086,0.039900779596312635,0.014344955782451874,0.044285662827262984,0.022978934412338115,0.04934662926214528,0.02803990084722041,0.0174882811799848,-0.00381844723494007,-0.004735578053156719,-0.02604230646808159,0.025586292374726094,0.0052298636310383895,0.03331236517698877,0.012955936433301063,0.02836932291073102,0.008012894167043316,0.034079824228834266,0.013723395485146561,2023-10-24
KO,2023-07-26,6.0,0.72,0.78,0.08333333333333341,beat,before open,0.5170456969322682,0.007220554972053206,-0.005899259452876851,0.0035671412241310707,-0.009552673200798986,-0.004142072810420699,-0.017261887235350756,-0.01051530692891603,-0.023635121353846086,0.009652842458462985,-0.003045032506372669,0.007061057334586285,-0.005636817630249369,0.002294918737765661,-0.010402956227069993,-0.004708818320050101,-0.017406693284885755,0.010807883068625124,-0.0008578048362650748,-0.0007899777063989921,-0.01245566561128919,-0.004993866299074945,-0.016659554203965143,0.012170757194738702,0.0005050692898485032,2023-07-26
KO,2023-04-24,6.0,0.65,0.68,0.04615384615384619,beat,before open,0.5369499591379644,0.00510880356737024,0.0070949830207827705,0.00026021215489346536,0.002246391608305996,-0.0015116620914874517,0.00047451736192507914,-0.04612946087654554,-0.04414328142313301,0.01170546917623616,0.0143099486081395,-0.00442606309925242,-0.0018215836673490804,-0.0039078897945695745,-0.0013034103626662352,-0.05669640529179143,-0.05409192585988809,-0.005872910931470687,-0.00026282549872169714,-0.008247702652122935,-0.0026376172193739444,-0.007101547385235052,-0.0014914619524860617,-0.016612970199955,-0.011002884767206011,2023-04-24
KO,2023-02-14,6.0,0.45,0.45,0.0,inline,before open,0.5189712542293603,-0.019456609083656498,-0.0023570195707650968,0.00410069306272853,0.02120028257561993,-0.01309870454826333,0.0040008849646280716,0.013755932596009103,0.030855522108900503,-0.019453972443007284,-0.003247445298318441,0.02492774865380465,0.04113427579849349,0.015651321209562252,0.031857848354251095,0.05558088493634461,0.07178741208103345,-0.009502483763762504,-0.001914378126860905,-0.0032172171423721085,0.00437088849452949,0.002658591595690152,0.01024669723259175,0.013962846946604546,0.021550952583506144,2023-02-14
KO,2022-10-25,6.0,0.64,0.69,0.07812499999999989,beat,before open,0.44461705467900337,0.025787594531733377,0.009865166523491557,0.023480769737268536,0.007558341729026717,0.020892287785294526,0.004969859777052707,0.03625479899577672,0.020332370987534903,0.02300031115568557,0.014997865736783744,0.020682311879085757,0.01267986646018393,0.026190402284091197,0.01818795686518937,0.024532127292030248,0.01652968187312842,0.011707062448207184,0.0008509355348833569,0.0025131595726827216,-0.008342967340641105,-0.0009062352832556186,-0.011762362196579446,0.0010209486590632144,-0.009835178254260613,2022-10-25
KO,2022-07-26,7.0,0.67,0.7,0.04477611940298495,beat,before open,0.46961164545174444,0.00529115368258019,-0.01601218250736942,0.004623324852153006,-0.016680011337796605,-0.011744594909040035,-0.033047931098989645,-0.0002584919246982776,-0.021561828114647887,-0.0008977660496313211,-0.02913032114188363,-0.008264173638798722,-0.03649672873105103,-0.025690388756755445,-0.053922943849007754,-0.009329265219175098,-0.03756182031142741,0.008735417059377193,-0.009977075717634065,0.006158595532288702,-0.012553897244722556,0.0012670618158371338,-0.017445430961174124,0.0030800275959916856,-0.015632465181019572,2022-07-26
KO,2022-04-25,6.0,0.58,0.64,0.10344827586206906,beat,before open,0.44383068573518036,0.006512891947462971,-0.001066212066817996,-0.018435846472868417,-0.026014950487149385,0.015334320673689466,0.007755216659408499,-0.012112407207347098,-0.019691511221628065,0.020240909058396483,0.015463531884882697,-0.0014239502812869453,-0.006201327454800731,0.05586747555411142,0.05109009838059764,0.03347501792903518,0.028697640755521392,0.008114818915024635,0.001956961449359307,0.005462161642331709,-0.0006956958233336197,0.022912749108266683,0.016754891642601355,0.05720093488405431,0.05104307741838898,2022-04-25
KO,2022-02-10,6.0,0.41,0.45,0.09756097560975618,beat,before open,0.522194392873362,0.006787515012773981,-0.007812621239040293,0.03936460637182653,0.024764470120012257,0.04913552117584696,0.034535384924032686,-0.013829162774353459,-0.028429299026167733,0.02549640894901517,0.0019606394936414473,0.06300736626947812,0.03947159681410439,0.07350016669589865,0.04996439724052493,0.03315172223618845,0.00961595278081473,0.0021285089479577968,-0.014183090883269855,0.02375040727214539,0.0074388074409177385,0.03542432153182251,0.01911272170059486,0.014920683524526801,-0.0013909163067008512,2022-02-10
KO,2021-10-27,6.0,0.58,0.65,0.12068965517241391,beat,before open,0.5986212047087055,0.025539160690003986,0.003600332050919558,0.02174208154078206,-0.00019674709830236684,0.03086551276010409,0.00892668412101966,0.0006359407880474192,-0.021302887851037008,0.0234239343969751,-0.00028278383213575786,0.01400771301958803,-0.009699005209522826,0.024008848467471422,0.0003021302383605651,-0.011352619398684816,-0.03505933762779567,0.03099983905866599,0.0058482623325391,0.01886604037171602,-0.00628553635441087,0.021266523182510766,-0.0038850535436161238,-0.001531459376770683,-0.026683036102897573,2021-10-27
COST,2026-05-28,16.0,4.97,4.93,-0.008048289738430591,inline,after close,0.07995062406866209,-0.049981939513226964,-0.010804628264388882,-0.02041952236562429,0.01875778888321379,-0.009530497208662544,0.029646814040175537,-0.045120675649079164,-0.005943364400241083,-0.054958353095468704,-0.013399400066197664,-0.0002775337242947318,0.04128141930497631,0.0046733067460810185,0.04623225977535206,-0.033778303846819124,0.007780649182451915,-0.021126875776909526,-6.242902223208002e-05,-0.011334876040725916,0.00972957071395153,-0.02878513435446295,-0.007720687599785503,-0.05554448077744889,-0.034480034022771444,2026-05-29
COST,2026-03-05,16.0,4.55,4.58,0.006593406593406648,inline,after close,0.468544525020098,0.026110795633923056,0.003636762977860388,0.0425566769338025,0.020082644277739835,0.017336824604275772,-0.005137208051786895,0.061567749337248116,0.03909371668118545,0.02736625194638176,-0.0015461355010146782,0.05430177058515995,0.02538938313776351,0.035982505753271554,0.007070118305875117,0.06606832350302916,0.03715593605563272,0.01647217622040209,0.0049986493429206025,0.03399440579159163,0.022520878914110143,0.03891561658123566,0.02744208970375417,0.06322475149555906,0.051751224618077574,2026-03-06
COST,2025-12-11,16.0,4.27,4.5,0.05386416861826709,beat,after close,0.5031981082090478,-0.019614273870179662,-0.025643076448794874,-0.024277440176881295,-0.030306242755496506,-0.012052326257158779,-0.01808112883577399,0.07322190839554446,0.06719310581692925,-0.014781664546583362,-0.025522307040554804,-0.023394152940091395,-0.03413479543406284,-0.0196103211644737,-0.03035096365844514,0.05505902124062212,0.04431837874665068,-0.03768266998311498,-0.02980328553923972,-0.03261021351954552,-0.024730829075670258,-0.019846651809035,-0.01196726736515974,0.02742153410773307,0.03530091855160833,2025-12-12
COST,2025-09-25,16.0,5.8,5.87,0.01206896551724143,inline,after close,0.5456970044539696,-0.03282879212409949,-0.0006136991680108228,-0.039241587060066,-0.007026494103977335,-0.010088995439448929,0.02212609751663974,-0.027917814904529426,0.004297278051559241,-0.03653935838775202,-0.0018060020941896848,-0.04639005680111452,-0.011656700507552187,-0.0058740620338050276,0.028859294259757307,-0.03953874138540592,-0.004805385091843584,-0.03236697068573058,-0.0009196665769215517,-0.03289695661952363,-0.0014496525107146052,-0.01744832243318606,0.013998981675622968,-0.02728389062131753,0.004163413487491496,2025-09-26
COST,2025-05-29,16.0,4.23,4.28,0.011820330969267096,inline,after close,0.607483716186085,0.0427653269057434,0.011761358329187836,-0.006881967639271076,-0.03788593621582664,-0.033457669016456894,-0.06446163759301246,-0.06445522327202496,-0.09545919184858054,0.04267923368673976,0.010393324714749186,-0.007862914185632564,-0.04014882315762314,-0.028855088964290565,-0.06114099793628114,-0.06615341233035688,-0.09843932130234745,0.03782138526219425,0.015422577753158917,0.012535044491831626,-0.009863763017203708,-0.003069160545202565,-0.0254679680542379,-0.010050747577190822,-0.032449555086226156,2025-05-30
COST,2025-03-06,16.0,4.1,4.02,-0.019512195121951237,inline,after close,0.8345907363279125,-0.0746941431687898,-0.009049491947951127,-0.11164333535658187,-0.04599868413574319,-0.11099047490952614,-0.04534582368868746,-0.015079841862726269,0.05056480935811241,-0.0706702589703061,-0.004371109210597024,-0.10724345176174432,-0.04094430200203525,-0.10609300412800338,-0.0397938543682943,0.01013960872433839,0.07643875848404746,-0.0927980308911589,-0.028834356255068916,-0.08631820566436121,-0.02235453102827123,-0.07785233746425324,-0.013888662828163256,-0.06362323246118884,0.0003404421749011455,2025-03-07
COST,2024-12-12,16.0,3.8,4.04,0.06315789473684216,beat,after close,0.8586660242080243,-0.0006223308578330892,-0.0009363206597525252,-0.02444585340950801,-0.02475984321142745,-0.0580724434134447,-0.05838643321536414,-0.07165887162396106,-0.0719728614258805,0.0004577835680368292,-0.0007120319822364607,-0.01691425525905821,-0.0180840708093315,-0.045728066856343896,-0.046897882406617186,-0.05219215907020003,-0.05336197462047332,0.012323750890060436,0.008799221094540899,-0.006742577279577833,-0.01026710707509737,-0.02817042124766933,-0.03169495104318887,0.0010555548662600778,-0.00246897492925946,2024-12-13
COST,2024-09-26,16.0,5.08,5.15,0.013779527559055173,inline,after close,0.8426469333866692,-0.020944673225728024,-0.0034888273613730494,-0.028140037715512628,-0.010684191851157654,-0.03624171402410284,-0.018785868159747865,-0.04424651123881144,-0.026790665374456464,-0.019090275504141663,-0.0029910225511298183,-0.02157116527593317,-0.005471912322921324,-0.025853466249701862,-0.009754213296690017,-0.02244777699091771,-0.006348524037905867,-0.01810249527491259,0.0012571343915848132,-0.0033526632938633005,0.0160069663726341,0.0017572293109539006,0.021116858977451303,0.011357165034853178,0.03071679470135058,2024-09-27
COST,2024-06-06,6.0,3.76,3.78,0.005319148936170218,inline,before open,0.7930121090003278,0.012302556015173504,0.0033722702101965825,-0.004031482699513669,-0.01296176850449059,-0.01189990261219601,-0.02083018841717293,-9.015383522172765e-05,-0.00902043964019865,0.014719867482242965,0.004704834436125238,-0.000545325686769127,-0.010560358732886854,-0.0044686946309490105,-0.014483727677066738,0.01408061191784793,0.004065578871730202,0.015397782981632524,0.008485965769047699,0.026800796943547978,0.019888979730963152,0.018744478547923604,0.011832661335338779,0.05450030018468033,0.0475884829720955,2024-06-06
COST,2024-03-07,16.0,3.64,3.71,0.019230769230769187,inline,after close,0.7160868360091307,-0.08942124369436802,-0.016256102561346436,-0.07727384328957604,-0.004108702156554456,-0.08567103443196722,-0.012505893298945636,-0.124314809547625,-0.051149668414603416,-0.0853741442456597,-0.014962558302919482,-0.06912741005329481,0.0012841758894454047,-0.07856854728717833,-0.008156961344438107,-0.10541317114610993,-0.03500158520336971,-0.08977147681139863,-0.021277213160492026,-0.07269550120389079,-0.004201237552984183,-0.06881277256273854,-0.0003185089118319384,-0.08147937201325106,-0.012985108362344455,2024-03-08
COST,2023-12-14,16.0,3.42,3.58,0.0467836257309942,beat,after close,0.7834102366647563,0.0742741235034346,0.02907788418484976,0.055316469677219156,0.010120230358634318,0.04520979743961157,1.3558121026734093e-05,0.09081442160719319,0.04561818228860835,0.0745048025401649,0.028405752124228023,0.0569272955111253,0.010828245095188427,0.05000280407388891,0.003903753657952036,0.10119543139758447,0.0550963809816476,0.06807367637153328,0.023621086899228594,0.05704929153444227,0.012596702062137588,0.025465945293954295,-0.018986644178350387,0.08273945371854197,0.038286864246237284,2023-12-15
COST,2023-09-26,16.0,4.78,4.86,0.01673640167364018,inline,after close,0.8380609871862448,0.023058356493056896,0.004234508773736916,0.036488166121157954,0.017664318401837974,0.003135879168799989,-0.01568796855051999,0.01267549247100299,-0.00614835524831699,0.021968597200822337,0.0032525189970187274,0.036671676947047316,0.017955598743243706,-0.0013010095640175745,-0.020017087767821184,0.014859045633045742,-0.003857032570757868,0.0333295418470656,0.005997639283974454,0.04804417560847829,0.020712273045387142,0.05826286326035002,0.03093096069725887,0.015951943088305942,-0.011379959474785206,2023-09-27
COST,2023-06-01,6.0,3.43,2.93,-0.14577259475218657,miss,before open,0.8616576075912128,-0.019347642613566963,-0.0128370302416668,-0.008443781308398846,-0.0019331689364986832,-0.019557181117900644,-0.013046568746000482,-0.010290639879041295,-0.003780027507141133,-0.021948411481120478,-0.014480536930365662,-0.010010736256436559,-0.0025428617056817426,-0.02363385515053218,-0.016165980599777363,-0.011551108707986368,-0.004083234157231552,-0.010933105533128984,-0.01379178465413744,0.008983820168745882,0.006125141047737426,0.00806303838355693,0.005204359262548475,0.023903634800607976,0.02104495567959952,2023-06-01
COST,2023-03-02,16.0,3.23,3.3,0.02167182662538695,beat,after close,0.948265778166384,-0.020955238768433485,0.01576229396900678,-0.0016987550768194325,0.03501877766062084,0.017651242329293562,0.05436877506673383,-0.008924236660756256,0.02779329607668401,-0.02175120085187654,0.015761247093822428,5.4034708381833774e-05,0.0375664826540808,0.018817350169864078,0.056329798115563046,-0.009949029904842144,0.027563418040856824,-0.008467402639989352,0.013834988464855424,-0.010818310316537794,0.011484080788306983,0.008580833393601495,0.03088322449844627,-0.01168419733170889,0.010618193773135887,2023-03-03
COST,2022-12-08,16.0,3.16,3.1,-0.018987341772151913,inline,after close,0.9286337063716373,0.0056712237459044836,-0.004164846274064491,-0.017817118928579716,-0.027653188948548693,-0.016589570634754667,-0.026425640654723644,0.002747165448454183,-0.007088904571514792,0.006023557501613763,-0.0047696788178976934,-0.013264162599916252,-0.024057398919427708,-0.009868276873822635,-0.02066151319333409,0.01224827485769231,0.0014550385381808528,0.010143819635900608,-0.0008939666169200944,-0.020243309785924257,-0.03128109603874496,-0.02899708004236734,-0.04003486629518804,0.01621136340919882,0.0051735771563781174,2022-12-09
COST,2022-09-22,16.0,4.2,4.2,0.0,inline,after close,0.9385641111690247,0.010235552825185661,0.0381158235395595,0.008043238290065534,0.03592350900443937,-0.02064046769434099,0.00723980302003285,-0.038257204371571665,-0.010376933657197825,0.013816157331262291,0.03969533808366288,0.016692192234855074,0.04257137298725566,-0.008167953763806524,0.017711226988594064,-0.01807073201648579,0.007808448735914797,0.003449976303730562,0.02908202821595829,0.02624818440797727,0.051880236320205,0.021192292719984795,0.04682434463221252,0.007580214621395465,0.03321226653362319,2022-09-23
COST,2022-05-26,16.0,3.02,3.17,0.0496688741721854,beat,after close,0.7515183069348118,-0.015213397821167943,-0.007300259484810015,-0.0049216395254477185,0.002991498810910209,0.01166785272856273,0.019580991064920658,0.014713187504059935,0.022626325840417863,-0.016173022431865802,-0.004032960312057132,0.002210287644645592,0.014350349764454262,0.051032094647377124,0.0631721567671858,0.0675881479901198,0.07972821010992848,-0.0017678261702752662,-0.00257721309488812,0.022322667993796563,0.02151328106918371,0.026938258795755177,0.026128871871142323,0.037650780773943016,0.03684139384933016,2022-05-27
COST,2022-03-03,16.0,2.79,2.92,0.04659498207885301,beat,after close,0.9134030895940195,0.023161059524689043,0.031288426664832183,0.013889198049278715,0.022016565189421855,0.014962065678515098,0.02308943281865824,0.0089611630655415,0.01708853020568464,0.02918739073620702,0.03522620743131977,0.02528238981704023,0.03132120651215298,0.028056631672403354,0.0340954483675161,0.03423936303557018,0.04027817973068293,0.009640691382642341,0.02393587439674638,0.04903456846504406,0.0633297514791481,0.07406858822476037,0.08836377123886441,0.06212517179188115,0.07642035480598519,2022-03-04
COST,2021-12-09,16.0,2.65,2.98,0.12452830188679248,beat,after close,0.6974617309587361,0.06144056726023982,0.0027710450561003533,0.05054169559851579,-0.008127826605623674,0.050545322401019804,-0.00812419980311966,-0.019008314053290183,-0.07767783625742965,0.06236080505950703,0.005995122874791647,0.0568805389985968,0.0005148568138814147,0.048259864885049186,-0.008105817299666196,-0.008377938819134623,-0.06474362100385,0.03298312826953875,-0.015937878804502148,0.0160297303020146,-0.0328912767720263,0.02675657236561768,-0.02216443470842322,-0.06464462087523704,-0.11356562794927794,2021-12-10
COST,2021-09-23,16.0,3.58,3.76,0.05027932960893847,beat,after close,0.6217929316523388,0.0174544334822853,-0.014088195391031323,0.0007379744078188505,-0.030804654465497773,0.0011250225277828207,-0.030417606345533803,0.039874431069729904,0.00833180219641328,0.018904572659310226,-0.01251062286930571,0.011283294486001738,-0.020131901042614198,0.010938405986836375,-0.02047678954177956,0.04159235540146056,0.010177159872844621,0.021797250427265213,-0.010840099743478104,0.013466752263801118,-0.0191705979069422,0.006720596091096875,-0.025916754079646442,0.054202649913509315,0.021565299742765998,2021-09-24
UNH,2026-07-16,6.0,4.92,6.38,0.2967479674796748,beat,before open,0.6796937547297001,0.026466918461330334,0.012149680381589903,0.022100574783188782,0.007783336703448352,0.009448839973769347,-0.004868398105971084,-0.08661484596938843,-0.10093208404912886,0.0333290574159365,0.01629800890037081,0.03504878116171739,0.018017732646151696,0.02568467426595289,0.008653625750387195,-0.07596609037924273,-0.09299713889480843,0.00022690084196475002,0.010789021991074343,-0.007186161499445509,0.0033759596496640842,-0.02481243622017426,-0.014250315071064668,-0.10804215494927738,-0.09748003380016779,2026-07-16
UNH,2026-04-21,6.0,6.6,7.23,0.09545454545454558,beat,before open,0.4862028498800865,0.09335632002608202,0.01865273839579762,0.1378576385435505,0.06315405691326609,0.1313075897208264,0.056604008090542,0.21183530959527375,0.13713172796498935,0.08777352064335986,0.011577925744772566,0.12441507107051519,0.0482194761719279,0.0998112795130982,0.023615684614510912,0.15445529282386916,0.07825969792528187,0.09837587219397337,0.01855216731487408,0.15313083313261344,0.07330712825351415,0.13505865261623384,0.055234947737134554,0.18945933865418507,0.10963563377508578,2026-04-21
UNH,2026-01-27,5.0,2.11,2.11,0.0,inline,before open,0.31012425705485663,-0.15342260326741122,0.041969703742690684,-0.17704666629398375,0.01834564071611816,-0.20686193810043638,-0.01146963109033447,-0.14656378629169797,0.048828520718403934,-0.1598939606033336,0.04014307585489951,-0.18527207276950086,0.014764963688732258,-0.22735225613411925,-0.027315219675886127,-0.18723271471523506,0.01280432174299806,-0.13191527036879547,0.0473758726003114,-0.16447689275889577,0.0148142502102111,-0.2108065510307221,-0.031515408061615235,-0.18504356591653015,-0.005752422947423286,2026-01-27
UNH,2025-10-28,5.0,2.81,2.92,0.039145907473309566,beat,before open,0.247487504334307,-0.026418818916880575,-0.03258095818417537,-0.08554364060247574,-0.09170577986977053,-0.08954478820245866,-0.09570692746975346,-0.07065070626323798,-0.07681284553053278,-0.032253751442341994,-0.034679723686512176,-0.08501268473792067,-0.08743865698209086,-0.10644061823190698,-0.10886659047607716,-0.0964858648436957,-0.09891183708786588,-0.012725260007927286,-0.024092891415680162,-0.09094122897596568,-0.10230886038371856,-0.13879319028207882,-0.1501608216898317,-0.19297953724265982,-0.2043471686504127,2025-10-28
UNH,2025-07-29,5.0,4.45,4.08,-0.08314606741573036,miss,before open,0.20329014217786365,-0.05026420200016236,0.02155312468322145,-0.09329667709972493,-0.021479350416341123,-0.04426809641938637,0.027549230263997436,0.12403428442746978,0.19585161111085359,-0.05167966788066436,0.02029632966086492,-0.09577588571176521,-0.023799888170235928,-0.0766016682150733,-0.0046256706735440245,0.06590835270345397,0.13788435024498324,-0.04743452488650168,0.020822165137966753,-0.08939209318601116,-0.02113540316154272,-0.03723783632670152,0.031018853697766913,0.06510096138796995,0.13335765141243838,2025-07-29
UNH,2025-04-17,5.0,7.29,7.2,-0.01234567901234566,inline,before open,0.2720679206569686,-0.28105289070288875,-0.05688444734833106,-0.31569092173096863,-0.09152247837641095,-0.36854381305185635,-0.14437536969729867,-0.6691522097253106,-0.444983766370753,-0.264797615374905,-0.03957411343682282,-0.35030191338104344,-0.12507841144296128,-0.4243532830654019,-0.19912978112731972,-0.7600332162049511,-0.534809714266869,-0.2597523900915355,-0.04182550999199641,-0.3162464411352923,-0.09831956103575323,-0.3652895229619232,-0.1473626428623841,-0.6148041575231082,-0.39687727742356915,2025-04-17
UNH,2025-01-16,6.0,6.74,6.81,0.010385756676557773,inline,before open,0.21303403784288388,-0.06499987292651081,-0.004380145402633609,-0.026803233253122317,0.033816494270754886,-0.00882884728463635,0.051790880239240854,-0.052829199102691154,0.007790528421186049,-0.07015599427983843,-0.011665464766784872,-0.043121731802548746,0.015368797710504811,-0.014206236647533954,0.0442842928655196,-0.06243247961246601,-0.00394195009941245,-0.059291488250223234,0.005105740137748782,-0.04420771346932706,0.020189514918644957,-0.04322816526354578,0.021169063124426235,-0.0642444991228227,0.0001527292651493095,2025-01-16
UNH,2024-10-15,6.0,7.03,7.15,0.01706970128022761,inline,before open,0.06624755506565226,-0.05482524773990079,0.026273178744659745,-0.05943557942124497,0.02166284706331556,-0.07528286344730382,0.005815563037256707,0.009536368446485255,0.09063479493104579,-0.050642452715404906,0.022707657869661446,-0.05492258881512457,0.01842752176994178,-0.06586658326678219,0.007483527318284167,-0.0006788616015955817,0.07267124898347077,-0.04466479966777415,0.024241087059611477,-0.03302711005055603,0.035878776676829593,-0.028537262800186536,0.04036862392719909,0.07066833832842034,0.13957422505580597,2024-10-15
UNH,2024-07-16,6.0,6.63,6.8,0.02564102564102563,beat,before open,0.12187515244314537,0.11042479714549569,0.04616391725716132,0.07830669527362213,0.014045815385287763,0.11940160019464796,0.05514072030631359,0.11674235205613526,0.052481472167800886,0.11756603810893507,0.05849433072054977,0.09042429794859197,0.03135259056020667,0.15018409077395245,0.09111238338556715,0.14649087132472538,0.08741916393634008,0.090656782187303,0.03993551646126936,0.07040811174814088,0.01968684602210724,0.0985782248004462,0.047856959074412564,0.08854865581021953,0.0378273900841859,2024-07-16
UNH,2024-04-16,5.0,6.62,6.91,0.04380664652567976,beat,before open,0.14480910438953595,0.07518052417425257,0.022559087199703218,0.09004601129327608,0.03742457431872673,0.08700734033277645,0.034385903358227096,0.1434717379839421,0.09085030100939276,0.08147821772625485,0.027458724008159408,0.08689729174756633,0.032877798029470884,0.0891216760779413,0.03510218235984586,0.10822159310701707,0.05420209938892162,0.07510589514582378,0.023270870473638516,0.070267685804005,0.01843266113181974,0.0722479875958969,0.02041296292371164,0.10681453489486281,0.05497951022267755,2024-04-16
UNH,2024-01-12,5.0,5.99,6.16,0.028380634390651072,beat,before open,0.2704536506898047,-0.03807733192666396,-0.0038770570808495525,-0.05555644398720968,-0.02135616914139527,-0.07725669291261036,-0.04305641806679596,-0.059895762143057245,-0.025695487297242837,-0.035214781689163366,-0.0008538580175347921,-0.06438421197983724,-0.030023288308208662,-0.09610425315579152,-0.061743329484162945,-0.08981995565486289,-0.05545903198323432,-0.02973074320403113,0.001452659835747383,-0.043785454214921415,-0.012602051175142903,-0.060776723866293625,-0.029593320826515113,-0.06251535098047634,-0.031331947940697824,2024-01-12
UNH,2023-10-13,5.0,6.35,6.56,0.03307086614173228,beat,before open,0.37961022852923754,0.02255932401230077,-0.006119319268522605,0.01671307062888044,-0.011965572651942934,0.023945422059704458,-0.004733221221118918,0.0325274512754841,0.0038488079946607245,0.018292448705855113,-0.013061530929961429,0.03215684651628925,0.0008028668804727079,0.05285851453731505,0.021504534901498507,0.013324106851222317,-0.018029872784594225,0.010045200339374616,-0.010067205115823818,0.013363477788119416,-0.006748927667079019,0.047930246774088414,0.02781784131888998,0.05373984011971045,0.03362743466451201,2023-10-13
UNH,2023-07-14,5.0,5.98,6.14,0.02675585284280924,beat,before open,0.47912483676706896,0.0799117858274405,0.00684301903521195,0.1258204187384469,0.05275165194621835,0.11549112003356862,0.04242235324134007,0.14137483042228519,0.06830606363005663,0.07770015624183957,0.004670669403502581,0.12058104345928466,0.04755155662094768,0.10295790767758706,0.02992842083925007,0.13811506482460956,0.06508557798627257,0.07007640327824405,0.01269861156711738,0.07729511486262919,0.01991732315150252,0.07788571518135634,0.020507923470229672,0.08453459010233533,0.02715679839120866,2023-07-14
UNH,2023-04-14,5.0,6.08,6.26,0.02960526315789469,beat,before open,0.541492774100763,-0.04023966401336838,-0.014324194853981797,-0.07999095109783486,-0.05407548193844827,-0.06674127835447821,-0.04082580919509163,-0.060739839570051836,-0.03482437041066526,-0.041169228328628904,-0.016171633058152723,-0.07980477106162454,-0.054807175791148355,-0.07186524891559887,-0.04686765364512269,-0.06321587424052189,-0.038218278970045705,-0.031171618106633714,-0.011765801385222763,-0.07287290803840962,-0.05346709131699867,-0.05003121848125158,-0.03062540175984063,-0.041609678842122966,-0.022203862120712015,2023-04-14
UNH,2023-01-13,5.0,5.17,5.34,0.032882011605415845,beat,before open,0.567893923860149,-0.024708234709635166,-0.00916473935959336,-0.03130683379821968,-0.01576333844817787,-0.03638267486330329,-0.02083917951326148,-0.04255471599791475,-0.027011220647872945,-0.023525696140973218,-0.007339479905504542,-0.029256094487100426,-0.01306987825163175,-0.029181952971405356,-0.01299573673593668,-0.03828051532441268,-0.022094299088944003,-0.021276133602366354,-0.004520272803862024,-0.01622510351381956,0.0005307572846847686,0.004177998234396463,0.020933859032900792,0.010942782827163988,0.027698643625668318,2023-01-13
UNH,2022-10-14,5.0,5.44,5.79,0.06433823529411757,beat,before open,0.6338193821010532,0.018940242413670625,-0.0005266237702334815,0.023488476482460073,0.0040216102985559665,0.024792176266538374,0.005325310082634267,-0.05769160087798468,-0.07715846706188878,0.020459045815862553,-0.008644465200728035,0.022638929351999293,-0.006464581664591296,0.016076268531638127,-0.013027242484952462,-0.06315340914898304,-0.09225692016557363,0.014039837667968458,0.0009910796838972225,0.031250055616247274,0.01820129763217604,0.014650721981391501,0.001601963997320266,-0.04091142142705895,-0.05396017941113018,2022-10-14
UNH,2022-07-15,5.0,5.21,5.57,0.06909788867562386,beat,before open,0.6826189100916842,0.025445587506540135,-0.014923195543516184,0.0028203581895295347,-0.037548424860526786,0.008582961409418338,-0.03178582164063798,-0.023043217942270995,-0.06341200099232731,0.023933741423153077,-0.011337004072822898,-0.005714616205663825,-0.0409853617016398,-0.008603952139731752,-0.04387469763570773,-0.042170488524387206,-0.07744123402036318,0.031754603401447534,0.0015272160337500562,0.017576861499445373,-0.012650525868252105,0.03748580055772521,0.007258413190027735,0.031026502921297494,0.0007991155536000161,2022-07-15
UNH,2022-04-14,5.0,5.35,5.49,0.02616822429906553,beat,before open,0.7036822613831045,0.0012524492179943631,-0.002561301736672947,-0.007472325776439361,-0.01128607673110667,-0.012534410983192842,-0.01634816193786015,-0.05050284911073704,-0.05431660006540435,0.006597510413996921,-0.00179448685671868,0.009425106131153882,0.001033108860438281,0.018302174897091406,0.009910177626375805,-0.0039105661874314634,-0.012302563458147064,0.010401702136181856,0.00965199113213655,0.0107692405998423,0.010019529595796994,0.012597141442178938,0.011847430438133633,-0.0206786372464991,-0.021428348250544405,2022-04-14
UNH,2022-01-19,5.0,4.31,4.48,0.03944315545243639,beat,before open,0.643995307297532,0.016826323114842022,0.007493125707031534,0.023688025808764838,0.01435482840095435,0.03132086728188041,0.021987669874069922,0.04085236342879753,0.03151916602098704,0.025808299114886912,0.01210594818989863,0.04607662273643687,0.032374271811448585,0.037712940077575086,0.024010589152586803,0.06210634752670874,0.048403996601720456,0.014974496648224589,0.007570587645842397,0.03021267735903055,0.022808768356648357,0.03136284520637056,0.023958936203988368,0.05355251994192012,0.046148610939537926,2022-01-19
UNH,2021-10-14,5.0,4.42,4.52,0.02262443438914019,beat,before open,0.7286068520014232,0.04150344066635857,0.01244821881479076,0.06072321227967682,0.031667990428109014,0.08090914766009215,0.05185392580852434,0.07347935990284327,0.04442413805127546,0.03556033146256432,0.010725729211549684,0.05148653950112425,0.026651937250109614,0.07055956057558266,0.04572495832456802,0.06334218999056407,0.03850758773954943,0.04071132118242193,0.01339414321943555,0.049161159455846204,0.02184398149285982,0.06804840096803777,0.04073122300505139,0.06786678189283779,0.04054960392985141,2021-10-14
JNJ,2026-07-15,6.0,2.85,2.9,0.017543859649122744,inline,before open,0.02188539364897383,-0.01862399185020354,0.01021468777999053,-0.003084693145228759,0.02575398648496531,0.026495442946282005,0.055334122576476075,-0.010074756772863722,0.018763922857330348,-0.013508389230009743,0.01736094587090664,0.013653992476838406,0.04452332757775479,0.07604698488634909,0.10691631998726547,0.0014329325855915176,0.0323022676865079,-0.03713792797339943,-0.010232223793768647,0.00033943128649449594,0.02724513546612528,-0.0036140969554633307,0.023291607224167454,-0.034013210731364873,-0.0071075065517340885,2026-07-15
JNJ,2026-04-14,6.0,2.68,2.7,0.007462686567164185,inline,before open,-0.014266296314547247,-0.0015589987295061315,-0.008284639764777647,-0.06461763665370075,-0.07134327768897226,-0.06909001257795386,-0.07581565361322537,-0.10821340652152935,-0.11493904755680086,-0.01703872909478321,-0.013846939927220192,-0.07641400916865959,-0.07322222000109657,-0.07968677895092424,-0.07649498978336122,-0.13169665257296026,-0.12850486340539724,0.004347366528531071,0.001166276736274674,-0.036669896326128826,-0.03985098611838522,-0.014855014026807223,-0.01803610381906362,-0.04450231355988277,-0.047683403352139164,2026-04-14
JNJ,2026-01-21,6.0,2.46,2.46,0.0,inline,before open,0.059346298805334596,-0.0028968076577691737,0.0002982861099782713,0.031793032291632134,0.03498812605937958,0.054013124264069415,0.05720821803181686,0.09029134314466554,0.09348643691241298,-0.015479063263200032,-0.0030212524364507942,0.016813630007903146,0.029271440834652385,0.05950729161067836,0.0719651024374276,0.11367881552252623,0.12613662634927547,-0.017308594023179413,0.002012123380740416,0.049584037009781534,0.06890475441370136,0.0677261550253232,0.08704687242924303,0.11162314950055685,0.13094386690447668,2026-01-21
JNJ,2025-10-14,6.0,2.76,2.8,0.01449275362318842,inline,before open,0.057495002236318475,6.0572091024457125e-06,0.0008095193928982659,0.0008114449377238948,0.001614907121519715,-0.029491459063824155,-0.028687996880028335,0.0016293597310326115,0.0024328219148284317,-0.0018032205071596419,-0.002762960236545098,-0.007270164840412652,-0.008229904569798108,-0.056528343016881144,-0.0574880827462666,-0.014010915494647391,-0.014970655224032847,-0.0028782110669683947,0.0001311094904556942,-0.017042936044096346,-0.014033615486672257,-0.04518515465098516,-0.04217583409356107,-0.043961958342505936,-0.04095263778508185,2025-10-14
JNJ,2025-07-16,6.0,2.68,2.77,0.03358208955223875,beat,before open,0.0016943928212490812,0.05019059932694378,-0.011335008029384336,0.08570807068337201,0.024182463327043893,0.07294785021249599,0.011422242856167872,0.11144576869477366,0.04992016133844554,0.04154539151147252,-0.0170433843916864,0.06886834840994749,0.01027957250678857,0.05770558038519902,-0.0008831955179599005,0.08354063560805425,0.02495185970489533,0.04996159841826764,0.00047270888674721956,0.06028522845605655,0.01079633892453613,0.06483016457935786,0.015341275047837444,0.11319970312631378,0.06371081359479336,2025-07-16
JNJ,2025-04-15,6.0,2.58,2.77,0.07364341085271316,beat,before open,-0.18708972055327458,-0.009406201753422907,-0.003179330633560528,0.00044290985275717565,0.0066697809726195545,0.00850980027604012,0.014736671395902498,-0.05414897690634316,-0.04792210578648078,0.022122712248204834,0.02411594520391669,0.012888567756430658,0.014881800712142512,-0.016467107872036535,-0.01447387491632468,-0.13968209277491495,-0.1376888598192031,0.013396797488984258,0.012055854469698035,0.02697806283072035,0.025637119811434128,-0.0014939683675758708,-0.0028349113868620934,0.018886031620017674,0.01754508860073145,2025-04-15
JNJ,2025-01-22,6.0,2.01,2.04,0.014925373134328483,inline,before open,-0.08530144372380127,-0.008932495282768078,0.009961769398154609,0.02149969252532631,0.040393957206249,0.04549078262282806,0.06438504730375075,0.08723969714520265,0.10613396182612533,-0.021088776105198104,0.00397257645471627,0.023140687878297372,0.048202040438211746,0.04237637969340635,0.06743773225332073,0.07229879724644095,0.09736014980635532,-0.021126894767495852,-0.003933191084084076,-0.0010505114164826024,0.016143192266929174,0.0031630117217876785,0.020356715405199455,0.05147348273438146,0.06866718641779324,2025-01-22
JNJ,2024-10-15,6.0,2.21,2.42,0.09502262443438912,beat,before open,0.07761632277750433,0.01617674333796526,0.0004315237553561141,0.009774969255764234,-0.005970250326844912,-0.012037715540882347,-0.027782935123491493,-0.06473858736266806,-0.08048380694527721,0.01999060471374492,-0.0032495889531412026,0.01327899269777122,-0.009961200969114903,-0.004485118400447297,-0.02772531206733342,-0.07816851300738581,-0.10140870667427193,0.02596825776137568,-0.0017161597631911718,0.03517447146233976,0.007490053937772911,0.032844202066148354,0.0051597845415815025,-0.006821313077369884,-0.034505730601936735,2024-10-15
JNJ,2024-07-17,6.0,2.7,2.82,0.044444444444444314,beat,before open,0.23203384694045934,0.035209249969818404,-0.005277219126512231,0.047308534887318524,0.0068220657909878885,0.055641307290661315,0.01515483819433068,0.06655860476546262,0.026072135669131982,0.051182568158048,0.00027645199230319495,0.07768057758518587,0.026774461419441065,0.07063010192168018,0.01972398575593537,0.08706386811986455,0.03615775195411974,0.04765734479170303,0.015310042885238628,0.03500964958916175,0.0026623476826973524,0.04729127549969303,0.014943973593228632,0.037055872899602105,0.004708570993137706,2024-07-17
JNJ,2024-04-16,6.0,2.65,2.71,0.022641509433962283,beat,before open,0.22441409681707677,-0.017021697919557294,0.003693843599280891,0.0139913805428923,0.03470692206173048,-0.01723064096710398,0.003484900551734206,0.021904475152336497,0.04262001667117468,-0.01131760873328913,0.008133706860241174,0.011113597219521876,0.03056491281305218,-0.015353744945763581,0.004097570647766724,-0.010141990975539028,0.009309324617991277,-0.01768993131372021,0.003945853325720283,-0.005516008724039456,0.016119775915401036,-0.03222743342780798,-0.010591648788367491,-0.011549049187693283,0.010086735451747209,2024-04-16
JNJ,2024-01-23,6.0,2.28,2.29,0.004385964912280803,inline,before open,0.331083450159116,-0.022311557399034357,-0.005327444645817719,-0.025825503409036103,-0.008841390655819466,-0.030527112438673558,-0.01354299968545692,-0.017478416772503398,-0.0004943040192867607,-0.025700548919371236,-0.0064121655471885974,-0.03819656597039223,-0.01890818259820959,-0.049053662050961955,-0.029765278678779317,-0.04405931488319481,-0.024770931511012173,-0.011832323116126142,0.003825712502597778,-0.026522875763910325,-0.010864840145186405,-0.05493729403626968,-0.03927925841754576,-0.053470688749859496,-0.037812653131135576,2024-01-23
JNJ,2023-10-17,6.0,2.52,2.66,0.0555555555555556,beat,before open,0.29681674364650845,-0.026107020141397562,-0.01727534156902215,-0.030191804576954348,-0.021360126004578935,-0.04376102571896636,-0.03492934714659095,-0.06619378963286242,-0.057362111060487005,-0.01729633756978255,-0.008201213626081838,-0.011827909727436747,-0.002732785783736036,-0.017999483001875927,-0.008904359058175215,-0.0933760965012016,-0.08428097255750089,-0.02059238760349269,-0.012823351800976823,-0.01338547479821195,-0.0056164389956960825,-0.007781463732008387,-1.2427929492520029e-05,-0.03881828473436011,-0.031049248931844242,2023-10-17
JNJ,2023-07-20,6.0,2.62,2.8,0.06870229007633577,beat,before open,0.33095254398529905,0.07433291832931015,0.01107941033294621,0.09582918800233785,0.03257568000597391,0.08327550004567719,0.02002199204931325,0.11588559497809692,0.05263208698173298,0.07811274144676017,0.010749852536814153,0.09780819774344596,0.03044530883349994,0.08892173770885947,0.021558848798913455,0.1370624895032101,0.06969960059326408,0.04481374596433896,0.0006668511061092008,0.07590058283143042,0.03175368797320066,0.07335586515571035,0.029208970297480596,0.08858389627275864,0.04443700141452889,2023-07-20
JNJ,2023-04-18,6.0,2.5,2.68,0.07200000000000006,beat,before open,0.3482474460429791,-0.018047052171940015,0.009903629703458872,0.006634173199603014,0.0345848550750019,0.003754913924516867,0.031705595799915755,-0.026699422235611947,0.0012512596397869398,-0.01917085759262238,0.00960937956229202,0.016608836964667306,0.04538907411958171,0.003913348563893804,0.032693585718808205,-0.029824294100309956,-0.001044056945395555,-0.014915544860896857,0.006370078745032037,0.0037907891702357865,0.02507641277616468,0.002654637402044635,0.02394026100797353,-0.011372668261885543,0.00991295534404335,2023-04-18
JNJ,2023-01-24,6.0,2.24,2.35,0.049107142857142794,beat,before open,0.3047914878479796,0.0060147612205363535,0.006351482541367186,-0.03718107821958038,-0.03684435689874955,-0.047089186008255283,-0.04675246468742445,-0.06862184827675696,-0.06828512695592613,0.007828181798677059,0.006754671671328483,-0.043449079659981904,-0.04452258978733048,-0.06500061617245245,-0.06607412629980103,-0.05177285218101724,-0.05284636230836581,0.01345369059932544,0.006830179391047686,-0.021328863732287595,-0.02795237494056535,-0.017224529255497334,-0.02384804046377509,-0.02223692966220092,-0.028860440870478676,2023-01-24
JNJ,2022-10-18,6.0,2.49,2.55,0.024096385542168516,beat,before open,0.27009206176499917,-0.013249749763296098,-0.006315924286456925,0.009948267106034712,0.016882092582873886,0.02275858407406158,0.029692409550900755,0.006516029722677709,0.013449855199516882,-0.016095975827956632,-0.0008646210405487409,-0.0239874574240877,-0.008756102636679808,-0.009285632144008238,0.0059457226433996535,-0.050487850105467524,-0.03525649531805963,-0.0030110747648639524,0.006030919795062761,-0.007632735422708592,0.0014092591372181218,-0.01566574906230689,-0.006623754502380175,-0.02142973650841795,-0.012387741948491238,2022-10-18
JNJ,2022-07-19,6.0,2.55,2.59,0.015686274509803935,inline,before open,0.2665697723951163,-0.029995475777074933,-0.0078109133701340025,-0.011729120298840635,0.010455442108100295,-0.029692293084300492,-0.0075077306773595615,-0.07853445537766687,-0.05634989297072594,-0.053679204073478703,-0.012081593938860768,-0.02667531556230296,0.014922294572314976,-0.0745451662631067,-0.032947556128488764,-0.15761587984266934,-0.1160182697080514,-0.027437757936931817,0.004166884333100973,-0.032191763868635204,-0.0005871215986024136,-0.03485695285953405,-0.0032523105895012616,-0.08849376668218945,-0.056889124412156655,2022-07-19
JNJ,2022-04-19,6.0,2.57,2.67,0.03891050583657591,beat,before open,0.3340019965289057,0.02949101781522051,0.004523674578455102,0.0554571108174545,0.030489767580689088,0.019241742793387473,-0.005725600443377936,0.026866646056527436,0.0018993028197620276,0.019530885593401437,0.005166093611936096,0.08975126778188691,0.07538647580042157,0.053133547233465084,0.03876875525199974,0.07374872179548819,0.05938392981402285,0.011940117462159838,-0.009013271445981186,0.07500672147091947,0.054053332562778444,0.057278049814579735,0.03632466090643871,0.048562300385822876,0.027608911477681852,2022-04-19
JNJ,2022-01-25,6.0,2.12,2.13,0.004716981132075371,inline,before open,0.4317575846952012,0.04015412357041261,0.005923368561608536,0.0372182263299349,0.002987471321130822,0.04457489569688767,0.010344140688083592,0.02141270498112879,-0.012818050027675287,0.04778599916759496,0.006983346709333427,0.018006669394477703,-0.02279598306378383,0.02584786786533788,-0.014954784592923653,0.03617913144363771,-0.0046235210146238215,0.04472607362037129,0.009700254914309148,0.02819843250476095,-0.006827386201301189,0.019968546065515125,-0.015057272640547015,0.015220080186741147,-0.019805738519320992,2022-01-25
JNJ,2021-10-19,6.0,2.35,2.6,0.10638297872340426,beat,before open,0.4964570117155869,0.016364648751329026,-0.0028621548548670786,0.023037833249885956,0.003811029643689852,0.014009458763864661,-0.005217344842331443,-0.015082563072459244,-0.03430936667865535,0.011228166886025792,-0.004476906445059714,0.01540834993917739,-0.0002967233919081158,0.0016434517878729515,-0.014061621543212555,-0.03185537309606179,-0.047560446427147296,-0.004557580068304978,-0.014838205087482126,-0.0067875251817132165,-0.017068150200890364,-0.02280740862015751,-0.03308803363933466,-0.03335862868424311,-0.043639253703420255,2021-10-19
LLY,2026-08-05,6.0,6.58,8.38,0.2735562310030396,beat,before open,0.5156761594106853,0.06619831349875614,0.018152211417180833,0.08172867342807848,0.03368257134650317,0.12763804430844322,0.07959194222686791,0.01747051623012312,-0.03057558585145219,0.07103062485108735,0.02047180357310696,0.09026065968459762,0.03970183840661723,0.14602371152758842,0.09546489024960803,0.05372004326267954,0.0031612219846991474,0.052961523343012074,0.01710742613491778,0.05317419381071431,0.017320096602620016,0.06171744711734217,0.02586334990924788,-0.020333234038533043,-0.05618733124662734,2026-08-05
LLY,2026-04-30,6.0,6.79,8.55,0.2592047128129603,beat,before open,0.509542600269549,0.12214609722655495,0.02928947440506846,0.1265648839740104,0.0337082611525239,0.1481492214627026,0.055292598641216106,0.23923593193703485,0.14637930911554836,0.11598808657248938,0.027971365100513346,0.11311573195016045,0.025099010478184414,0.12386091806473842,0.03584419659276239,0.20983317120719436,0.12181644973521832,0.11233947882186601,0.03642578891843906,0.12767174372989742,0.051758053826470474,0.14756399720580793,0.07165030730238098,0.2251932494493275,0.14927955954590055,2026-04-30
LLY,2026-02-04,6.0,6.91,7.54,0.0911722141823444,beat,before open,0.672369567978968,0.034905524684120226,-0.0705941280755235,0.011884227952912756,-0.09361542480673096,0.023710390825612167,-0.08178926193403155,-0.021085376256454763,-0.12658502901609847,0.042703851498836265,-0.06544251023293535,0.016995845444910063,-0.09115051628686155,0.03763627919218715,-0.07051008253958446,0.004877670903775888,-0.10326869082799572,0.0204731169341128,-0.0703052114343583,0.006592302660404337,-0.08418602570806677,0.009993716392272423,-0.08078461197619868,-0.006181065821756149,-0.09695939419022725,2026-02-04
LLY,2025-10-30,6.0,5.89,7.02,0.19185059422750422,beat,before open,0.6530217260917256,0.06654828013531197,0.02044827594757854,0.16520708544957793,0.1191070812618445,0.2566214894161126,0.21052148522837918,0.306952211833475,0.2608522076457416,0.06752707092309906,0.018460552609917746,0.16876982341272728,0.11970330509954596,0.2549507876095687,0.20588426929638737,0.2908209890435516,0.24175447073037026,0.05793297814835663,0.022087151528023208,0.13026680517942846,0.09442097855909504,0.17335323811731962,0.1375074114969862,0.19422569116037824,0.15837986454004482,2025-10-30
LLY,2025-08-07,6.0,5.59,6.31,0.12880143112701248,beat,before open,0.7279646476574012,-0.1694595404990909,-0.02905765943597244,-0.08581467832519192,0.05458720273792654,-0.034351978139565365,0.1060499029235531,-0.017876981725468758,0.1225248993376497,-0.17205781898355288,-0.031531366183921494,-0.0931375447468078,0.047388908052823586,-0.039451064846707795,0.10107538795292359,-0.0315251388068124,0.10900131399281898,-0.16251870871129526,-0.032647732669927154,-0.10035400315955811,0.02951697288180999,-0.08423496100127525,0.04563601504009285,-0.0643106704119818,0.0655603056293863,2025-08-07
LLY,2025-05-01,6.0,3.46,3.34,-0.03468208092485552,miss,before open,0.8086200778100986,-0.09717822340014978,0.025179768267490493,-0.1842868152267377,-0.06192882355909743,-0.2428235038677356,-0.12046551220009533,-0.23203024746366419,-0.10967225579602391,-0.10139299211813213,0.022330086030495577,-0.1879780401732234,-0.06425496202459569,-0.2550826553830554,-0.1313595772344277,-0.24411290972803001,-0.1203898315794023,-0.06602828627833468,0.023342278544749906,-0.12379137001090679,-0.0344208051878222,-0.1197274698086731,-0.030356904985588518,-0.12740012844313386,-0.03802956362004928,2025-05-01
LLY,2025-02-06,6.0,5.07,5.32,0.049309664694280074,beat,before open,0.9404376548787008,0.048452887638802275,0.01798983039059454,0.028227874680593013,-0.0022351825676147213,0.04906275544941631,0.018599698201208575,0.0870835815420938,0.05662052429388606,0.048273242860510046,0.01827611633298487,0.02612578952286404,-0.003871337004661135,0.04662041689741425,0.016623290369889077,0.08444229587946195,0.05444516935193677,0.0562443587506386,0.013812503219768124,0.049247127627424,0.006815272096553526,0.05327058338945767,0.010838727858587194,0.031408016460608645,-0.011023839070261832,2025-02-06
LLY,2024-10-30,6.0,1.47,1.18,-0.19727891156462588,miss,before open,0.8752054600663336,-0.06558162900416528,-0.004224030480647976,-0.17010040478014854,-0.10874280625663124,-0.1391503502288071,-0.07779275170528979,-0.1778812348343418,-0.11652363631082449,-0.06035858367954039,-0.0005780857750848911,-0.16494906681022659,-0.10516856890577109,-0.12929855210394592,-0.06951805419949042,-0.15639611892474792,-0.09661562102029242,-0.07266125447346794,-0.011742260393427295,-0.14622906134556724,-0.08531006726552659,-0.09214584123201874,-0.0312268471519781,-0.11763580379691929,-0.05671680971687865,2024-10-30
LLY,2024-08-08,7.0,2.77,3.92,0.41516245487364617,beat,before open,0.704915531346294,0.12634802231064565,0.049814266180457936,0.13823709571810625,0.06170333958791853,0.14898206159369176,0.07244830546350405,0.09532248314769451,0.018788727017506793,0.12209113446049136,0.050446039218197125,0.13071544586067407,0.05907035061837984,0.14942390601971778,0.07777881077742355,0.1234871434359146,0.05184204819362037,0.12253817360159025,0.04989738306241387,0.15028372682425195,0.07764293628507557,0.1612647648260197,0.08862397428684332,0.11211986446651434,0.03947907392733796,2024-08-08
LLY,2024-04-30,6.0,2.49,2.58,0.036144578313252955,beat,before open,0.6133432669554567,0.060865724417732796,-0.0059890286551459795,0.03394851073796597,-0.03290624233491281,-0.0031089037694183655,-0.06996365684229713,0.03269606655320522,-0.034158686519673555,0.07306902715787034,-0.002322190585093864,0.04296816699555539,-0.03242305074740881,0.013378033432493663,-0.06201318431047054,0.07117064742209567,-0.004220570320868533,0.05291102376813783,-0.007350897629018527,0.04188730994481782,-0.01837461145233854,0.01371536735657597,-0.04654655404058039,0.09422409667351117,0.03396217527635481,2024-04-30
LLY,2024-02-06,6.0,2.37,2.49,0.050632911392405104,beat,before open,0.5307401535272186,0.016796172070193627,0.022215512143616292,0.03626616334027727,0.041685503413699934,0.02884572099002411,0.034265061063446775,0.039181885688890014,0.04460122576231268,0.01596349352265769,0.02052344897423275,0.04807046676882276,0.05263042222039782,0.048752039757638754,0.053311995209213814,0.06946066975652032,0.07402062520809538,0.013615995645692158,0.026155301050115876,0.04820007422422645,0.06073937962865017,0.037244947923433136,0.04978425332785685,0.07903621781595094,0.09157552322037465,2024-02-06
LLY,2023-11-02,6.0,-0.12,0.1,1.8333333333333335,beat,before open,0.21635664634037516,0.01463241498693102,-0.02564382346319817,0.04966355764840154,0.009387319198272348,0.029296323044079517,-0.010979915406049673,-0.0042501882814416775,-0.04452642673157087,-0.0032080345908142016,-0.030629804848063213,0.04198155331630993,0.014559783059060916,0.0031295296022280095,-0.024292240655021002,-0.024123358268933304,-0.051545128526182316,0.004245102031863568,-0.0264755978262613,0.06222000398552696,0.031499304127402095,0.03715213351947955,0.00643143366135468,0.003786337809143503,-0.026934362048981364,2023-11-02
LLY,2023-08-08,6.0,1.99,2.11,0.060301507537688384,beat,before open,0.4089530384539952,0.15823921146867007,0.00968721327278338,0.19376941694309086,0.04521741874720417,0.20161830863511523,0.05306631043922855,0.18632005774161967,0.03776805954573298,0.1686067632674273,0.015561490889042795,0.21558401955605,0.0625387471776655,0.2393597393083532,0.08631446692996869,0.23229741365483403,0.07925214127644953,0.15017878125665107,0.009172788116227792,0.1858919186050022,0.044885925464578924,0.21663119313089252,0.07562519999046924,0.24098661696610824,0.09998062382568496,2023-08-08
LLY,2023-04-27,6.0,1.73,1.62,-0.06358381502890166,miss,before open,0.4858738000657141,0.03594298944173592,0.009082029103898728,0.1266902372210263,0.0998292768831891,0.1305718699891451,0.10371090965130791,0.10269854698937587,0.07583758665153868,0.02309209298452486,0.005580053254701678,0.1308522673269864,0.11334022759716322,0.13025921535666085,0.11274717562683767,0.10797179350761643,0.09045975377779325,0.03776189242149974,0.005580307199176682,0.12776962553622684,0.09558804031390378,0.1446514870007376,0.11246990177841454,0.16376048813826716,0.1315789029159441,2023-04-27
LLY,2023-02-02,6.0,1.83,2.09,0.14207650273224032,beat,before open,0.5265326392559595,-0.015730165801791533,0.02876075629193057,-0.009783640331460591,0.03470728176226151,-0.06494040236070273,-0.020449480266980624,-0.10475885076151131,-0.06026792866778921,-0.013237883049660337,0.035969350944789036,0.00739583423981216,0.05660306823426153,-0.03834443785810715,0.010862796136342223,-0.05185204957677414,-0.0026448155823247665,0.00041202304588572325,0.02827064973129889,0.019241597551467815,0.04710022423688098,-0.020284792227241222,0.007573834458171946,-0.031042898264134422,-0.003184271578721254,2023-02-02
LLY,2022-11-01,6.0,1.94,1.98,0.020618556701030948,beat,before open,0.5894474013004022,-0.004875823364066573,0.02017631642960237,0.011336156271070853,0.0363882960647398,-0.06390906885001214,-0.0388569290563432,-0.03231209848520541,-0.007259958691536464,0.009957968336417933,0.03184665323851821,0.023813764831434048,0.04570244973353432,-0.06268270771911189,-0.04079402281701161,-0.02709547927944922,-0.0052067943773489445,-0.0031024691989804953,0.023764624446095395,0.01225235351088605,0.03911944715596194,-0.03222288594673928,-0.005355792301663387,-0.017174272324357198,0.009692821320718692,2022-11-01
LLY,2022-08-04,6.0,1.7,1.25,-0.2647058823529412,miss,before open,0.6107196270080568,-0.041028887638543954,-0.014704184357265351,-0.05560767937216546,-0.029282976090886856,-0.018287867138761363,0.00803683614251724,-0.006110348856707026,0.020214354424571576,-0.03787061598230157,-0.0129276171955377,-0.054153546342169734,-0.029210547555405864,-0.01856559685439685,0.006377401932367022,0.03409991643299404,0.05904291521975791,-0.034937592578871524,-0.014237600997061062,-0.039080436408738484,-0.018380444826928022,0.010436111089482836,0.031136102671293298,0.03132970322721018,0.052029694809020643,2022-08-04
LLY,2022-04-28,6.0,2.29,2.62,0.1441048034934498,beat,before open,0.685337402509032,0.029514677329818266,0.0060692611212178685,0.01905540351008401,-0.004390012698516389,0.04401808842471614,0.020572672216115744,0.07815466891363107,0.05470925270503067,0.03712899633846112,0.019664736073992772,0.03280272444383947,0.015338464179371125,0.08415331763488998,0.06668905737042163,0.12716236555929217,0.10969810529482382,0.03735888949191091,0.008432770787316302,0.038855820513330364,0.009929701808735758,0.06002120207647765,0.031095083371883048,0.10134125861503607,0.07241513991044146,2022-04-28
LLY,2022-02-03,6.0,2.51,2.49,-0.007968127490039672,inline,before open,0.6363692128492441,-0.02427307225864242,-0.014299280000782403,-0.03965162843897098,-0.029677836181110962,-0.01628273652077966,-0.006308944262919645,0.06914908123207952,0.07912287348993954,-0.015573195358500214,-0.015077927150903503,-0.027840449422855795,-0.027345181215259085,0.010040292433965425,0.010535560641562136,0.10854111863781046,0.10903638684540717,-0.026486276627062044,-0.006760376960323389,-0.03558866537279026,-0.015862765706051607,0.0025583607330977864,0.022284260399836442,0.05899961898732331,0.07872551865406197,2022-02-03
LLY,2021-10-26,6.0,1.96,1.94,-0.01020408163265307,inline,before open,0.571096017069941,0.01836166333494395,0.007267603857260604,0.026625029501826415,0.015530970024143068,0.0298853632527522,0.01879130377506885,0.009839625892366269,-0.0012544335853170788,0.024327455939344045,0.011393567974387508,0.03401371875879444,0.021079830793837906,0.043327086626395506,0.03039319866143897,0.044761567063503316,0.03182767909854678,0.02379245335715585,0.014889039179553976,0.027728259684299927,0.01882484550669805,0.05876176525587218,0.0498583510782703,0.06682623998297665,0.05792282580537478,2021-10-26
PFE,2026-08-04,6.0,0.68,0.77,0.13235294117647053,beat,before open,0.3216609628143599,0.024994748880134213,0.015998123141982155,0.054546538758282664,0.0455499130201306,0.07763133199698627,0.06863470625883421,0.12404211182218039,0.11504548608402833,0.014891177251261878,0.01773838148172735,0.045291400323294706,0.04813860455376018,0.07300604118373222,0.07585324541419769,0.1282331797301136,0.13108038396057908,0.019078318780639814,0.0030336574118412507,0.027151650212131062,0.0111069888433325,0.04054957815804272,0.024504916789244158,0.07609099414069587,0.060046332771897304,2026-08-04
PFE,2026-05-05,6.0,0.72,0.75,0.041666666666666706,beat,before open,0.5617035993559171,-0.004783798332788015,-0.005381996309595748,-0.01922520942275756,-0.019823407399565295,-0.026797597701923342,-0.027395795678731075,-0.06049917411029354,-0.061097372087101275,-0.013193626430300087,-0.010874882861642288,-0.027847339955189954,-0.025528596386532154,-0.029835877287687107,-0.027517133719029307,-0.06968691041415231,-0.06736816684549451,0.004101504498825959,0.0023364049671519282,-0.007932533806935038,-0.009697633338609069,-0.025995361460175004,-0.027760460991849034,-0.04012295272153932,-0.04188805225321335,2026-05-05
PFE,2026-02-03,6.0,0.57,0.66,0.15789473684210542,beat,before open,0.48661882121766475,0.012548684889792449,0.041683761081066806,0.03994802121814457,0.06908309740941893,0.03602792916812024,0.0651630053593946,0.011240698474375494,0.04037577466564986,0.019108701892126323,0.044036733603882605,0.041414052542302904,0.06634208425405919,0.04109869522326737,0.06602672693502365,0.015721737842302352,0.040649769554058635,0.003497737920716837,0.0266687002405821,0.03892164702698597,0.062092609346851235,0.015250144695834855,0.03842110701570012,-0.007997897497603268,0.015173064822261995,2026-02-03
PFE,2025-11-04,7.0,0.63,0.87,0.38095238095238093,beat,before open,0.4278877648551032,0.003012595305971681,0.011906900891091716,0.056500197176241426,0.06539450276136147,0.07243916014407442,0.08133346572919446,0.06946068236685361,0.07835498795197365,0.006546764470391486,0.009291905424216207,0.05284277428704898,0.0555879152408737,0.0850230528105661,0.08776819376439082,0.05522866870755905,0.05797380966138377,-0.01020048574046395,0.008897896352202617,0.010065505336080305,0.02916388742874687,-0.004401047502173405,0.01469733459049316,-0.01521905301392723,0.0038793290787393353,2025-11-04
PFE,2025-08-05,6.0,0.57,0.78,0.3684210526315791,beat,before open,0.4515381440316931,0.019603072661947368,-0.03556242562055656,0.04648562429255028,-0.008679873989953651,0.08072565500833907,0.025560156725835143,0.06784237440703665,0.012676876124532721,0.016127565725447157,-0.04079106658827103,0.030328290387728107,-0.02659034192599008,0.06188099786420953,0.004962365550491343,0.03524539362416956,-0.021673238689548624,0.03757052172285025,-0.018112279036340384,0.06207249819581828,0.0063896974366276504,0.04727449208220402,-0.008408308676986609,0.025659269410912566,-0.030023531348278065,2025-08-05
PFE,2025-04-29,6.0,0.67,0.92,0.3731343283582089,beat,before open,0.19211741270569438,0.05621460007839919,0.025652781898770093,-0.010111945827428359,-0.04067376400705746,-0.0020349865740377227,-0.03259680475366682,0.009641570173909639,-0.020920248005719462,0.05146905523926737,0.02566425474632461,-0.019861454256245414,-0.04566625474918817,-0.05015461061962512,-0.07595941111256788,-0.03673322208348406,-0.06253802257642682,0.04471534722720816,0.017517355540397128,0.025052780404735464,-0.0021452112820755653,0.061900728012776796,0.034702736325965766,0.07920544747439873,0.0520074557875877,2025-04-29
PFE,2025-02-04,6.0,0.46,0.63,0.3695652173913043,beat,before open,0.2280778438869003,0.006975217130046674,0.021104601012760772,-0.028115235739115826,-0.013985851856401728,-0.0168832331342847,-0.0027538492515706003,-0.00308904218637197,0.011040341696342128,-0.0013252506080345672,0.017978673872431905,-0.03784655575200069,-0.018542631271534216,-0.03630412892146273,-0.01700020444099626,0.01554489958023153,0.034848824060698,0.0025618022583571154,0.012444047470131281,-0.015703370213486445,-0.0058211250017122795,-0.004267706745113009,0.005614538466661156,-0.024128065486543337,-0.014245820274769172,2025-02-04
PFE,2024-10-29,6.0,0.61,1.06,0.737704918032787,beat,before open,0.1958495478055749,-0.011526540397676168,0.002675579543515747,-0.029157593205390957,-0.014955473264199041,-0.08665099564521536,-0.07244887570402345,-0.10200939525455391,-0.087807275313362,-0.010344887952368431,0.005133407170393012,-0.023497120005752548,-0.008018824882991105,-0.10883009000208033,-0.09335179487931888,-0.1291000678986195,-0.11362177277585805,-0.007109814204286136,0.003994910994807865,-0.02398432267084405,-0.012879597471750048,-0.07043864061499261,-0.05933391541589861,-0.07759976251280654,-0.06649503731371254,2024-10-29
PFE,2024-07-30,8.0,0.46,0.6,0.30434782608695643,beat,before open,0.37827375117555095,-0.0070919510176225276,-0.03202280898824873,-0.022718474758584184,-0.04764933272921039,-0.04689447744252246,-0.07182533541314867,-0.04904166060763883,-0.07397251857826503,-0.016456880664829088,-0.04333308450606388,-0.0041465194012828555,-0.031022723242517647,-0.05785494070840791,-0.0847311445496427,-0.09422708480193343,-0.12110328864316822,-0.002472812934537494,-0.023416486616896437,-0.029004025787684462,-0.049947699470043405,-0.07012382040828335,-0.0910674940906423,-0.09950327794507807,-0.12044695162743702,2024-07-30
PFE,2024-05-01,6.0,0.51,0.82,0.6078431372549018,beat,before open,0.32464890494955734,0.08117467100819288,0.017662847878238352,0.10039097585819245,0.03687915272823793,0.13494959262857942,0.07143776949862489,0.13492275468128245,0.07141093155132792,0.07391548708664686,0.009778347086714545,0.07070540623824417,0.0065682662383118595,0.08111235552035778,0.01697521552042547,0.07453959778162889,0.010402457781696572,0.07895160570192661,0.019843172745918958,0.0882872241851308,0.029178791229123147,0.09410721661395094,0.03499878365794329,0.10559396750941275,0.046485534553405095,2024-05-01
PFE,2024-01-30,6.0,-0.18,0.1,1.5555555555555558,beat,before open,0.41057652037511,-0.002889239902130584,0.01122633083838803,0.013139261719560336,0.02725483246007895,0.005391251362258409,0.019506822102777023,0.021384453417264603,0.035500024157783215,0.002572164090992257,0.01853800511073922,-0.004108756310834627,0.011857084708912335,-0.023593683536693555,-0.007627842516946592,-0.045201331032019065,-0.029235490012272103,-0.015448652052290845,0.0035722702855562893,-0.024721159820724425,-0.005700237482877291,-0.036097129638331005,-0.01707620730048387,-0.05503395400924027,-0.036013031671393136,2024-01-30
PFE,2023-10-31,6.0,-0.34,-0.17,0.5,beat,before open,0.43931251901204676,-0.005673290182159935,-0.004781381973167688,0.010074249278638536,0.010966157487630784,-0.04588450892990404,-0.044992600720911796,-0.0076362734038062305,-0.006744365194813984,-0.018253850710684527,-0.012300797522370899,-0.027411897826100096,-0.021458844637786467,-0.10620074758717624,-0.10024769439886261,-0.0906758928587722,-0.08472283967045857,-0.009130243535584115,-0.0037238349279210547,-0.013061714794953994,-0.007655306187290933,-0.06131431050955172,-0.05590790190188866,-0.04696621693322367,-0.04155980832556061,2023-10-31
PFE,2023-08-01,6.0,0.58,0.67,0.1551724137931036,beat,before open,0.5414458645712565,-0.008460723903001597,0.0013498702142226496,0.006041351764328653,0.0158519458815529,0.011899859865764535,0.021710453982988782,0.03713671191846806,0.046947306035692304,-0.003008267238786555,0.006609418246430798,0.008396125200913596,0.01801381068613095,0.014636819504356469,0.024254504989573822,0.022056272312308223,0.031673957797525576,-0.01523681121258813,-0.007975560412205152,-0.01753313730350703,-0.01027188650312405,-0.02894526471315073,-0.021684013912767752,-0.0023794872533277056,0.004881763547055273,2023-08-01
PFE,2023-05-02,6.0,0.99,1.23,0.24242424242424243,beat,before open,0.5477437241549703,-0.008473641498891085,-0.01133108668595123,-0.009529126797070315,-0.01238657198413046,-0.03411492973188797,-0.036972374918948114,-0.009369472098857388,-0.012226917285917533,-0.0013396505801456238,-0.008753420754014751,-0.007807909338100494,-0.015221679511969621,-0.034296509051358726,-0.04171027922522785,-0.02327516956837339,-0.030688939742242516,-0.013774608631296648,-0.01427037675577536,-0.0051299782695376495,-0.005625746394016362,-0.02150417410047556,-0.021999942224954272,0.03143617127637255,0.030940403151893836,2023-05-02
PFE,2023-01-31,6.0,1.04,1.14,0.09615384615384602,beat,before open,0.5291134470302691,-0.004891217557545447,-0.010522267089858851,-0.021635309152954377,-0.02726635868526778,-0.018223173752584657,-0.02385422328489806,-0.08475357613995566,-0.09038462567226906,-0.015626509271153055,-0.014930401210290323,-0.03511554316723897,-0.03441943510637624,-0.025900223011526946,-0.025204114950664214,-0.06577258310813694,-0.06507647504727421,-0.007931459837822286,-0.009026607472132908,-0.007668416482804807,-0.00876356411711543,-0.004583745001738748,-0.005678892636049371,-0.043745332853010854,-0.04484048048732148,2023-01-31
PFE,2022-11-01,6.0,1.4,1.78,0.2714285714285715,beat,before open,0.3533373616670666,0.02106296674043826,-0.011279584670995255,0.026641016389772336,-0.00570153502166118,0.034548021942517014,0.0022054705310834977,0.052551263749118095,0.02020871233768458,0.04125716233890442,0.005517120830250688,0.03678287177484085,0.0010428302661871225,0.01904161722541653,-0.0166984242832372,0.027477153998077153,-0.008262887510576578,0.02819672480350599,-0.002564907962172125,0.025221460454292854,-0.005540172311385261,0.04950143899778914,0.018739806232111023,0.037398360953169174,0.006636728187491059,2022-11-01
PFE,2022-07-28,6.0,1.78,2.04,0.14606741573033707,beat,before open,0.2874348832748054,-0.030050829224662495,-0.009337736772503363,-0.048415723230667757,-0.027702630778508625,-0.08885331013731573,-0.0681402176851566,-0.10561406420369684,-0.08490097175153771,-0.0473623860235971,-0.018719006538569727,-0.06556489388452769,-0.03692151439950031,-0.11107283400063472,-0.08242945451560735,-0.11737533686652757,-0.08873195738150019,-0.023292207907395723,-0.0008279232297224715,-0.029336652479237446,-0.006872367801564194,-0.06401448986686664,-0.04155020518919339,-0.06370303557455581,-0.04123875089688256,2022-07-28
PFE,2022-05-03,6.0,1.57,1.62,0.03184713375796181,beat,before open,0.14211769329928772,0.018800049978793247,0.0014888138038248282,0.019292535314280233,0.0019812991393118144,0.05293494677371631,0.03562371059874789,0.05636096057083194,0.039049724395863517,-0.007877761543274797,-0.022946390962921726,0.06047135848553675,0.045402729065889824,0.0824110212756729,0.06734239185602597,0.09866732606824336,0.08359869664859643,0.0018200794597231784,-0.014665899602713806,0.04386254119605937,0.027376562133622384,0.05449744692768299,0.03801146786524601,0.0823423527615057,0.06585637369906872,2022-05-03
PFE,2022-02-08,6.0,0.87,1.08,0.24137931034482768,beat,before open,-0.009572213681558786,-0.03793802322768488,-0.006973663122303245,-0.08168115913134671,-0.050716799025965084,-0.1555021040849344,-0.12453774397955276,-0.139752638278982,-0.10878827817360036,-0.05569098576198017,-0.01908479258183804,-0.06370958700645013,-0.027103393826307998,-0.06849168590161181,-0.03188549272146968,-0.0405975483987806,-0.00399135521863847,-0.04873977680322683,-0.012184472654090284,-0.05311591690095885,-0.0165606127518223,-0.08352052632768003,-0.046965222178543486,-0.06903972355941046,-0.03248441941027391,2022-02-08
PFE,2021-11-02,6.0,1.09,1.34,0.2293577981651376,beat,before open,0.3606527648200204,0.021988327808971746,-0.017046462174287867,0.08441578928262873,0.04538099929936912,0.12645732155374018,0.08742253157048056,0.23185214138154284,0.1928173513982832,0.01746576251704446,-0.019966803046801207,0.08016094321993439,0.04272837765608872,0.12447935560756163,0.08704679004371596,0.2654316569894807,0.22799909142563501,0.015456351449847139,-0.019735420022967354,0.0996402868328744,0.06444851536005991,0.1451861663363796,0.1099943948635651,0.2763788397445679,0.2411870682717534,2021-11-02
MRK,2026-08-04,6.0,-0.26,-0.13,0.5,beat,before open,0.23551325850154056,-0.002815515194186685,0.0013393786322953918,0.0064345010829254395,0.010589394909407517,0.0349951177166243,0.03915001154310638,0.13207323721595504,0.1362281310424371,-0.011654130854328981,0.0045746910126232,0.003648246753779838,0.01987706862073202,0.04379691593761914,0.06002573780457132,0.16355150116115758,0.17978032302810976,-0.0074669893249510455,-0.0101300330572629,-0.014491503357383806,-0.01715454708969566,0.011340452911929644,0.00867740917961779,0.11140931557173983,0.10874627183942798,2026-08-04
MRK,2026-04-30,6.0,-1.47,-1.28,0.12925170068027209,beat,before open,0.45709059025690196,0.002943323671114554,0.024736536491766787,-0.007817946865281485,0.013975265955370748,-0.014603536233541159,0.007189676587111074,0.01563745555049943,0.037430668371151665,-0.0013774091683901313,0.024525385275430134,-0.015217879215812191,0.010684915228008074,-0.02776219693886106,-0.0018594024950407961,0.009296605465668795,0.03519939990948906,-0.0050260169190134985,0.03297980909335585,-0.0006618674360752141,0.037343958576294134,-0.004059117797791556,0.03394670821457779,0.02465668370780194,0.06266250972017129,2026-04-30
MRK,2026-02-03,6.0,2.01,2.04,0.014925373134328483,inline,before open,0.41292940471258976,0.04863673222863323,0.023426891497433572,0.035548438018994814,0.010338597287795154,0.07675095990062303,0.05154111916942337,0.06674089396699448,0.04153105323579482,0.0565814184214386,0.026339134250940366,0.03855408328637866,0.008311799115880425,0.08498640724392081,0.05474412307342258,0.07651727271892994,0.046274988548431706,0.040970454450029115,0.00897110088763986,0.03606167777106173,0.004062324208672474,0.0591378567164883,0.027138503154099047,0.05279763737902432,0.020798283816635066,2026-02-03
MRK,2025-10-30,6.0,2.35,2.58,0.0978723404255319,beat,before open,0.36665015210390306,-0.0020218819532044907,-0.0036345235900111447,0.00728878707226506,0.005676145435458406,0.09284587193249638,0.09123323029568972,0.2204704548389096,0.21885781320210293,0.0007757627624498387,-0.006757260332063697,0.016825045130793748,0.009292022036280212,0.09535694680029083,0.0878239237057773,0.20164144984371346,0.19410842674919992,-0.008818330012292597,-0.0031306614139582356,-0.021677973102505077,-0.015990304504170716,0.013759397308041765,0.019447065906376126,0.10504615196054012,0.11073382055887449,2025-10-30
MRK,2025-07-29,6.0,2.03,2.13,0.049261083743842415,beat,before open,0.34098795168954626,-0.022595988359275884,-0.00835206119969946,-0.022301279850132374,-0.00805735269055595,-0.026727735908662287,-0.012483808749085862,0.04852701976285828,0.0627709469224347,-0.02376454589790722,-0.009390505966618168,-0.024345192139320404,-0.009971152208031353,-0.05346051760574255,-0.0390864776744535,0.0004709960015321091,0.01484503593282116,-0.019519402903744543,-0.008864670489516335,-0.017961399613566353,-0.007306667199338146,-0.014096685717370772,-0.003441953303142564,-0.00033639531395190936,0.010318337100276298,2025-07-29
MRK,2025-04-24,6.0,2.14,2.22,0.03738317757009349,beat,before open,-0.04153404018998316,0.05365585626721763,0.037717174777792226,0.06534660108340065,0.049407919593975246,0.002827008863544306,-0.0131116726258811,0.022081670353844098,0.006142988864418691,0.022018397678234658,0.02909743849492452,0.014578569200962344,0.021657610017652207,-0.06583324280574099,-0.058754201989051125,-0.09100738625158411,-0.08392834543489425,0.033258460090475506,0.03151868471057995,0.049814726956676436,0.04807495157678088,-0.000762928213253411,-0.0025027035931489694,0.03159875899977993,0.02985898361988437,2025-04-24
MRK,2025-02-04,6.0,1.67,1.72,0.02994011976047907,beat,before open,0.1778580081298349,-0.10234513062234568,-0.011487311741201933,-0.1338488990765375,-0.042991080195393744,-0.14119590721355743,-0.05033808833241368,-0.035923481434430984,0.054934337446712764,-0.1132453673323579,-0.01584648385563181,-0.1503925882929602,-0.05299370481623411,-0.17320894770086626,-0.07581006422414016,-0.03770468566276841,0.05969419781395768,-0.10935831446596622,-0.021381110257932434,-0.12824940275444596,-0.040272198546412175,-0.14117252552451653,-0.05319532131648275,-0.07737765072954328,0.010599553478490509,2025-02-04
MRK,2024-10-31,6.0,1.57,1.57,0.0,inline,before open,0.22776646573793197,-0.025825668027637805,-0.0058042702173277255,-0.04462527178321323,-0.024603873972903152,-0.07403966602645257,-0.05401826821614249,-0.04919304414987793,-0.02917164633956785,-0.012861065755462864,-0.008520713346195863,-0.06233691680592579,-0.05799656439665879,-0.08612908663010044,-0.08178873422083344,-0.06785990288771315,-0.06351955047844615,-0.025728414105663067,-0.010223887078053662,-0.04197430251962786,-0.026469775492018455,-0.038535361711721006,-0.0230308346841116,-0.02487917682409413,-0.009374649796484724,2024-10-31
MRK,2024-07-30,6.0,2.14,2.28,0.06542056074766339,beat,before open,0.34996546984101645,-0.1218314961838334,-0.02481444387060408,-0.12351002759739771,-0.026492975284168385,-0.11142244766168546,-0.01440539534845614,-0.11282020483793852,-0.015803152524709194,-0.12764209491551737,-0.03464932972043444,-0.09215026116861713,0.0008425040264657957,-0.10098793115275406,-0.007995165957671135,-0.11826530892388454,-0.02527254372880161,-0.11365802718522577,-0.014732731831266999,-0.11700776755501874,-0.018082472201059963,-0.11325681085262951,-0.014331515498670733,-0.12354150206702919,-0.02461620671307041,2024-07-30
MRK,2024-04-25,6.0,1.92,2.07,0.07812499999999996,beat,before open,0.28571457328153677,0.031008746846880944,0.0007985977446870879,0.009520650442896898,-0.020689498659296958,0.015739673917497553,-0.014470475184696303,0.017797851017107316,-0.01241229808508654,0.027288281599562647,-0.005801932106851426,0.01089043537383838,-0.022199778332575693,-0.0032606278681824863,-0.03635084157459656,-0.007532856396819665,-0.04062307010323374,0.03935082209459706,0.003386241152509184,0.013043051679574535,-0.02292152926251334,0.008613203009582127,-0.02735137793250575,0.004174595454996988,-0.03178998548709089,2024-04-25
MRK,2024-02-01,6.0,-0.11,0.03,1.272727272727273,beat,before open,0.2596255326363568,0.04060635006278803,-0.002428299744880992,0.04041951829523168,-0.0026151315124373423,0.03830676088082482,-0.004727888926844205,0.03685049035504686,-0.0061841594526221635,0.022986893749673776,-0.010289991932169729,0.016574262019311115,-0.01670262366253239,0.008530572310324724,-0.02474631337151878,-0.009639074857850205,-0.04291596053969371,0.03511467223831877,0.0017142357133331787,0.02178794357634417,-0.011612492948641417,0.01406910287491292,-0.01933133365007267,0.009186715479105767,-0.02421372104587982,2024-02-01
MRK,2023-10-26,6.0,1.95,2.13,0.09230769230769227,beat,before open,0.21330969205362588,-0.004638123367135566,-0.02530892990179894,-0.016241378609819224,-0.03691218514448259,-0.024155258732535198,-0.04482606526719857,-0.043403450628380434,-0.06407425716304381,0.009170308243762193,-0.021331988055759976,-0.03860087436771509,-0.06910317066723726,-0.05012635176180413,-0.0806286480613263,-0.10352080829763954,-0.1340231045971617,0.019468201670123975,-0.008940002796955615,-0.00952805007941393,-0.03793625454649352,-0.004114006405161796,-0.032522210872241386,-0.05273316539101114,-0.08114136985809073,2023-10-26
MRK,2023-08-01,6.0,-2.18,-2.06,0.05504587155963307,beat,before open,0.27550571896151077,-0.006314848846343556,0.006782232595915788,-0.0028680133126185933,0.01022906812964075,0.01671726794314981,0.029814349385409153,0.01574594000998737,0.028843021452246712,0.007916099220491302,0.01790023434189869,0.017701377317743017,0.027685512439150406,0.05193129317500533,0.06191542829641272,0.050890896462540525,0.060875031583947914,-0.004312444753310274,0.003315255683262741,-0.008227885186677608,-0.0006001847501045932,0.008349208957498133,0.015976909394071148,0.026455136896904596,0.03408283733347761,2023-08-01
MRK,2023-04-27,6.0,1.34,1.4,0.04477611940298495,beat,before open,0.28580700802861325,0.007143493651442924,-0.0010831600106209665,0.0257552204399766,0.01752856677791271,0.0157250986669155,0.007498445004851608,-0.04477325360198979,-0.05299990726405368,-0.010499378594292175,-0.005843485289765082,0.03216330607043916,0.03681919937496625,0.016439260966507274,0.021095154271034366,-0.03525541996724324,-0.030599526662716148,0.004170420842682709,-0.005843231345290079,0.02908066427967959,0.019067012091706803,0.030831532610584023,0.020817880422611235,0.020533274663407486,0.010519622475434698,2023-04-27
MRK,2023-02-02,6.0,1.54,1.62,0.05194805194805199,beat,before open,0.30789938293091257,-0.042571087755726725,-0.0034694719806903224,-0.009261400155291803,0.0298402156197446,-0.020440267846303248,0.018661347928733155,-0.03022873171297663,0.008872884062059772,-0.04185723148095477,0.005603194419263713,0.007063181515286399,0.05452360741550488,0.0023258381704646114,0.049786264070683095,0.016351333441601,0.06381175934181949,-0.02820732538540871,-0.0020955067942264316,0.018908944826942053,0.04502076341812433,0.02038548380133054,0.04649730239251282,0.03716048475424072,0.063272303345423,2023-02-02
MRK,2022-10-27,6.0,1.71,1.85,0.08187134502923984,beat,before open,0.2545195594340359,0.01830618103455125,0.003851759188966651,0.008477786127688257,-0.005976635717896341,0.021621768179948528,0.00716734633436393,0.06779515371969913,0.05334073187411453,0.005391008860041291,-0.013464023970524375,0.032273188714088685,0.01341815588352302,2.4186820887117655e-05,-0.018830846009678548,0.0358940545331633,0.017039021702597634,0.012643964235185323,-0.006121953915460221,0.013985893997941923,-0.004780024152703621,0.00902389992830821,-0.009742018222337334,0.04670116628469889,0.027935248134053348,2022-10-27
MRK,2022-07-28,6.0,1.71,1.87,0.0935672514619884,beat,before open,0.25830415622234404,-0.02952950555169261,-0.011293477085009645,-0.06283089137213993,-0.044594862905456965,-0.04658662230737931,-0.028350593840696346,-0.03961164070382733,-0.02137561223714437,-0.04793241293610706,-0.021250081315284275,-0.08183203055859001,-0.05514969893776722,-0.07182446899051897,-0.04514213736969619,-0.055881828583917326,-0.02919949696309454,-0.02386223481990568,-0.0033589980064370195,-0.04560378915329977,-0.025100552339831106,-0.024766124856750893,-0.004262888043282231,-0.0022095272919455677,0.018293709521523094,2022-07-28
MRK,2022-04-28,6.0,1.83,2.14,0.16939890710382516,beat,before open,0.22897177680516695,0.05193209787061985,0.009008606686072035,0.04043085278737305,-0.0024926383971747637,0.08087818615260232,0.03795469496805451,0.08287035922614398,0.03994686804159617,0.062339849958105376,0.03819711747340948,0.04936676956018371,0.025224037075487815,0.1338486045383257,0.1097058720536298,0.11633194498376975,0.09218921249907386,0.06256974311155516,0.02696515218673301,0.0554198656296746,0.019815274704852448,0.10971648897991337,0.07411189805509122,0.09051083803951365,0.0549062471146915,2022-04-28
MRK,2022-02-03,6.0,1.52,1.8,0.1842105263157895,beat,before open,0.23499228672295283,-0.03852427275201566,-0.007133638174071186,-0.06591288134918136,-0.03452224677123688,-0.06357899893102906,-0.03218836435308458,-0.04412566595656049,-0.012735031378616014,-0.023474092409596747,-0.010398084205477165,-0.0508224346140862,-0.037746426409966616,-0.026090099139876255,-0.013014090935756673,0.004594604696815385,0.017670612900934968,-0.03438717367815858,-0.002080534014897051,-0.058570650564020665,-0.026264010900759138,-0.033572030840743894,-0.0012653911774823667,-0.04494689495367177,-0.01264025529041024,2022-02-03
MRK,2021-10-28,6.0,1.55,1.75,0.1290322580645161,beat,before open,0.36979263206547724,0.07506150281694805,0.016883663452249134,0.09834629074310183,0.040168451378402914,0.03302001756159946,-0.02515782180309946,-0.01826738322994693,-0.07644522259464585,0.06709545193183164,0.015301688862867868,0.07871766854821594,0.026923905479252164,0.016099727403025343,-0.03569403566593843,-0.03185752204385328,-0.08365128511281705,0.06067025543695692,0.00759708300910944,0.08478525866966669,0.031712086241819204,0.024414888271727664,-0.028658284156119818,-0.024814608660251536,-0.07788778108809902,2021-10-28
ABBV,2026-07-31,7.0,3.61,3.65,0.01108033240997231,inline,before open,0.057958150176562535,-0.051490460363274045,-0.025018072112282203,-0.05238741417482664,-0.025915025923834798,-0.04328577881353282,-0.01681339056254098,-0.0266930077376955,-0.0002206194867036583,-0.06985034343039409,-0.03751547121164711,-0.08642579717303867,-0.054090924954291686,-0.07650102481674692,-0.04416615259799994,-0.04229388827380143,-0.009959016055054448,-0.040568406907889654,-0.021365441362821258,-0.05768515664283802,-0.038482191097769625,-0.05406130205281723,-0.03485833650774883,-0.05229049891252202,-0.033087533367453625,2026-07-31
ABBV,2026-04-29,7.0,2.67,2.65,-0.007490636704119857,inline,before open,0.2838660049941195,0.06386373306862912,0.03303727751569373,0.02570308980275508,-0.0051233657501803115,0.03672259859871549,0.005896143045780098,0.07425948087526113,0.043433025322325736,0.05800843532623112,0.026491605268287755,0.007107942656048305,-0.024408887401895063,0.01275608309489451,-0.018760746963048858,0.044168381733262096,0.012651551675318728,0.05270288798619005,0.014388573699738672,0.02685084152587991,-0.01146347276057147,0.03481709914065234,-0.0034972151457990375,0.054489382786187646,0.016175068499736267,2026-04-29
ABBV,2026-02-04,7.0,2.65,2.71,0.022641509433962283,beat,before open,0.4482731516255235,-0.022685820316942232,0.013713843470515075,-0.026156968816362213,0.010242694971095093,-0.008261186639894749,0.028138477147562558,0.022978510800401936,0.05937817458785924,-0.011758308084253044,0.021286722155296145,-0.024163459123665354,0.008881571115883835,0.0030634711563991557,0.036108501395948345,0.04354962367746318,0.07659465391701237,-0.03398904264897651,0.016424020953873186,-0.03456700190817108,0.015846061694678615,-0.02457909164351557,0.025833971959334123,0.03249088695193114,0.08290395055478084,2026-02-04
ABBV,2025-10-31,7.0,1.78,1.86,0.04494382022471914,beat,before open,0.4327240775112947,-0.07546960668601956,-0.029112324780027773,-0.03564782295230774,0.01070945895368404,0.021092220424312684,0.06744950233030447,-0.01902166762589065,0.02733561428010113,-0.077564025150339,-0.02976144718115381,-0.025793977130848078,0.02200860083833711,0.032063496786505996,0.07986607475569119,-0.011150439637442,0.03665213833174319,-0.07344712799110897,-0.029271148940029246,-0.051461831997221874,-0.007285852946142146,-0.03051906937632043,0.013656909674759299,-0.08412059397266358,-0.039944614921583854,2025-10-31
ABBV,2025-07-31,7.0,2.91,2.97,0.020618556701030945,beat,before open,0.41605760331111025,0.03939679825814863,0.039493938509276086,0.05053657377684858,0.050633714027976034,0.07067768852824494,0.07077482877937238,0.0827787587794809,0.08287589903060835,0.05141062816264086,0.049191160476222406,0.05315596689564828,0.050936499209229824,0.06225905258165154,0.06003958489523309,0.07193682325153306,0.0697173555651146,0.05392199130411479,0.027433653133809077,0.08862888073743358,0.062140542567127866,0.07986003125242325,0.05337169308211753,0.07723040146818161,0.050742063297875895,2025-07-31
ABBV,2025-04-25,7.0,2.4,2.46,0.025000000000000022,beat,before open,0.03104684472089201,0.06246589887689237,0.03244230387942053,0.08819564799296929,0.05817205299549745,0.010644664307834374,-0.019378930689637468,-0.007751514034303096,-0.03777510903177494,0.057692341005239456,0.03337122852235641,0.06087708117734736,0.036555968694464314,-0.006118407537003212,-0.030439520019886257,-0.03730234309889324,-0.06162345558177629,0.05651087725088422,0.029768518552345746,0.08830661525073036,0.06156425655219189,0.059742759117937916,0.033000400419399445,0.07126800316739246,0.044525644468853987,2025-04-25
ABBV,2025-01-31,7.0,2.12,2.16,0.018867924528301903,inline,before open,0.19636324360543544,0.08272793996977587,0.03498370491730542,0.08320992047746366,0.035465685424993204,0.09084628823582307,0.04310205318335261,0.18939838102850867,0.1416541459760382,0.09295159165743105,0.0406611522086614,0.0904242179988195,0.038133778550049846,0.08748203564653567,0.03519159619776602,0.22317786658069416,0.1708874271319245,0.08020876698113877,0.030050364633151583,0.08953956207904745,0.03938115973106027,0.11255990765140833,0.062401505303421145,0.17261295893413997,0.12245455658615279,2025-01-31
ABBV,2024-10-30,7.0,2.92,3.0,0.02739726027397263,beat,before open,0.2058579917979569,0.07735214857503545,0.014460588434756921,0.05092727812041986,-0.011964282019858663,-0.11549955612111715,-0.17839111626139567,-0.055900191119455295,-0.11879175125973382,0.09799541027370795,0.03136486303751518,0.04592604818034518,-0.02070449905584759,-0.12207417640917262,-0.1887047236453654,-0.05141551694402813,-0.1180460641802209,0.0856927394797804,0.020200688419172774,0.06464605364500453,-0.0008459974156030947,-0.08492146553724544,-0.15041351659785307,-0.012655201816199502,-0.07814725287680713,2024-10-30
ABBV,2024-07-25,7.0,2.66,2.65,-0.003759398496240688,inline,before open,0.4058110145896986,0.04640203371098285,0.0111663624309749,0.06964567008403162,0.03440999880402367,0.0792688031350992,0.044033131855091244,0.0840622030264559,0.048826531746447945,0.044247356127419146,0.005213783554289808,0.07171607806233415,0.032682505489204816,0.09797433520049315,0.05894076262736381,0.08159886240273828,0.04256528982960894,0.04960762606086844,0.010780138989483046,0.06666198828059933,0.027834501209213935,0.08294511363106494,0.044117626559679546,0.07741480434272985,0.03858731727134446,2024-07-25
ABBV,2024-04-26,7.0,2.26,2.31,0.022123893805309856,beat,before open,0.3140402231792224,-0.03945996485407835,0.010077535381250308,-0.028968832884247855,0.020568667351080802,-0.05699806423307931,-0.007460563997750649,-0.09197535860855113,-0.042437858373222476,-0.0469605636301107,0.008361946872210702,-0.03543927926339163,0.019883231238929766,-0.07264293839460367,-0.017320427892282275,-0.11181698064646306,-0.05649447014414166,-0.03758913682952025,0.008545200413440535,-0.026257214385701833,0.019877122857258955,-0.06437899252536428,-0.018244655282403488,-0.09298608725103075,-0.04685175000806996,2024-04-26
ABBV,2024-02-02,7.0,2.8,2.79,-0.0035714285714284954,inline,before open,0.19241540399812537,0.01977782981258155,0.0157074787101621,0.031484033726483146,0.027413682624063695,0.049886750883649605,0.04581639978123016,0.03939573101393584,0.035325379911516394,0.014913351716718037,0.018996382936954714,0.013908655659097935,0.017991686879334612,0.036641000693314885,0.04072403191355156,0.008983488587479105,0.013066519807715782,0.020177563459817915,0.012256367034551685,0.02554112537308928,0.01761992894782305,0.03383758359653255,0.02591638717126632,0.02811667405831808,0.02019547763305185,2024-02-02
ABBV,2023-10-27,7.0,2.87,2.95,0.027874564459930338,beat,before open,0.1831286004183116,-0.023353716544405448,0.01905701384303453,-0.03503943753300845,0.007371292854431527,-0.05762087937000987,-0.015210148982569893,-0.06029142319333511,-0.017880692805895132,-0.02929897594539299,0.00934990801995994,-0.07769722019448022,-0.03904833622912729,-0.11116157108637947,-0.07251268712102654,-0.13874684267181303,-0.1000979587064601,-0.010554596600625521,0.01570230210592305,-0.04237609705193457,-0.016119198345386,-0.05342558479586035,-0.027168686089311778,-0.08141264818803207,-0.055155749481483496,2023-10-27
ABBV,2023-07-27,7.0,2.81,2.91,0.035587188612099675,beat,before open,0.3488116207625988,0.06203524376681561,0.010382789307275153,0.057740990091217546,0.006088535631677092,0.07795503649218843,0.02630258203264798,0.05649616040147274,0.004843705941932286,0.05925446867485995,0.003646075418621386,0.06506312821942861,0.009454734963190048,0.08768286363489719,0.032074470378658626,0.07570690544099179,0.020098512184753226,0.06681112882665807,0.010468430948640473,0.07213917520007407,0.015796477322056468,0.07354415356291466,0.01720145568489706,0.05920030417276001,0.0028576062947424097,2023-07-27
ABBV,2023-04-27,7.0,2.49,2.46,-0.012048192771084437,inline,before open,0.3790981546297626,-0.07591393277579245,0.011712520271098814,-0.09139930845798935,-0.0037728554110980916,-0.10400253056378815,-0.01637607751689689,-0.16329350584025532,-0.07566705279336405,-0.09324274564077562,0.0065787438580375834,-0.0917998754293966,0.008021614069416594,-0.11432958731330312,-0.014508097814489918,-0.17591953233906565,-0.07609804284025246,-0.07857294620380073,0.006578997802512587,-0.09488251722015617,-0.009730573213842852,-0.09993731566922637,-0.01478537166291305,-0.12013083770841493,-0.03497889370210161,2023-04-27
ABBV,2023-02-09,7.0,3.58,3.6,0.005586592178770954,inline,before open,0.37133612053454357,0.05105562754609283,0.020607667713447884,0.03003572044787369,-0.0004122393847712548,0.05685922254153582,0.02641126270889087,0.0369828648526065,0.00653490501996155,0.05714698638224869,0.020194792939756345,0.03986784365857776,0.002915650216085419,0.0903826833882605,0.053430489945768156,0.09751615174473205,0.06056395830223971,0.05012464645920223,0.013080766712465719,0.0461734122820322,0.009129532535295692,0.08498598400213453,0.04794210425539802,0.10010237756908902,0.06305849782235251,2023-02-09
ABBV,2022-10-28,7.0,3.57,3.66,0.025210084033613533,beat,before open,0.30868863187743356,-0.05445380116059142,-0.0073534665700521265,-0.0596844599356111,-0.012584125345071806,-0.051469880843580215,-0.0043695462530409235,-0.009242321413719515,0.03785801317681978,-0.0631360581840179,-0.000974437829112218,-0.045282119969340284,0.016879500385565405,-0.07092155855798088,-0.00875993820307519,-0.010563906853189975,0.051597713501715714,-0.06218935790192426,-0.007369807602082723,-0.055163155704612055,-0.0003436054047705195,-0.039911954230746005,0.01490759606909553,-0.008114803445366081,0.046704746854475454,2022-10-28
ABBV,2022-07-29,7.0,3.31,3.37,0.018126888217522674,inline,before open,0.3328903009696424,-0.07085541577107311,-0.02313587063583128,-0.09337148567727267,-0.04565194054203084,-0.07758539255242043,-0.029865847417178598,-0.11682529702395872,-0.06910575188871688,-0.07621199922161415,-0.01996356168726421,-0.09840838158371579,-0.04215994404936585,-0.09852057128591851,-0.042272133751568575,-0.09155554707279612,-0.03530710953844618,-0.053880352903322604,-0.015522998677819921,-0.06966921878730303,-0.03131186456180035,-0.05352224922884352,-0.01516489500334084,-0.05003584607838785,-0.011678491852885164,2022-07-29
ABBV,2022-04-29,7.0,3.14,3.16,0.006369426751592362,inline,before open,0.37526407934948547,-0.04500803898377688,0.0029669022040447746,-0.01547039820053436,0.03250454298728729,-0.009904904129347716,0.038070037058473935,-0.06054695481893946,-0.012572013631117804,-0.02265268534368836,0.000720578270205996,0.016987140217097352,0.04036040383099171,0.044323566223033906,0.06769682983692826,-0.0130133751126984,0.010359888501195957,-0.021648272514942835,0.012956956385627993,0.00875895447784103,0.04336418337841186,0.022028563332202267,0.056633792232773095,-0.042359615356109104,-0.007754386455538276,2022-04-29
ABBV,2022-02-02,7.0,3.28,3.31,0.00914634146341471,inline,before open,0.5347070065781538,0.033288337907691284,0.027223814100655705,0.035514013236125866,0.029449489429090286,0.06398011911398374,0.05791559530694816,0.10234201568854899,0.09627749188151341,0.040837202375533344,0.03872655730916563,0.033993680594432085,0.031883035528064374,0.07632003885874938,0.07420939379238167,0.1313062823411143,0.1291956372747466,0.01786873276508627,0.019495925850023688,0.024822915612073837,0.026450108697011254,0.07037846799386016,0.07200566107879758,0.09115685415968466,0.09278404724462208,2022-02-02
ABBV,2021-10-29,7.0,3.22,3.33,0.034161490683229774,beat,before open,0.7264437807571839,0.04359001624745346,-0.0002779128752375126,0.049869653583262966,0.00600172446057199,0.04884355277029906,0.004975623647608084,0.05020754759901845,0.006339618476327476,0.04306316337870486,-0.0004990687838768437,0.04532576555396273,0.0017635333913810225,0.046264855654587045,0.0027026234920053405,0.05159324675959098,0.008031014597009278,0.038274091618546,0.0024164653097227262,0.06474759705822786,0.02888997074940458,0.05589044053601022,0.020032814227186946,0.06689515507778598,0.031037528768962708,2021-10-29
JPM,2026-07-14,6.0,5.8,6.14,0.05862068965517239,beat,before open,0.9897748432288979,0.030540234828386616,0.008432488128503023,0.036986240700976634,0.014878494001093041,0.08445514412286224,0.06234739742297865,0.06543845006114409,0.04333070336126049,0.029199907488234755,0.007760212999318394,0.03320675010082674,0.011767055611910382,0.07761799393052837,0.05617829944161201,0.051876072888029756,0.030436378399113395,0.027988339699209552,0.004959899140418056,0.03134275924674834,0.008314318687956845,0.039485438353027535,0.01645699779423604,0.049922133407514724,0.026893692848723227,2026-07-14
JPM,2026-04-14,6.0,5.51,5.94,0.07803992740471881,beat,before open,1.0288878234448167,-0.045500300335596336,-0.024801418253489797,-0.02843020462063072,-0.007731322538524182,-0.04443593612089096,-0.02373705403878442,-0.10256784557865137,-0.08186896349654482,-0.04491879858696568,-0.024572687692845152,-0.027672378741322667,-0.007326267847202139,-0.04336073722176259,-0.023014626327642063,-0.10042254123550576,-0.08007643034138523,-0.03469759471524614,-0.024213586691264943,-0.014003566167619441,-0.003519558143638246,-0.010286790997751205,0.00019721702622998993,-0.025468037284375855,-0.01498402926039466,2026-04-14
JPM,2026-01-13,6.0,4.82,4.63,-0.03941908713692954,miss,before open,0.9502482106587388,-0.04596958706855625,-0.005531789162998804,-0.059767611449109456,-0.01932981354355201,-0.07981730180780966,-0.039379503902252214,-0.04527146529877661,-0.004833667393219165,-0.04471215269102857,-0.004830538968342291,-0.056338571675485616,-0.016456957952799334,-0.07482851182932893,-0.03494689810664264,-0.03548448775983082,0.004397125962855464,-0.03098015159700085,-0.008270731451399116,-0.036996727173393085,-0.014287307027791352,-0.03227547652707885,-0.009566056381477117,0.006557755259552156,0.02926717540515389,2026-01-13
JPM,2025-10-14,6.0,4.87,5.07,0.04106776180698155,beat,before open,0.987338807781148,-0.012360875442977528,0.006562749553473636,-0.0534839056916089,-0.034560280695157736,-0.0537783097439708,-0.03485468474751963,-0.02503917139357581,-0.006115546397124645,-0.010392711890604311,0.007510992745360934,-0.04761506468737153,-0.029711360051406288,-0.04318293398993611,-0.025279229353970867,-0.004328355759947389,0.013575348876017856,-0.018188874006896283,0.011950553926109997,-0.03702911029561606,-0.006889682362609784,-0.014264176318896982,0.015875251614109298,0.014617855525370094,0.04475728345837637,2025-10-14
JPM,2025-07-15,6.0,4.48,4.96,0.10714285714285703,beat,before open,0.9499548347843346,-0.01122287116347017,-0.006779262945804276,-0.0029494168031220062,0.0014941914145438877,0.001372707023440771,0.005816315241106665,-0.034038119961183076,-0.029594511743517182,-0.009064782510250557,-0.0058908044083118005,0.0030601106618337592,0.006234088763772516,0.0121519481413358,0.015325926243274557,-0.013302518515422412,-0.010128540413483655,0.00016179788219561342,-0.00951747546459536,0.006848003748244458,-0.0028312695985465153,0.02374562258221935,0.014066349235428377,0.016324954091439192,0.006645680744648219,2025-07-15
JPM,2025-04-11,6.0,4.64,5.07,0.09267241379310358,beat,before open,0.8517805125431177,0.008403411032284359,-0.015476185814762358,0.020552365562778997,-0.0033272312842677204,0.017124894337533256,-0.0067547025095134605,0.02650961115677557,0.0026300143097288536,0.006214577491136186,-0.015967235434094063,0.029177344176604114,0.0069955312513738654,0.020083847251273323,-0.0020979656739569252,0.030417463097604958,0.008235650172374709,0.006919447916973631,-0.01655102469891201,0.014444260188647196,-0.009026212427238445,0.021104238362204653,-0.0023662342536809877,0.03382435887895063,0.010353886263064993,2025-04-11
JPM,2025-01-15,6.0,4.04,4.81,0.19059405940594049,beat,before open,0.7917517898591743,0.012234510913526092,0.008023982867037462,0.029111943007161634,0.024901414960673003,0.038169645177154515,0.033959117130665885,0.0511533070821209,0.04694277903563227,0.01106117285138597,0.009531575918495627,0.026062719467001116,0.024533122534110774,0.04223612527457299,0.040706528341682646,0.0646412020252144,0.06311160509232405,-0.004833640400726091,0.0009389865165589928,0.022632841800762638,0.02840546871804772,0.010221544994172271,0.015994171911457356,0.04170494178456763,0.04747756870185271,2025-01-15
JPM,2024-10-11,6.0,3.99,4.37,0.0952380952380952,beat,before open,0.6159811697863232,0.029444470403205695,-0.009973980994402647,0.041411731510082914,0.0019932801124745714,0.02729548114043975,-0.012122970257168592,0.06539577804464301,0.02597732664703467,0.026589111189024295,-0.011822189366561653,0.04353053980950361,0.005119239253917662,0.039521899470196575,0.0011105989146106277,0.07780880792548528,0.03939750736989933,0.01523477301928644,-0.009879229719093163,0.015233786321535159,-0.009880216416844445,0.02264468809378206,-0.0024693146445975422,0.0384251151632955,0.013311112424915894,2024-10-11
JPM,2024-07-12,6.0,5.09,6.12,0.20235756385068768,beat,before open,0.6927541082370032,0.00474395940862722,0.022121065175543943,0.016127927698930983,0.033505033465847704,0.028923079748808478,0.0463001855157252,0.005223751364990108,0.022600857131906828,0.003777110660650007,0.022184200333730253,0.0256805937735628,0.044087683446643045,0.04545309462811897,0.06386018430119922,0.03699895592061209,0.05540604559369233,-0.0051090701125612314,0.010304799035826928,-0.0023461360567732514,0.013067733091614908,-0.003730361659945336,0.011683507488442824,-0.009882846646432797,0.005531022501955363,2024-07-12
JPM,2024-04-12,6.0,4.13,4.44,0.07506053268765145,beat,before open,0.7770224288469031,-0.045675005305461175,0.009279749466022558,-0.019096278610413634,0.0358584761610701,-0.0036666030740476717,0.05128815169743606,-0.00566744929466555,0.049287305476818186,-0.03779946117497335,0.01307537335064557,-0.0030808155302407547,0.04779401899537816,0.011500569332536625,0.06237540385815554,0.013995996557500834,0.06487083108311975,-0.04583778955124085,0.0055398245458181394,-0.042735446917455455,0.008642167179603533,-0.012826959023633622,0.038550655073425366,-0.010178420256041654,0.041199193841017334,2024-04-12
JPM,2024-01-12,6.0,3.6,3.04,-0.15555555555555556,miss,before open,0.891795478722769,-0.010954894193141006,-0.002996656606292919,-0.014226976073093724,-0.006268738486245637,-0.013126367321339882,-0.005168129734491794,-0.013008734190360544,-0.005050496603512457,-0.010632023410968916,-0.0025991109687582004,-0.01584137582116585,-0.007808463378955133,-0.01648111710898037,-0.008448204666769654,-0.018514821161608297,-0.010481908719397581,-0.004837396999756494,0.0006446350721801553,-0.012685842948651271,-0.0072038108767146225,-0.013913383727662931,-0.008431351655726282,-0.009346574318384593,-0.003864542246447944,2024-01-12
JPM,2023-10-13,6.0,3.97,4.33,0.09068010075566747,beat,before open,0.8078451156248336,0.008063845634382123,-0.010246488412648958,-0.0005416929176685747,-0.018852026964699654,-0.03531169653985031,-0.05362203058688139,-0.023196944310506572,-0.041507278357537654,0.008465147536331319,-0.011535271130679647,0.009410422402522656,-0.01058999626448831,-0.01688046610543359,-0.036880884772444555,-0.011054479289167474,-0.03105489795617844,0.0013544903195231717,-0.011552931739547634,0.008854906284074815,-0.004052515774995991,-0.01914019910568998,-0.03204762116476079,-0.018428561286133238,-0.031335983345204044,2023-10-13
JPM,2023-07-14,6.0,3.76,4.75,0.2632978723404256,beat,before open,0.9064619612027044,0.02598517036171165,0.02016554326042111,0.03038271743488325,0.02456309033359271,0.029785656868833,0.02396602976754246,0.0287999703789307,0.02298034327764016,0.027300074814846864,0.020631468641052475,0.034578035167520116,0.027909428993725727,0.03695132202413953,0.030282715850345143,0.04619127735181361,0.03952267117801922,0.027184733329022714,0.014468514571103652,0.01790364596208227,0.005187427204163209,0.0323241261338566,0.01960790737593754,0.02454399755108949,0.01182777879317043,2023-07-14
JPM,2023-04-14,6.0,3.37,4.1,0.21661721068249243,beat,before open,0.8602099424271789,0.08029389388772795,0.0037628056171636476,0.08471987452402724,0.008188786253462935,0.05528162827783399,-0.021249459992730313,0.02383137609488986,-0.05269971217567444,0.08229302733265909,0.00434082703471006,0.09162425656365392,0.01367205626570489,0.06627339669739696,-0.011678803600552068,0.04704314823531641,-0.030909052062632614,0.062053648436409814,-0.003627771547244363,0.0683727999552951,0.002691379971640928,0.053508075642762054,-0.012173344340892123,0.06238620257578231,-0.0032952174078718643,2023-04-14
JPM,2023-01-13,6.0,3.1,3.57,0.15161290322580637,beat,before open,0.9027699058305018,0.008212242245081942,-0.013659842952973608,-0.022759839103961725,-0.044631924302017276,-0.008532844186901159,-0.03040492938495671,-0.009962393278015007,-0.03183447847607056,0.007733176054141033,-0.013621710477337956,-0.024533856436967483,-0.04588874296844647,-0.011010927249182068,-0.03236581378066106,-0.016824757839925986,-0.038179644371404975,0.008893893322209245,-0.008809130774695029,-0.012898248488439013,-0.030601272585343287,-0.008021107853027343,-0.025724131949931617,-0.006474766082726902,-0.024177790179631176,2023-01-13
JPM,2022-10-14,6.0,2.85,3.12,0.09473684210526316,beat,before open,0.8591341746484271,0.058408400005756894,0.02105603326585015,0.1006403030102617,0.06328793627035495,0.10385397482737188,0.06650160808746514,0.1645860560438629,0.12723368930395615,0.0557328018224138,0.01630325227876006,0.09053389363390318,0.05110434409024944,0.08257179479009091,0.04314224524643717,0.12825636453814582,0.08882681499449208,0.050291912623958934,0.016847190320409267,0.09234058214065188,0.058895859837102216,0.06272301722348661,0.029278294919936942,0.08503531557287547,0.0515905932693258,2022-10-14
JPM,2022-07-14,6.0,2.9,2.76,-0.04827586206896556,miss,before open,0.8716400605263798,-0.002719386993472751,0.029641383219474807,-0.010516756443621097,0.021844013769326463,-0.02859250860755535,0.0037682616053922105,-0.007095455597147235,0.025265314615800324,-0.005781785243415438,0.026728144968251266,-0.019956281222401673,0.012553648989265032,-0.04272597651481058,-0.010216046303143878,-0.030226131591773453,0.0022837986198932514,-0.0037926372153481713,0.012001169231839137,-0.018974912149979928,-0.0031811057027926193,-0.03247527568799824,-0.01668146924081093,-0.03833990010157984,-0.02254609365439253,2022-07-14
JPM,2022-04-13,6.0,2.71,2.63,-0.029520295202952056,miss,before open,0.8852610992725375,-0.03954288290805337,0.002291720913825415,-0.0031334165590686577,0.038701187262810126,-0.03630861808783312,0.005525985734045669,0.0016471495092238372,0.04348175333110262,-0.04050467357510423,0.003182261212781312,-0.006346345927306096,0.03734058886057945,-0.03962712586340622,0.0040598089244793245,0.0025906018491691496,0.046277536637054695,-0.030245991144050466,0.00198734634324349,-0.006007128882246082,0.026226208605047874,-0.020488289490707245,0.01174504799658671,0.013922269039641222,0.04615560652693518,2022-04-13
JPM,2022-01-14,6.0,3.03,3.33,0.0990099009900991,beat,before open,0.8494906810163679,-0.08878027850240186,-0.026926702060767402,-0.10002582667879692,-0.03817225023716246,-0.09467979937125176,-0.0328262229296173,-0.04832454160772321,0.013529034833911248,-0.08609042972592262,-0.02421826655087722,-0.09162001118867968,-0.02974784801363428,-0.08954959204604696,-0.027677428871001553,-0.03920803818850327,0.022664124986542133,-0.07068175618052663,-0.01964018559240366,-0.07226062433717906,-0.021219053749056083,-0.06656374779791363,-0.015522177209790655,-0.05574097313532933,-0.004699402547206355,2022-01-14
JPM,2021-10-13,6.0,3.0,3.55,0.18333333333333326,beat,before open,0.9822528637527413,-0.033321157636189404,-0.0023005337463793546,-0.015182233565279223,0.015838390324530827,-0.04154603744276023,-0.010525413552950183,-0.07459308330721087,-0.04357245941740082,-0.03144367929821357,-0.0014791281929928957,-0.009219385427636118,0.020745165677584554,-0.030043998045690357,-7.944694046968515e-05,-0.05226861994176646,-0.022304068836545787,-0.022026966621574218,-0.001373103166693479,-0.01062185021338835,0.010032013241492388,-0.020801297350055203,-0.0001474338951744647,-0.022505223816397413,-0.001851360361516674,2021-10-13
BAC,2026-07-14,6.0,1.12,1.21,0.08035714285714272,beat,before open,0.9234016313940713,0.028571371791187076,0.012683901623482336,0.03203888846475101,0.01615141829704627,0.065636739637773,0.04974926947006826,0.05456054373161448,0.03867307356390974,0.027310591682109475,0.01203769427374457,0.03006560097082267,0.014792703562457765,0.06270760341981274,0.047434706011447836,0.04515078821421403,0.029877890805849128,0.026099023893084272,0.009237380414844232,0.02820161011674427,0.011339966638504229,0.024575047842311903,0.007713404364071863,0.043196848733699,0.02633520525545896,2026-07-14
BAC,2026-04-15,6.0,1.02,1.11,0.08823529411764713,beat,before open,1.0125586394415635,-0.007970149373609287,-0.017780815559375673,-0.030557557331336707,-0.04036822351710309,-0.03739054430846915,-0.047201210494235535,-0.14220242656449483,-0.15201309275026123,-0.007078205013998473,-0.017368963494517886,-0.027970023800332533,-0.038260782280851946,-0.032890883972391705,-0.04318164245291112,-0.13335880091383367,-0.1436495593943531,-0.0015781862898237575,-0.01222804577192338,-0.012315770793143055,-0.022965630275242677,-0.011183683527557609,-0.02183354300965723,-0.05123304364002057,-0.06188290312212019,2026-04-15
BAC,2026-01-14,6.0,0.96,0.98,0.020833333333333353,beat,before open,0.9649624422966211,-0.033835625069841044,-0.000670031827939982,-0.03258989200330836,0.0005757012385926991,-0.027985933653534356,0.005179659588366706,-0.020886996236841898,0.012278597005059164,-0.033482387281209225,-0.000627231877748935,-0.031528554786037444,0.0013266006174228462,-0.026490692629026702,0.006364462774433588,-0.01737503940612395,0.015480115997336341,-0.038262093286957954,-0.001966745400440839,-0.030682911181590167,0.005612436704926949,-0.013662191132474688,0.022633156754042427,0.011955143751950947,0.04825049163846806,2026-01-14
BAC,2025-10-15,6.0,0.95,1.06,0.11578947368421064,beat,before open,0.9970973270590415,0.00979486750124223,-0.02895221102906088,0.010103172209168884,-0.028643906321134227,0.007224106664674334,-0.031522971865628774,0.0364043626742957,-0.002342715856007413,0.0108967824902656,-0.028384926262109977,0.01336362311915773,-0.025918085633217847,0.013137858116733292,-0.026143850635642285,0.04780931696776736,0.00852760821539178,0.0363247942928403,-0.007396475640284339,0.03667575118997157,-0.0070455187431530675,0.07175689208549008,0.028035622152365436,0.07090269413830419,0.02718142420517955,2025-10-15
BAC,2025-07-16,6.0,0.86,0.89,0.03488372093023259,beat,before open,0.9527393742377915,0.009563524744182414,0.015513255272418116,0.023171082540415753,0.029120813068651455,0.01825767147836058,0.024207402006596282,-0.012904242954839912,-0.00695451242660421,0.009444592441625432,0.015388185489450201,0.02324489323247725,0.029188486280302017,0.019132954648580336,0.025076547696405105,-0.011176734889025597,-0.005233141841200828,0.002324019087595386,0.011894283191703714,0.014714366530227285,0.024284630634335613,0.01850797748868127,0.0280782415927896,0.003302005299779087,0.012872269403887415,2025-07-16
BAC,2025-04-15,6.0,0.81,0.9,0.11111111111111106,beat,before open,0.8298214713594155,0.038093438598164955,0.00042240353605250275,0.05779938037429715,0.0201283453121847,0.05420893621528823,0.01653790115317578,0.1154273331151053,0.07775629805299283,0.04365257437782388,0.004855003837560101,0.06270122552007151,0.02390365497980773,0.05634401882418383,0.017546448283920046,0.1140773189073957,0.07527974836713192,0.03173342860505224,-0.0017181074780273642,0.04382441018840744,0.010372874105327834,0.051126821076041606,0.017675284992962004,0.12327385393877155,0.08982231785569195,2025-04-15
BAC,2025-01-16,6.0,0.77,0.82,0.06493506493506485,beat,before open,0.8116291881531522,-0.02083558595040401,-0.011568686796606432,-0.039079206906564246,-0.029812307752766668,-0.04088645242568959,-0.03161955327189202,-0.04754859038619083,-0.03828169123239325,-0.020241798466438587,-0.012398538280179117,-0.03750133549704615,-0.02965807531078668,-0.0321197454732447,-0.024276485286985228,-0.03065353699793949,-0.02281027681168002,-0.027226528661945526,-0.01079067907374942,-0.039506820786799346,-0.02307097119860324,-0.05635938282038744,-0.03992353323219133,-0.04827081804020028,-0.031834968452004175,2025-01-16
BAC,2024-10-15,6.0,0.76,0.81,0.06578947368421058,beat,before open,0.8594542382846182,0.022063134528520906,0.01091165660202183,0.004946806976571936,-0.006204670949927139,0.007880904753022399,-0.0032705731734766763,0.054462141087970206,0.04331066316147113,0.024573013363033858,0.01131513275617202,0.011266978763604385,-0.0019909018432574532,0.019639846804263672,0.006381966197401834,0.07266768619866881,0.059409805591806975,0.0066463000407535056,0.0032949890248530345,0.002036355446539684,-0.0013149555693607873,0.012531192243002809,0.009179881227102338,0.031261076441052915,0.027909765425152444,2024-10-15
BAC,2024-07-16,6.0,0.8,0.83,0.037499999999999895,beat,before open,0.9994139677276153,0.056737454730898806,0.009902243699716179,0.023472991767421427,-0.0233622192637612,0.014244041820076051,-0.03259116921110658,-0.06259081302629,-0.10942602405747262,0.05816540183173269,0.010622063254150604,0.02775062246468618,-0.019792716112895903,0.022092082028948745,-0.02545125654863334,-0.04762755652479733,-0.09517089510237942,0.03109106235025072,-0.010986919701979847,0.009893587805144044,-0.03218439424708652,-0.03283524351083966,-0.07491322556307023,-0.07176115951123929,-0.11383914156346986,2024-07-16
BAC,2024-04-16,6.0,0.77,0.76,-0.012987012987012998,inline,before open,1.1413293518781342,-0.009870156386157958,0.02299461118379381,0.0663035801936818,0.09916834776363356,0.040414410394412736,0.0732791779643645,0.03602737509615249,0.06889214266610426,-0.011725572223302172,0.021777566671682624,0.0643799735858479,0.0978831124808327,0.035584389950112705,0.0690875288450975,0.03329895433150298,0.06680209322648778,-0.015219830334697648,0.01333332502930018,0.035343058036298,0.06389621340029583,0.018278842557069352,0.04683199792106718,0.020908416292979903,0.04946157165697773,2024-04-16
BAC,2024-01-12,6.0,0.64,0.35,-0.45312500000000006,miss,before open,1.2107254323995305,-0.025064984613745935,-0.014977309059083732,-0.027995754167681457,-0.017908078613019254,-0.008756721402832075,0.001330954151830127,-0.018263092993582898,-0.008175417438920696,-0.028311594269818774,-0.017060432323443897,-0.032705235659653664,-0.021454073713278787,-0.016621485848075657,-0.00537032390170078,-0.035027322290346,-0.02377616034397112,-0.02251696785860635,-0.013816686282505541,-0.029549702787139087,-0.020849421211038277,-0.014053752466758218,-0.005353470890657408,-0.025859075447122293,-0.017158793871021483,2024-01-12
BAC,2023-10-17,6.0,0.82,0.9,0.09756097560975618,beat,before open,0.9981859422551046,0.028365918122196958,0.003527568951624989,-0.01955430858871505,-0.04439265775928702,0.03533950580126028,0.010501156630688312,0.08572402091400028,0.06088567174342831,0.025489228723342916,0.0021012686922754487,-0.028205190840589367,-0.051593150871656834,0.01945916030696515,-0.0039287997241023165,0.05520999687686001,0.031822036845792545,0.02455125529178326,0.005976860866363509,-0.016507864656322147,-0.035082259081741896,0.013806084241574812,-0.004768310183844937,0.05596728292439668,0.03739288849897693,2023-10-17
BAC,2023-07-18,6.0,0.83,0.88,0.06024096385542174,beat,before open,1.0224985084485407,0.06335655138282366,0.025749262227407033,0.08659273174369464,0.048985442588278014,0.07270870404234692,0.03510141488693029,0.05984226581137973,0.022234976655963107,0.061599126903780554,0.024811977488088388,0.08089870381966335,0.04411155440397119,0.06213110974548586,0.02534396032979369,0.03871749814761216,0.0019303487319199952,0.05568616156128625,0.02274635283012194,0.06835534049385261,0.0354155317626883,0.052968408582491855,0.020028599851327544,0.03142574179260571,-0.0015140669385586003,2023-07-18
BAC,2023-04-18,6.0,0.83,0.94,0.1325301204819277,beat,before open,0.9380813004492738,-0.010318022392511311,-0.016082517684580383,-0.03245766865740424,-0.03822216394947331,-0.06612243836737058,-0.07188693365943966,-0.09133505957333365,-0.09709955486540273,-0.0105881232487548,-0.016192140212321737,-0.03200004843187565,-0.03760406539544259,-0.06700573198769255,-0.07260974895125949,-0.09334695610886123,-0.09895097307242817,-0.015509534475312448,-0.018759161883810993,-0.030234701080056214,-0.03348432848855476,-0.046394932068565486,-0.04964455947706403,-0.05981919284960169,-0.06306882025810023,2023-04-18
BAC,2023-01-13,6.0,0.77,0.85,0.10389610389610385,beat,before open,0.9738162746962093,0.000740405354420548,-0.01794946848097284,-0.010106304990798329,-0.028796178826191718,0.02027296724681995,0.0015830934114265602,0.004915452830281827,-0.013774421005111562,-0.00015265515031348542,-0.018321224363302857,-0.01287619062257972,-0.03104475983556909,0.015403355044103617,-0.0027652141688857546,-0.004955079342081503,-0.023123648555070875,0.0010080621177547266,-0.01350864466065993,-0.0012405826740512493,-0.015757289452465906,0.018393174440258342,0.0038764676618436855,0.005394912415117581,-0.009121794363297075,2023-01-13
BAC,2022-10-17,6.0,0.77,0.81,0.05194805194805199,beat,before open,0.9433675008886404,0.06433380667573461,0.027200554195686844,0.054205495492856345,0.017072243012808574,0.0671115189308294,0.029978266450781624,0.09972022782731178,0.06258697534726401,0.060598961308801824,0.02572806119534432,0.046049319545292566,0.011178419431835063,0.05380646903448816,0.018935568921030654,0.07692244083961652,0.04205154072615902,0.05684982747646683,0.02143498932136012,0.05271908634442646,0.01730424818931975,0.03886113497378274,0.003446296818676031,0.045397619364603625,0.009982781209496916,2022-10-17
BAC,2022-07-18,6.0,0.75,0.73,-0.02666666666666669,miss,before open,0.9801214846895805,0.01519831264032652,0.007050616904464978,0.017282044367063147,0.009134348631201605,-0.021639005822178304,-0.029786701558039846,0.0073130726729494985,-0.0008346230629120432,0.015335715858406873,0.006768697155900005,0.018271351709741257,0.00970433300723439,-0.02013502308424453,-0.028702041786751398,0.010501835966756357,0.0019348172642494887,0.00786751052130441,0.003781820312357853,0.008556293602694609,0.004470603393748052,-0.006089494174871257,-0.010175184383817815,0.0060200512787566,0.0019343610698100422,2022-07-18
BAC,2022-04-18,6.0,0.74,0.8,0.08108108108108115,beat,before open,0.9506972858338401,0.03608495288611106,0.0027958156170518403,0.011500368268914148,-0.021788769000145074,0.009436013038964384,-0.02385312423009484,0.0019519169390306776,-0.031337220330028545,0.036048943587424276,0.00238999862510747,0.014865435041764186,-0.01879350992055262,0.016320501355982175,-0.01733844360633463,0.014376945805580243,-0.019281999156736562,0.03289613482241682,0.004789761960094507,0.011419832971705568,-0.016686539890616747,0.028389983825507947,0.00028361096318563206,0.029127706668966247,0.0010213338066439315,2022-04-18
BAC,2022-01-19,6.0,0.76,0.82,0.07894736842105256,beat,before open,0.9960127817728263,0.008690280043613274,-0.00468859342615531,0.03897384229124463,0.025594968821476043,0.00212722005667567,-0.011251653413092914,0.034415501284259103,0.02103662781449052,0.010484743030835686,-0.0037899973980852764,0.044306189584383704,0.03003144915546274,0.011515072127634696,-0.0027596683012862666,0.05243913393956989,0.03816439351064893,0.012186115889760374,-0.008488673455215978,0.02676346516103978,0.006088675816063427,0.014920118092552115,-0.005754671252424237,0.02338294053840717,0.002708151193430819,2022-01-19
BAC,2021-10-14,6.0,0.7,0.85,0.21428571428571433,beat,before open,0.9740097398342515,0.04677941597738802,0.019925357722808592,0.033995967569745364,0.007141909315165933,0.03687984261190238,0.010025784357322948,0.0046269114853719345,-0.022227146769207496,0.049145546491593306,0.021228041048821256,0.041917244053512714,0.013999738610740664,0.05203273673297504,0.024115231290202988,0.03447654214203133,0.00655903669925928,0.041968653235740394,0.013945122766668927,0.038038010801522804,0.010014480332451337,0.049342338753643356,0.02131880828457189,0.05249931910679151,0.024475788637720042,2021-10-14
GS,2026-07-14,7.0,14.54,20.98,0.44291609353507577,beat,before open,1.5361723695828253,0.08825166235723803,0.004122458496088929,0.042569113692008026,-0.04156009016914107,0.007128060758764694,-0.0770011431023844,-0.05375920266741884,-0.13788840652856793,0.09303337047857951,0.006624030275708126,0.04425125107619876,-0.04215808912667263,0.005392222370829036,-0.08101711783204235,-0.030349506569608442,-0.11675884677247983,0.09182180268955431,0.0038237164168077875,0.04238726022212036,-0.04561082605062616,-0.0327403332066718,-0.12073841947941832,-0.032303446050123474,-0.12030153232287,2026-07-14
GS,2026-04-13,7.0,16.24,17.55,0.08066502463054202,beat,before open,1.3782425138714043,-0.03044697568471717,0.00305767428390916,-0.0284981776002784,0.00500647236834793,-0.051553943853542325,-0.018049293884915996,-0.10180772276818349,-0.06830307279955716,-0.01954507021656915,0.00896489676117862,-0.004673676525587811,0.02383629045215996,-0.017768631025397386,0.010741335952350384,-0.04239635989524981,-0.013886392917502044,-0.01744068255284681,0.018826999631317953,0.0015140758002012422,0.037781757984366005,0.013185609732672687,0.04945329191683745,0.03413095034929514,0.0703986325334599,2026-04-13
GS,2026-01-15,7.0,11.76,14.01,0.1913265306122449,beat,before open,1.3031959004097582,0.02840804539868047,-0.013730917115324912,-0.0147581087393338,-0.05689707125333918,-0.005085060470222244,-0.04722402298422763,-0.02260474702265769,-0.06474370953666307,0.030219531620675588,-0.013365022323247655,-0.011446277071683664,-0.05503083101560691,0.0025374972677190133,-0.04104705667620423,-0.013156227747478266,-0.05674078169140151,0.02675480376116879,-0.01549023666006255,0.0069545145548397524,-0.03529052586639159,0.017877711011547115,-0.024367329409684224,0.021092536355110658,-0.02115250406612068,2026-01-15
GS,2025-10-14,7.0,11.09,12.25,0.10459873760144275,beat,before open,1.3839611119037183,-0.03078440366528539,-0.01096475709235012,-0.05962251469977633,-0.03980286812684106,-0.05379868071095605,-0.03397903413802078,-0.03439514605473877,-0.014575499481803499,-0.027251186385127024,-0.008111313781509866,-0.04794175768981446,-0.0288018850861973,-0.027405487338128087,-0.008265614734510929,0.0013359911669447166,0.020475863770561875,-0.035047348501418996,-0.0036717526007608026,-0.03735580329805899,-0.005980207397400794,0.001513270332911043,0.032888866233569236,0.0202822024522622,0.05165779835292039,2025-10-14
GS,2025-07-16,7.0,9.62,10.91,0.13409563409563421,beat,before open,1.332634924005352,-0.00938932321954599,-0.013137621154407014,-0.008832990677869705,-0.012581288612730729,0.00519208830108841,0.0014437903662273873,-0.0048229785012688115,-0.008571276436129835,-0.004685113597355572,-0.010323777661490618,0.002248888512770164,-0.003389775551364882,0.020300774006928313,0.014662109942793267,0.02362312057235949,0.017984456508224445,-0.011805686951385619,-0.013817679959237106,-0.006281638189479799,-0.008293631197331286,0.019675796847029248,0.01766380383917776,0.038101860761164175,0.03608986775331269,2025-07-16
GS,2025-04-14,7.0,12.29,14.12,0.14890154597233524,beat,before open,1.2976593808561254,0.015321066917424419,0.010004326629313783,0.058600451261824435,0.0532837109737138,0.04095736753354173,0.0356406272454311,0.049364194827923626,0.044047454539812986,0.02015253553064522,0.010559352461988802,0.06345464120580646,0.05386145813715004,0.06777237982856377,0.05817919675990735,0.10726720352863606,0.09767402045997964,0.014222711808643096,0.0052133180048046235,0.040373153675535955,0.03136375987169748,0.06342370788997709,0.054414314086138615,0.11186098038762005,0.10285158658378157,2025-04-14
GS,2025-01-15,7.0,8.29,10.97,0.3232810615199037,beat,before open,1.1410074538956219,0.05118114682796429,0.012813336306472564,0.05516069555975955,0.01679288503826782,0.06835598545309461,0.029988174931602884,0.05436990523562339,0.016002094714131665,0.05557320161120549,0.01359131278736625,0.06801808170580936,0.02603619288197012,0.08538917259966294,0.0434072837758237,0.08301160009819242,0.041029711274353176,0.03967838835909343,0.004998723385429615,0.06458820403957088,0.02990853906590707,0.053374592319262226,0.01869492734559841,0.06007533985754565,0.025395674883881836,2025-01-15
GS,2024-10-15,7.0,7.31,9.02,0.23392612859097128,beat,before open,0.961824756738234,0.014444665051889509,0.008908730947359406,-0.014014021883090887,-0.01954995598762099,-0.005590246628237729,-0.011126180732767832,0.08855661253508539,0.08302067843055529,0.017034467555691934,0.009972356515093317,-0.006573130928893334,-0.013635241969491951,0.00809809493190361,0.0010359838913049924,0.11353631765723637,0.10647420661663776,-0.0008922457665884176,0.001952212783774332,-0.015803754245958035,-0.012959295695595285,0.0009894403706427468,0.0038338989210054963,0.07212970789962048,0.07497416644998323,2024-10-15
GS,2024-07-15,7.0,8.4,8.41,0.001190476190476165,inline,before open,1.0215787275214583,0.036942704722033363,0.0149394394060261,0.01992333705644602,-0.0020799282595612423,0.045297035132089526,0.023293769816082263,0.04525856945518427,0.023255304139177008,0.03897618965889138,0.01599049376304973,0.02525997645844047,0.0022742805625988183,0.0548681734650911,0.031882477569249446,0.06362629299957778,0.04064059710373613,0.02163143183563654,0.010525137237698212,-0.0010510807202079864,-0.012157375318146313,0.004661748424491852,-0.006444546173446475,0.0194655629637015,0.008359268365763173,2024-07-15
GS,2024-04-15,7.0,8.7,11.58,0.3310344827586208,beat,before open,1.0668066596308694,0.03493987518450409,-0.007875452881958789,0.09479939689214484,0.05198406882568196,0.10593072781497273,0.06311539974850985,0.13716634286275858,0.0943510147962957,0.0335673767466147,-0.008204144067604058,0.09209878841174013,0.050327267597521375,0.10357266358261241,0.06180114276839366,0.13416757339598262,0.09239605258176387,0.030981811472774234,-0.00325416053661709,0.05002133343800119,0.015785361428609868,0.08475956975682919,0.050523597747437865,0.11469427563331036,0.08045830362391904,2024-04-15
GS,2024-01-16,7.0,4.27,5.48,0.28337236533957866,beat,before open,1.0570348024792364,0.010102763133934618,-0.0018224739506936434,-0.004493954288313375,-0.016419191372941636,0.003058534968795261,-0.008866702115833,-0.015418950935324978,-0.02734418801995324,0.007782381763543733,-0.003036486380935677,-0.008897111690546855,-0.019715979835026265,-0.005121843380594737,-0.015940711525074147,-0.032174997285459916,-0.042993865429939326,0.007342164350091385,-0.006720449835326381,-0.006950295845282617,-0.021012910030700382,-0.01852343446459037,-0.03258604865000814,-0.025830836087310738,-0.0398934502727285,2024-01-16
GS,2023-10-17,7.0,5.53,5.47,-0.01084990958408689,inline,before open,0.8835756820297928,-0.027339628681057403,-0.011764003312293275,-0.021515750179657088,-0.00594012481089296,0.0073077336382130105,0.02288335900697714,0.059890032166218764,0.0754656575349829,-0.026548799215914465,-0.01059558908436431,-0.0204790859611238,-0.0045258758295736445,0.007899374363313338,0.023852584494863494,0.04837622263286534,0.0643294327644155,-0.027486772647474123,-0.006719996910276249,-0.00878175977685658,0.011985015960341294,0.0022462982979229995,0.023013074035120873,0.049133508680402005,0.06990028441759988,2023-10-17
GS,2023-07-19,7.0,3.83,3.08,-0.195822454308094,miss,before open,0.9283022438525741,0.04439678591781867,0.0365846998411243,0.05739405919146296,0.04958197311476859,0.051044299177627046,0.04323221310093268,0.01020824133149955,0.002396155254805181,0.04441070200056396,0.03690922511334027,0.056276234020908755,0.048774757133685065,0.05001007230378596,0.04250859541656227,0.009338977661029202,0.0018375007738055116,0.02830716605661232,0.022871313827355078,0.0417960802225813,0.03636022799332406,0.039275498604807835,0.03383964637555059,1.7940387371462307e-05,-0.005417911841885781,2023-07-19
GS,2023-04-18,7.0,8.06,8.79,0.0905707196029775,beat,before open,0.9295439755257152,-0.010166841573184114,0.008253958632069812,0.012476801666230518,0.030897601871484444,-0.020516432622129654,-0.0020956324168757284,-0.06549503007872744,-0.04707422987347351,-0.008545116325503255,0.009093755144776283,0.018784720878887384,0.03642359234916692,-0.01091164315868376,0.006727228311595779,-0.047529117341441274,-0.029890245871161736,-0.013466527552060903,0.0065267334732870275,0.02055006823070682,0.04054332925605475,0.009699156760443306,0.029692417785791236,-0.014001354082181727,0.005991906943166203,2023-04-18
GS,2023-01-17,7.0,5.77,3.32,-0.42461005199306756,miss,before open,0.9593060822905269,-0.051373599925459416,0.012013597515667891,-0.07739327404910047,-0.014006076607973164,-0.046950776836825185,0.016436420604302122,-0.05288899067223843,0.01049820676888888,-0.04913690634190737,0.013415910833233236,-0.0730236707804971,-0.01047085360535649,-0.03942575977020357,0.023127057404937035,-0.03839767281315032,0.02415514436199029,-0.041438785611359275,0.016301451861138405,-0.059369263670903116,-0.0016290261984054366,-0.031665616563610666,0.026074620908887014,-0.01943768910289312,0.03830254836960456,2023-01-17
GS,2022-10-18,7.0,7.52,8.25,0.09707446808510645,beat,before open,0.9689752829670256,0.012583390904617527,0.0004484390894388818,0.03605358997852394,0.023918638163345295,0.08569989595400732,0.07356494413882866,0.14674972810363074,0.1346147762884521,0.011957123029412209,0.00042750202849295427,0.0330952855901715,0.021565664589252243,0.08155876729030087,0.07002914628938162,0.13902124404877414,0.12749162304785489,0.01698600313043075,0.009749454003495694,0.04323371549853228,0.03599716637159722,0.059045383681779584,0.05180883455484453,0.11321911431108644,0.10598256518415139,2022-10-18
GS,2022-07-18,7.0,6.56,7.73,0.1783536585365855,beat,before open,0.9884036738037564,0.06262642224073775,0.029172013930711206,0.07393281656952637,0.040478408259499825,0.06158581800764161,0.028131409697615066,0.08997616840640817,0.05652176009638162,0.06211749410472689,0.02871301146682126,0.072742687738518,0.03933820510061237,0.059223220983226965,0.025818738345321335,0.08565098635488633,0.0522465037169807,0.05464928876762443,0.025726134623279107,0.06302762963147135,0.03410447548712603,0.07326874989260024,0.04434559574825492,0.08116920166688657,0.05224604752254125,2022-07-18
GS,2022-04-14,7.0,8.98,10.76,0.198218262806236,beat,before open,1.1534066252595052,0.03896722304371418,0.025387247683123997,0.041397666235851324,0.02781769087526114,0.03522479975670363,0.021644824396113448,0.07111918676669084,0.05753921140610065,0.03663443303940739,0.025207460564704354,0.033952901736186036,0.022525929261483002,0.021649599983226575,0.01022262750852354,0.05155911205943908,0.04013213958473605,0.029886946069875076,0.019654888464709863,0.025173753492462203,0.01494169588729699,0.026794602077287233,0.01656254447212202,0.060821498448448974,0.05058944084328376,2022-04-14
GS,2022-01-18,7.0,11.93,10.81,-0.09388097233864201,miss,before open,1.0176684542316037,-0.062298216080996824,-0.010030889365248374,-0.042096580739850537,0.010170745975897913,-0.023521364481250348,0.0287459622344981,-0.014745891777277746,0.0375214349384707,-0.06155408478158497,-0.009594103003817245,-0.03955453779334084,0.01240544398442689,-0.017133242016241,0.034826739761526726,-0.002407269091129982,0.049552712686637745,-0.05057595490705602,-0.003194054087761855,-0.047411041942882926,-2.9141123588760642e-05,-0.012046343761170974,0.03533555705812319,-0.027260190496134817,0.020121710323159347,2022-01-18
GS,2021-10-15,8.0,10.01,14.93,0.4915084915084915,beat,before open,0.9695410238804907,0.042223849558064734,0.013745508387288614,0.02253256890733872,-0.005945772263437399,-0.0034558650921163725,-0.03193420626289249,-0.06170594156393026,-0.09018428273470638,0.046200115723631585,0.01580453798644954,0.03470314894151705,0.004307571204335003,0.019049220720342652,-0.011346357016839392,-0.018239538081740836,-0.04863511581892288,0.04162451048787985,0.018511851032850135,0.01570267630779676,-0.007409983147232957,0.022240274934541282,-0.000872384520488434,0.0049774842471542735,-0.018135175207875442,2021-10-15
MS,2026-07-15,7.0,2.93,3.46,0.1808873720136518,beat,before open,1.4207245132298438,-0.03987671267612331,-0.037477087967548346,-0.03497010910219534,-0.032570484393620376,-0.07578697172205472,-0.07338734701347975,-0.08835235382775848,-0.08595272911918352,-0.03922143770071218,-0.03912312128799911,-0.03360298405210549,-0.033504667639392416,-0.08139468309763853,-0.08129636668492546,-0.06331749182942858,-0.06321917541671551,-0.05079965283164056,-0.04790102256002715,-0.03714917119572403,-0.03425054092411062,-0.12053120332587985,-0.11763257305426644,-0.06643167054736754,-0.06353304027575413,2026-07-15
MS,2026-04-15,7.0,3.02,3.43,0.13576158940397356,beat,before open,1.406521465766809,0.007089905712918686,-0.026434817452645244,0.005581788998783307,-0.027942934166780623,-0.018614521517967393,-0.05213924468353132,-0.04202912604497961,-0.07555384921054353,0.012373496559547892,-0.0248974855506523,0.018574317078614677,-0.018696665031585513,-0.002698026110974916,-0.039969008221175106,-0.0034416981703226934,-0.040712680280522884,0.017873515283722607,-0.01975656782805779,0.034228570085804155,-0.003401513025976244,0.01900917433385918,-0.01862090877792122,0.07868405910349041,0.04105397599171001,2026-04-15
MS,2026-01-15,7.0,2.45,2.68,0.09387755102040815,beat,before open,1.2822220146084917,0.04314863706491366,-0.010640579932643876,-0.00867113577305341,-0.06246035277061095,0.010259075271656438,-0.0435301417259011,-0.03970637120082931,-0.09349558819838685,0.04472892146451435,-0.010352941493424694,-0.005906074683982854,-0.0609879376419219,0.016771937520079105,-0.03830992543785994,-0.03202331224023258,-0.08710517519817162,0.04126419360500755,-0.01247815583023959,0.012494716942540562,-0.041247632492706576,0.03211215126390721,-0.02163019817133993,0.0022254518623563424,-0.051516897572890796,2026-01-15
MS,2025-10-15,7.0,2.11,2.8,0.32701421800947866,beat,before open,1.3481248468036895,0.03223938182416342,-0.007911121908206434,0.0023785439001244527,-0.037771959832245405,-0.004131651303922576,-0.04428215503629243,0.035958075314213855,-0.004192428418156001,0.03325910393504816,-0.009359431591334455,0.010869940113050092,-0.031748595413332525,0.019080632327037828,-0.02353790319934479,0.0664723819809756,0.023853846454592986,0.058687115737622864,0.011629019030491183,0.034182068183863934,-0.012876028523267746,0.07769966629579461,0.03064156958866293,0.08956575915151244,0.042507662444380756,2025-10-15
MS,2025-07-16,7.0,1.98,2.13,0.07575757575757572,beat,before open,1.3251985656166392,-0.01895608436597944,-0.0009908313802664721,-0.025867980352272377,-0.00790272736655941,-0.011418209126147966,0.006547043859565001,-0.01464187977721158,0.0033233732085013873,-0.014235128412851461,0.0018210626869770152,-0.014668106983930285,0.0013880841158981916,0.004023230923715038,0.020079422023543514,0.014448369777070869,0.030504560876899345,-0.021355701766881507,-0.001672839610769472,-0.023198633686180248,-0.0035157715300682124,0.0033982537638159727,0.023081115919928008,0.028927109965875553,0.04860997212198759,2025-07-16
MS,2025-04-11,7.0,2.21,2.6,0.17647058823529418,beat,before open,1.2000305913738372,-0.012125689969002276,-0.003824208503451644,0.01409450141305351,0.022395982878604143,0.010351673645107085,0.018653155110657717,0.03031810125284274,0.03861958271839337,-0.003938416900249875,-0.0005448501058398225,0.018154559158568895,0.021548125952978947,0.035141649567436706,0.03853521636184676,0.07999407550826321,0.08338764230267326,-0.00323354647441243,-0.001128639370657769,0.003421475170611976,0.005526382274366637,0.036162040678368035,0.038266947782122696,0.08340097128960888,0.08550587839336354,2025-04-11
MS,2025-01-16,8.0,1.69,2.22,0.31360946745562146,beat,before open,1.0014511415609313,0.045062536856653734,0.0039797838571566935,0.02296544104570636,-0.018117311953790682,0.03852808249275209,-0.0025546705067449535,0.018364765754959572,-0.02271798724453747,0.04734241528079097,0.005128403112642621,0.02980664394054311,-0.012407368227605242,0.05102503704004291,0.008811024871894557,0.042221366175736574,7.3540075882227995e-06,0.040357685085284034,0.006736262319072317,0.027801158650789914,-0.005820264115421803,0.02678539969290017,-0.006836023073311548,0.024604085133475784,-0.009017337632735933,2025-01-16
MS,2024-10-16,7.0,1.58,1.88,0.18987341772151886,beat,before open,1.0158683235474626,0.059668409576759125,-0.0007752211946679827,0.057441208391442504,-0.003002422379984604,0.05078982537019162,-0.00965380540123549,0.15312489335068424,0.09268126257925713,0.05994350908658552,-0.0006714778244257813,0.05800738984954046,-0.0026075970614708455,0.05192348845179229,-0.008691498459219016,0.15575552464053743,0.09514053772952613,0.049271140800259405,-0.0033237023794329135,0.05039407880276614,-0.0022007643769261787,0.04722055187101282,-0.005374291308679502,0.12413828500118262,0.0715434418214903,2024-10-16
MS,2024-07-16,7.0,1.65,1.82,0.10303030303030312,beat,before open,1.0066240738640129,0.0240462777942093,0.020987986015157896,-0.0029795803062590137,-0.006037872085310418,0.020821076869285735,0.01776278509023433,-0.039596465464712786,-0.04265475724376419,0.02417777902479956,0.02098765773984257,-0.0025148765422942088,-0.005704997827251201,0.021608410062160077,0.018418288777203085,-0.03787447914926745,-0.04106460043422444,-0.0028965604566824066,-0.0006213252162878824,-0.020371911201836346,-0.01809667596144182,-0.03331891547762833,-0.031043680237233806,-0.06200808213570941,-0.059732846895314884,2024-07-16
MS,2024-04-16,7.0,1.65,2.02,0.22424242424242433,beat,before open,1.1897083543207145,0.04667423342269565,0.01868747709359451,0.0791749635554062,0.05118820722630506,0.0708847448762209,0.042897988547119764,0.12267601906819006,0.09468926273908893,0.043002938888973774,0.016463449293775412,0.07305064749289958,0.046511157897701216,0.057907248968775304,0.03136775937357694,0.10661580936251391,0.08007631976731555,0.0395086807775783,0.008019207651392968,0.04401373194334968,0.012524258817164347,0.04060170157573195,0.009112228449546622,0.09422527132399083,0.0627357981978055,2024-04-16
MS,2024-01-16,7.0,1.03,0.85,-0.1747572815533981,miss,before open,1.1985761704851807,-0.04623369786486245,-0.010267140046841358,-0.0455266528105073,-0.00956009499248621,-0.0343618227369514,0.0016047350810696887,-0.07222021500373726,-0.03625365718571617,-0.05049896171850754,-0.012587161349196019,-0.04941638731973186,-0.011504586950420337,-0.041868754971733035,-0.003956954602421514,-0.09051711158090026,-0.052605311211588734,-0.05093917913195989,-0.016271124803586723,-0.04746957147446762,-0.012801517146094454,-0.05527034605572867,-0.020602291727355504,-0.08417295038275108,-0.04950489605437791,2024-01-16
MS,2023-10-18,7.0,1.29,1.38,0.069767441860465,beat,before open,1.0489146961279765,-0.06994880482927676,-0.016519509187202866,-0.06720206305280349,-0.013772767410729594,-0.07174666776683329,-0.018317372124759396,-0.014067816023229249,0.03936147961884465,-0.0719087378385912,-0.01738847559169998,-0.0719377913476772,-0.017417529100785978,-0.07807206922271548,-0.023551806975824263,-0.021725998708414074,0.03279426353847714,-0.06354273393209142,-0.012898063859288267,-0.06605455677707672,-0.015409886704273568,-0.07473640179996333,-0.02409173172716017,-0.01954557560339376,0.031099094469409394,2023-10-18
MS,2023-07-18,7.0,1.21,1.44,0.19008264462809915,beat,before open,1.0719854247648988,0.06767963860217266,0.01102033326140344,0.0811035116062267,0.02444420626545748,0.051013826762563455,-0.005645478578205763,0.030834052111218674,-0.025825253229550545,0.06810519396169012,0.01104570446099129,0.0810307470789422,0.023971257578243366,0.05043714756143636,-0.006622341939262477,0.026753753426683846,-0.03030573607401499,0.06219222861919582,0.008980079803024843,0.06848738375313146,0.01527523493696048,0.041274446398442355,-0.011937702417728624,0.019461997071677395,-0.033750151744493584,2023-07-18
MS,2023-04-19,7.0,1.66,1.74,0.048192771084337394,beat,before open,1.0297971041165692,0.010123082433863666,0.00433494016550387,0.002826279117385609,-0.0029618631509741866,-0.04527407597834063,-0.051062218246700423,-0.0829915962637154,-0.08877973853207519,0.012082911245158146,0.005236070589041075,0.008496082837114227,0.001649242180997157,-0.03400757804970844,-0.04085441870582551,-0.0605562976875782,-0.06740313834369527,0.007049096722483883,0.0027692777378560685,0.017898121866821826,0.013618302882194011,-0.006461774620611593,-0.010741593605239408,-0.03262275396571124,-0.03690257295033905,2023-04-19
MS,2023-01-17,8.0,1.29,1.31,0.015503875968992262,inline,before open,1.0409383624316368,0.07126681365199773,0.010756070197758136,0.03557631004689629,-0.024934433407343304,0.04352934460627901,-0.016981398847960585,0.055012831049286046,-0.0054979124049535505,0.07160126346211282,0.010637622815516834,0.038934195998090115,-0.02202944464850587,0.050174310000813294,-0.010789330645782691,0.06757254476523566,0.00660890411863968,0.07929938419266092,0.013523163843422004,0.052588603107684095,-0.013187617241554817,0.0579344532074062,-0.007841767141832712,0.08653252847549286,0.020756308126253953,2023-01-17
MS,2022-10-14,7.0,1.51,1.47,-0.026490066225165587,miss,before open,1.0305869836597426,-0.029104766905787404,-0.001978549570437145,-0.022072827448597263,0.005053389886752996,-0.014707228448158319,0.01241898888719194,0.060664853140764,0.08779107047611426,-0.029153302794508895,-0.0012613034167348047,-0.021766876728952167,0.0061251226488219235,-0.013548378883487366,0.014343620494286724,0.061943535586641785,0.08983553496441588,-0.03459419199296376,-0.0007173653750855991,-0.019960188222203468,0.013916638395674696,-0.03339715645009167,0.0004796701677864945,0.018722486621371437,0.0525993132392496,2022-10-14
MS,2022-07-14,7.0,1.6,1.53,-0.04375000000000004,miss,before open,1.0860797546673497,0.022800894607403244,0.02413362297945141,0.04653821718375331,0.04787094555580147,0.03499053081763574,0.036323259189683904,0.08152893486528626,0.08286166323733442,0.024441953946708672,0.025880965090870012,0.051630610823588,0.053069621967749336,0.042199183958512854,0.04363819510267419,0.09270811342108154,0.09414712456524288,0.02643110197477594,0.011153989354457883,0.05261197989600974,0.037334867275691686,0.052449884785325196,0.03717277216500714,0.08459434491127515,0.0693172322909571,2022-07-14
MS,2022-04-14,7.0,1.72,2.06,0.1976744186046512,beat,before open,1.121274239077683,0.04057973102334595,0.019480561619840457,0.050996355194994604,0.02989718579148911,0.0448734744857903,0.023774305082284806,0.06953649658068836,0.04843732717718287,0.039821872758814325,0.01988158654865546,0.048369887222132646,0.028429601011973782,0.040116415753175705,0.02017612954301684,0.06547968867372878,0.04553940246356991,0.03307438578928201,0.01432901444866097,0.03959073897840881,0.02084536763778777,0.04526141784723636,0.02651604650661532,0.07474207506273867,0.055996703722117624,2022-04-14
MS,2022-01-19,7.0,1.96,2.08,0.06122448979591842,beat,before open,1.1600973664225436,0.08496375664806019,0.05514543119626291,0.1213822626248593,0.09156393717306202,0.09963427886006705,0.06981595340826977,0.09545901640484694,0.06564069095304967,0.08257608040084818,0.05389680340206349,0.11626869198749235,0.08758941498870765,0.10584336310228915,0.07716408610350445,0.10324246447731789,0.07456318747853319,0.08427745325977287,0.049198127344932785,0.09872596756414842,0.06364664164930833,0.10924840906720656,0.07416908315236648,0.07418627107615516,0.039106945161315076,2022-01-19
MS,2021-10-14,7.0,1.68,2.04,0.21428571428571436,beat,before open,1.168964805527201,0.0033433584903707226,0.00026832828587843895,-0.04312248436959179,-0.046197514574084074,-0.0361845963842474,-0.03925962658873968,-0.10528231869651895,-0.10835734890101123,0.011504420297540285,0.0035712123470681423,-0.023988941205075998,-0.03192214915554814,-0.0052057163605894186,-0.013138924311061562,-0.05213077573629166,-0.0600639836867638,0.0043275270416873735,-0.0037117059350841863,-0.02786817445706591,-0.03590740743383747,-0.007896114339921101,-0.01593534731669266,-0.03410799877153148,-0.04214723174830304,2021-10-14
V,2026-07-28,16.0,3.23,3.32,0.02786377708978324,beat,after close,0.4568240183506,-0.00023497769021749854,-0.013716258947364994,-0.00865687961296931,-0.022138160870116805,-0.03008337166232404,-0.043564652919471536,0.046650333696522786,0.03316905243937529,-0.0022122360356026105,-0.02343730803674149,-0.03344699258408679,-0.054672064585225666,-0.05986211641646888,-0.08108718841760776,0.015191675014594286,-0.0060333969865445924,0.009492507230577485,-0.012317346189696043,-0.0017288600225272566,-0.023538713442800785,-0.02325499348703186,-0.04506484690730539,0.037461277425235306,0.015651424004961778,2026-07-29
V,2026-04-28,16.0,3.1,3.31,0.06774193548387096,beat,after close,0.7015477947107306,0.06271010277424784,-0.0210041029343076,0.017966513137031258,-0.06574769257152419,0.021911415909200833,-0.06180278979935461,0.03471053013190892,-0.04900367557664652,0.05785185140978866,-0.024941056848330923,0.0029628126394564136,-0.07983009561866317,-0.001375898910963791,-0.08416880716908337,-0.0032193763527549324,-0.08601228461087451,0.062252180382883826,-0.019036084966197797,0.0339276163543869,-0.04736064899469472,0.05753801500897726,-0.023750250340104362,0.06657647725215898,-0.01471178809692264,2026-04-29
V,2026-01-29,16.0,3.14,3.17,0.009554140127388472,inline,after close,0.7582118705683519,0.006372567469742419,0.033854027539460436,0.0059530292675187575,0.03343448933723677,-0.034147397949971126,-0.00666593788025311,-0.014572530751154405,0.01290892931856361,0.005280968331116687,0.03234666737062408,0.005236578305169215,0.03230227734467661,-0.03329808231426967,-0.0062323832747622765,-0.018458228297531187,0.008607470741976209,-0.0017166410951924282,0.026277538180095705,-0.012929095175658878,0.015065084099629256,-0.015318012191289587,0.012676167083998546,0.012109497587303841,0.040103676862591975,2026-01-30
V,2025-10-28,16.0,2.97,2.98,0.003367003367003295,inline,after close,0.7803125847930338,0.0021955693221670618,0.019170477510761154,-0.011256586289601921,0.005718321898992171,-0.021359312322005077,-0.004384404133410985,-0.03605136723062863,-0.019076459042034536,0.005305318380826929,0.021986165788659084,-0.005838738693130674,0.010842108714701482,-0.01585609130096932,0.000824756106862834,-0.02548453081105395,-0.008803683403221796,0.009084285875021192,0.008300580282176728,-0.012381807000321543,-0.013165512593166007,-0.033917195098512654,-0.03470090069135712,-0.03544213232033577,-0.03622583791318024,2025-10-29
V,2025-07-29,16.0,2.85,2.98,0.04561403508771926,beat,after close,0.7174910170100931,-0.015195417201112225,-0.013914210507499955,-0.037024420050627185,-0.035743213357014914,-0.045698183159288086,-0.044416976465675814,-0.03600283508935087,-0.0347216283957386,-0.011573837804449982,-0.011751424172847913,-0.029385960022216273,-0.029563546390614204,-0.03792678318544873,-0.03810436955384666,-0.018009499157438102,-0.018187085525836033,-0.008428603502821375,-0.00924078971916642,-0.017031780392283813,-0.01784396660862886,-0.022188465988797867,-0.023000652205142913,-0.018827010580216075,-0.01963919679656112,2025-07-30
V,2025-04-29,16.0,2.68,2.76,0.029850746268656577,beat,after close,0.5801234503987572,-0.0029473999310460674,-0.013655006483091668,0.012831275840583887,0.002123669288538285,0.0026431819476811797,-0.008064424604364422,0.010037659999750453,-0.0006699465522951482,-0.004657759386833882,-0.01591466891626847,0.011903458626693064,0.0006465490972584753,-0.014280711214187947,-0.025537620743622536,-0.0016667925308132547,-0.012923702060247844,0.0011817916657771432,-0.008622802789283956,0.008177218175228096,-0.0016273762798330038,-0.0013192935090433622,-0.011123887964104462,0.017220839784619524,0.007416245329558424,2025-04-30
V,2025-01-30,16.0,2.66,2.75,0.033834586466165356,beat,after close,0.5698839361413854,0.014759604350955302,0.015483518144639816,0.017846719418425083,0.018570633212109597,0.02713359882027999,0.027857512613964505,0.0733030435372501,0.07402695733093462,0.020169125130715226,0.018491005940538874,0.02152099633858051,0.01984287714840416,0.024990356792513158,0.023312237602336805,0.09072807396090177,0.08904995477072541,0.01799254224575797,0.015841703972499066,0.01345586879076599,0.011305030517507086,0.03208543218047766,0.029934593907218754,0.055620294597753306,0.0534694563244944,2025-01-31
V,2024-10-29,16.0,2.58,2.71,0.050387596899224764,beat,after close,0.6272753560292119,0.04217958092352415,0.011068124197264047,0.07699148521806787,0.045880028491807764,0.07839907961044634,0.04728762288418624,0.09199694182455131,0.06088548509829121,0.050934227513254826,0.018534962369872177,0.07184185097621976,0.03944258583283711,0.07017569950201352,0.03777643435863087,0.08429358568082035,0.0518943205374377,0.037621818215229474,0.0127234046823268,0.031737980858619896,0.006839567325717222,0.03576054483295821,0.010862131300055533,0.023072196997400596,-0.0018262165355020787,2024-10-30
V,2024-07-23,16.0,2.42,2.42,0.0,inline,after close,0.691539708611861,-0.022969184417022656,0.0016887618991480204,0.006544583623197901,0.031202529939368576,0.01223143403851545,0.03688938035468613,0.002662334790051816,0.02732028110622249,-0.013926187266810053,0.0035185882978407967,0.009391163419870674,0.026835938984521523,0.03450386732674737,0.05194864289139822,0.0029759876040503785,0.020420763168701228,-0.031889673199182234,-0.00544925350197889,-0.008916157466914765,0.01752426223028858,0.007226931941599846,0.03366735163880319,0.0010185411598455651,0.02745896085704891,2024-07-24
V,2024-04-23,16.0,2.43,2.51,0.03292181069958832,beat,after close,0.7607843777915355,0.006813392237311262,0.0032657958646226913,-0.017873334030037942,-0.021420930402726513,-0.007374427516376614,-0.010922023889065186,-0.030911719212163895,-0.03445931558485246,0.008102705042547953,0.004308048996948588,-0.014597259529638307,-0.01839191557523767,-0.011390877548960954,-0.015185533594560319,-0.039396773134567464,-0.04319142918016683,0.009908667822754236,0.0063455140689029355,-0.0061130311299517626,-0.009676184883803063,0.005794508851679314,0.002231355097828014,-0.012117442377259757,-0.015680596131111058,2024-04-24
V,2024-01-25,16.0,2.34,2.41,0.029914529914530037,beat,after close,0.7488344309854517,-0.0011066982319393429,0.015245081813658874,0.006373541329840086,0.0227253213754383,-0.005551370308430479,0.010800409737167737,0.013398177300181856,0.02974995734578007,-0.002431772762301554,0.013428467647442544,0.004099516213428411,0.01995975662317251,-0.010435089056113456,0.005425151353630642,0.007747886653785119,0.023608127063529216,-0.002005610730719587,0.01876043821455675,0.004968482283157161,0.0257345312284335,0.0016363107159024226,0.02240235966117876,0.0035733066863830043,0.024339355631659343,2024-01-26
V,2023-10-24,16.0,2.24,2.33,0.04017857142857136,beat,after close,0.8767792759757767,0.007886881620848081,-0.013545281654652441,0.01580796223000111,-0.005624201045499412,0.007640485305093016,-0.013791677970407507,0.00681723928575882,-0.014614923989741702,0.012185687214091634,-0.011542351866717593,0.01921370857667959,-0.004514330504129638,0.009473164258486655,-0.014254874822322572,0.008968362343923952,-0.014759676736885274,-0.00823597387622288,-0.02133635573771764,0.006038484209516803,-0.007061897651977955,-0.003118323075332219,-0.016218704936826978,-0.010135093891316949,-0.023235475752811707,2023-10-25
V,2023-07-25,16.0,2.12,2.16,0.018867924528301903,inline,after close,0.819611081221251,-0.0123662474172503,-0.005681879135880925,0.005559276340192789,0.012243644621562164,0.023350614678607218,0.030034982959976593,0.04187812592454441,0.048562494205913784,-0.011404081331485627,-0.004588953407187901,0.0070253309330005065,0.013840458857298232,0.026050139076313705,0.03286526700061143,0.0446105457000433,0.05142567362434103,-0.011170304705788059,0.0014289543755542367,0.0049867798753052694,0.017586038956647565,0.02015584270257853,0.032755101783920826,0.05784330755289402,0.07044256663423631,2023-07-26
V,2023-04-25,16.0,1.99,2.09,0.05025125628140697,beat,after close,0.90652565543558,-0.017983308588277763,-0.01491432102739862,-0.02383218453159002,-0.020763196970710877,-0.014321078619990851,-0.011252091059111707,-0.05422353842208171,-0.05115455086120257,-0.018174913673837945,-0.01613852053723064,-0.02048836206489435,-0.018451968928287044,-0.008914014723830244,-0.006877621587222937,-0.042072912261698625,-0.04003651912509132,-0.009103645459171972,-0.012349554445384436,0.0029377044573146716,-0.00030820452889779304,0.022340186793506134,0.01909427780729367,-0.008445529295719179,-0.011691438281931643,2023-04-26
V,2023-01-26,16.0,2.01,2.18,0.0845771144278609,beat,after close,0.9933972440850009,0.028830047161478536,0.0017580404500109927,0.001906136055435749,-0.025165870656031795,-0.0015956350010348438,-0.028667641712502388,-0.012878052616406378,-0.03995005932787392,0.0300878050982204,0.0024359258983593923,0.005350877465089554,-0.022301001734771453,0.0048923516028196445,-0.022759527597041362,-0.00027365909502108376,-0.02792553829488209,0.024804304410000033,-0.005145226538549763,0.014915667542540367,-0.015033863406009429,0.006739903269699976,-0.02320962767884982,-0.0006230435144575219,-0.030572574463007318,2023-01-27
V,2022-10-25,16.0,1.87,1.93,0.03208556149732611,beat,after close,1.0153175819499436,0.06305649071939026,0.009753256276510837,0.05889614545608366,0.005592911013204235,0.026591158950895845,-0.02671207549198358,0.03707063274662121,-0.016232601696258217,0.06363921948198659,0.010061422692795308,0.06084105665132333,0.007263259862132054,0.030462223279652756,-0.023115573509538523,0.04598446598205841,-0.00759333080713287,0.040182219917490825,-0.003438022226803117,0.01571394243379054,-0.0279062997105034,-0.023450682705439818,-0.06707092484973376,0.004493496258305418,-0.03912674588598852,2022-10-26
V,2022-07-26,16.0,1.75,1.98,0.13142857142857142,beat,after close,1.0900831399983812,-0.046729283131015195,-0.0092043949101984,-0.08143036923540203,-0.04390548101458524,-0.07694678975413115,-0.03942190153331435,-0.08158384587668244,-0.04405895765586564,-0.043834154741264064,-0.008361462889031168,-0.07782008227670845,-0.04234739042447555,-0.07355449109229018,-0.03808179924005728,-0.0823816529992516,-0.0469089611470187,-0.02798279287545824,-0.003091844514809594,-0.051178417738416915,-0.02628746937776827,-0.06421785001959124,-0.03932690165894259,-0.07765643921797138,-0.05276549085732274,2022-07-27
V,2022-04-26,16.0,1.65,1.79,0.08484848484848492,beat,after close,1.0854131888860972,0.0661211174910547,0.0038271668749304336,0.0371824146093105,-0.02511153600681377,0.05074505574861022,-0.01154889486751405,0.08275908999147868,0.020465139375354414,0.06721469733064844,0.005332601223073441,0.036018131900879324,-0.025863964206695678,0.0388807167772256,-0.023001379330349403,0.06550939155348434,0.00362729544590934,0.08338366394472407,0.017840320352784378,0.04677960789374158,-0.018763735698198114,0.040779113668095945,-0.02476422992384375,0.052840409520287346,-0.01270293407165235,2022-04-27
V,2022-01-27,16.0,1.7,1.81,0.06470588235294124,beat,after close,1.090689666098903,0.0526578996327341,-0.026958045978440863,0.06850428060952218,-0.011111665001652782,0.07736575452957413,-0.002250191081600836,0.05484936361342474,-0.024766581997750226,0.05511805268046599,-0.026037414608229614,0.06790184461463367,-0.013253622674061938,0.07156425168187697,-0.009591215606818637,0.04121497997523571,-0.039940487313459894,0.07610138267577438,-0.016806994168666378,0.05995424529438764,-0.03295413155005311,0.04507894636983223,-0.047829430474608525,0.04607586037463318,-0.04683251646980757,2022-01-28
V,2021-10-26,16.0,1.54,1.62,0.05194805194805199,beat,after close,1.1137760603994389,-0.10139499700725566,-0.037706263807638835,-0.12274244506607074,-0.05905371186645392,-0.07888617326334627,-0.015197440063729445,-0.1435503029516787,-0.07986156975206188,-0.10193847322725513,-0.037177076273875675,-0.12397923151464685,-0.05921783456126739,-0.08322941826495633,-0.018468021311576877,-0.1521541687122483,-0.08739277175886884,-0.09248837397472487,-0.03979948729850258,-0.10336717563441677,-0.050678288958194484,-0.050636212558065274,0.0020526741181570163,-0.1111462373759543,-0.058457350699732014,2021-10-27
MA,2026-07-30,8.0,4.78,5.04,0.0543933054393305,beat,before open,0.399470975226046,0.009617349526219357,-0.009414219600876086,0.006467957263359997,-0.012563611863735447,-0.009490301622551621,-0.028521870749647064,0.04579658915514183,0.026765020028046385,-0.006420974295178072,-0.014561088869399552,-0.0300846373664857,-0.03822475194070718,-0.05742787957414597,-0.06556799414836745,-0.005183016640038174,-0.013323131214259654,0.012951544033185325,-0.0063085323880816,0.002726722842771312,-0.016533353578495613,-0.02029821336130122,-0.039558289782568146,0.02957710748082354,0.010317031059556614,2026-07-30
MA,2026-04-30,8.0,4.41,4.6,0.04308390022675725,beat,before open,0.7026734229491156,-0.06443593079967264,-0.015873562203408888,-0.05997723098242595,-0.011414862386162204,-0.09321796091560232,-0.04465559231933857,-0.08338202361968705,-0.0348196550234233,-0.07002875645168705,-0.017602479285252493,-0.07370950993435832,-0.021283232767923765,-0.1181704274358486,-0.06574415026941405,-0.12073348051378541,-0.06830720334735085,-0.05732630769881075,-0.010805002414509324,-0.03871195870820576,0.007809346576095666,-0.055741029715496326,-0.009219724431194898,-0.05298803896713955,-0.006466733682838122,2026-04-30
MA,2026-01-29,8.0,4.24,4.76,0.12264150943396215,beat,before open,0.7712422630732693,0.038058016523136465,-0.006572269412428389,0.07950421405898546,0.034873928123420606,0.03145908283905904,-0.013171203096505817,0.010978914415303673,-0.03365137152026118,0.038768492894453166,-0.006102870330499166,0.0841253008866446,0.03925393766169227,0.033714257010402315,-0.011157106214550017,0.009483576481127853,-0.03538778674382448,0.025287672430058916,-0.007031350566279904,0.05242461626155748,0.020105593265218658,0.037663598443311685,0.005344575446972866,0.02440258501094006,-0.007916437985398761,2026-01-29
MA,2025-10-30,8.0,4.31,4.38,0.016241299303944384,inline,before open,0.7881332523743942,0.0007256408902654027,-0.0059783623449921955,0.015514712816455625,0.008810709581198027,0.015817972300638236,0.009113969065380638,-0.009313257731922889,-0.016017260967180487,0.0030426190784118567,-0.006332414895747207,0.02284810948999738,0.013473075515838318,0.024254111839807635,0.014879077865648571,-0.0011101708010636813,-0.010485204775222745,-0.010043261375254575,-0.005732709842931283,-0.008276775448159412,-0.00396622391583612,-0.015009261411161656,-0.010698709878838364,-0.03025042141326373,-0.025939869880940436,2025-10-30
MA,2025-07-31,8.0,4.02,4.15,0.03233830845771164,beat,before open,0.7617475320988717,0.015410807785314685,0.0001296704114358404,0.002198858764122005,-0.01308227860975684,0.022994961136846626,0.007713823762967781,0.022447180330064778,0.0071660429561859335,0.021689983611618335,0.004774928675893908,0.007399943605431281,-0.009515111330293147,0.027136083942137734,0.010221029006413307,0.032486838164794474,0.015571783229070046,0.026332184706678974,0.006906495317273054,0.029446341199164117,0.010020651809758196,0.0375944312807418,0.018168741891335882,0.03327427116996562,0.013848581780559699,2025-07-31
MA,2025-05-01,8.0,3.56,3.73,0.04775280898876402,beat,before open,0.6210216270586241,0.006221184402658763,0.013678034367718589,0.020070776489590755,0.02752762645465058,0.016707430620961673,0.0241642805860215,0.019534839959549022,0.026991689924608847,-0.0011972764640025835,0.00849887522491466,0.015544652580854912,0.025240804269772155,-0.0024657603331340594,0.007230391355783183,0.005350125520739324,0.015046277209656567,0.0002209121818915749,0.0026251977438243035,0.01194727194229539,0.014351557504228118,0.01015770114898551,0.012561986710918238,0.022408616491528144,0.024812902053460872,2025-05-01
MA,2025-01-30,8.0,3.69,3.82,0.035230352303523005,beat,before open,0.6307198372485973,0.012152707256461094,-0.015578528412593717,0.027580735882422817,-0.00015049978663199404,0.021297841549728934,-0.006433394119325878,0.052794481319745394,0.025063245650690583,0.012621686691746903,-0.013370396046763378,0.026248169072679572,0.00025608633416929205,0.019061910199723364,-0.006930172538786916,0.06236589238825074,0.03637380964974046,0.00890623344685637,-0.012897676963680826,0.01758321729855372,-0.004220693111983476,0.023952057911504232,0.0021481475009670348,0.032157607349281636,0.010353696938744439,2025-01-30
MA,2024-10-31,8.0,3.75,3.89,0.037333333333333364,beat,before open,0.6530980657823051,-0.0012098154971368798,0.01383661062272987,-0.010992047379788063,0.004054378740078687,-0.005441853683214421,0.00960457243665233,0.004478901200264031,0.01952532732013078,0.004928164470046514,0.012773350404397421,-0.01800634888329722,-0.010161162948946312,-0.009145457957302483,-0.0013002720229515763,-0.0006092378938931109,0.007235948040457796,-0.00010530204463632398,0.01355144157725996,-0.026732133815775216,-0.013075390193878933,-0.03987808640829449,-0.026221342786398205,-0.049678484865148476,-0.03602174124325219,2024-10-31
MA,2024-07-31,8.0,3.51,3.59,0.022792022792022814,beat,before open,0.778495350456218,0.03208840404189028,0.008312054657530404,0.04115988417020692,0.017383534785847046,0.027321412124410735,0.0035450627400508625,0.03274754798121888,0.008971198596859006,0.03144238401302035,0.011357623390009342,0.050162694799301355,0.030077934176290344,0.025313122891180373,0.005228362268169362,0.02391014541840819,0.00382538479539718,0.05021910932113882,0.011371378704666979,0.0599560502944001,0.021108319677928256,0.047034838526444966,0.008187107909973124,0.029882869733904638,-0.008964860882567205,2024-07-31
MA,2024-05-01,8.0,3.24,3.31,0.02160493827160489,beat,before open,0.8616692208934746,-0.028142016883835407,-0.010479342868222094,-0.018996546560549353,-0.0013338725449360406,-0.0337878631126757,-0.01612518909706239,-0.059525622952154876,-0.041862948936541564,-0.02853548662533345,-0.011547601984505995,-0.021796738856590392,-0.004808854215762937,-0.03880145688898706,-0.021813572248159607,-0.0604129340149544,-0.043425049374126945,-0.024906803035078973,-0.004671778637431512,-0.016342720612456674,0.003892303785190787,-0.02890729979146245,-0.008672275393814988,-0.03702029316261668,-0.01678526876496922,2024-05-01
MA,2024-01-31,8.0,3.08,3.18,0.03246753246753249,beat,before open,0.8633611924104502,0.037944198873682694,0.01475203088795983,0.024628205909655327,0.001436037923932463,0.03099812700759039,0.007805959021867526,0.036415842699674614,0.01322367471395175,0.03832625860993677,0.012934080505602408,0.022414695807909113,-0.002977482296425249,0.02848686995649652,0.003094691852162157,0.030988897394409465,0.005596719290075103,0.04578160278146637,0.024474533359657658,0.040245716829227285,0.018938647407418574,0.047766895778929674,0.026459826357120964,0.03795945147337754,0.016652382051568826,2024-01-31
MA,2023-10-26,8.0,3.21,3.39,0.056074766355140235,beat,before open,1.0221274274496053,-0.041706484217527866,0.002756052775329018,-0.042491115447534915,0.001971421545321969,-0.03849140103998976,0.005971135952867121,-0.031303412691448824,0.01315912430140806,-0.04111599652143594,0.00313363276188805,-0.03892556221740151,0.005324067065922478,-0.03237706161445508,0.011872567668868905,-0.01933422920889194,0.024915400074432048,-0.037334741269836935,0.016708891884487098,-0.04595032084403805,0.008093312310285983,-0.037981916573005425,0.016061716581318608,-0.030313388017497278,0.023730245136826755,2023-10-26
MA,2023-07-27,8.0,2.83,2.89,0.021201413427561856,beat,before open,1.014213122411641,-0.026855346842349657,-0.0138778996619816,-0.008701466016366073,0.004275981164001984,0.008279436730548281,0.02125688391091634,0.029824504367067572,0.04280195154743563,-0.02672078592621685,-0.013693927946540452,-0.008639682698260875,0.004387175281415523,0.008473378684397903,0.0215002366640743,0.030180800519800433,0.04320765849947683,-0.01290514584782032,-0.00589619565088606,-0.008331345042114191,-0.0013223948451799306,0.007860634228877283,0.014869584425811544,0.038872952882194944,0.045881903079129205,2023-07-27
MA,2023-04-27,8.0,2.71,2.8,0.03321033210332098,beat,before open,1.0552477571860834,0.005449419258344438,0.007815020120416771,0.022017626776705657,0.02438322763877799,0.02217214942959668,0.024537750291669012,-0.021041157245417205,-0.018675556383344873,0.007417858045008607,0.008485084560785117,0.023332839675191286,0.024400066190967795,0.02543692872110115,0.026504155236877658,-0.015439198443882085,-0.014371971928105576,0.007844266411983769,0.005122526835914076,0.04722204038946687,0.044500300813397176,0.051223468688212814,0.04850172911214312,0.02187976965617411,0.019158030080104416,2023-04-27
MA,2023-01-26,8.0,2.58,2.65,0.02713178294573637,beat,before open,1.1119312384034334,-0.03793237097619962,-0.011653938448376623,-0.0681860645401376,-0.04190763201231461,-0.0572917906738693,-0.031013358146046305,-0.08146645591094231,-0.05518802338311932,-0.03526521415257,-0.010806843641848696,-0.06009887045134543,-0.035640499940624126,-0.04885920628923757,-0.02440083577851626,-0.07006832747141789,-0.045609956960696585,-0.02724642476211958,-0.008509191893159906,-0.036092897057317774,-0.0173556641883581,-0.04032490268347477,-0.021587669814515098,-0.0683825572161455,-0.049645324347185826,2023-01-26
MA,2022-10-27,8.0,2.57,2.68,0.04280155642023359,beat,before open,1.1285057578100657,0.00887246026279237,0.00403045402540176,-0.0031587587650268797,-0.00800076500241749,0.011605304399865943,0.006763298162475333,0.023454087634031333,0.018612081396640723,0.012736147587290025,0.007834031360715699,-0.002348486959895757,-0.007250603186470084,0.024333840818061003,0.019431724591486677,0.04614560586782479,0.041243489641250464,-0.0018526160443228523,0.006744712648701245,-0.03770794723331006,-0.02911061854028596,-0.015155225246116899,-0.006557896553092801,0.01105404143611588,0.019651370129139978,2022-10-27
MA,2022-07-28,8.0,2.36,2.56,0.08474576271186449,beat,before open,1.1700122197003404,-0.001328853447739333,-0.013325918315955903,-0.0013618866728655078,-0.013358951541082078,-0.03337328921923157,-0.04537035408744814,-0.049633835187512715,-0.061630900055729285,0.003423508845391332,-0.010776640851996033,0.004595663945387463,-0.009604485751999903,-0.024651078300832574,-0.03885122799821994,-0.040297046793609126,-0.05449719649099649,0.009132454900026676,-0.010337313171582263,0.023257505025307768,0.003787736953698828,-0.03774592926322973,-0.05721569733483867,-0.04751947564857595,-0.06698924372018489,2022-07-28
MA,2022-04-28,8.0,2.16,2.76,0.27777777777777757,beat,before open,1.235514434209302,0.022659054997128142,0.005503367607710377,-0.00818739135610376,-0.025343078745521525,-0.03350889629671775,-0.050664583686135516,0.018103790116001633,0.0009481027265838687,0.018648860902236386,-0.003827956303323443,-0.013410194117242424,-0.035887011322802254,-0.05425999339432486,-0.07673681059988469,-0.0008437066466548959,-0.023320523852214725,0.028616343053900595,-0.006368193281370171,-0.012718641778994955,-0.04770317811426572,-0.04955944344684082,-0.08454397978211159,-0.020298871862737822,-0.05528340819800859,2022-04-28
MA,2022-01-27,8.0,2.21,2.35,0.06334841628959281,beat,before open,1.316844215770835,0.08389552720044274,0.0594455569163828,0.09304920715112755,0.0685992368670676,0.048872921911081876,0.024422951627021933,0.07775101269327743,0.053301042409217486,0.08836735939423312,0.06639821657731626,0.09733395306230452,0.07536481024538766,0.050601356696795885,0.02863221387987902,0.062416453226993185,0.04044731041007632,0.10425683408075115,0.07815112613306141,0.10581217388390185,0.07970646593621211,0.033959246499155715,0.007853538551465977,0.059138692792326975,0.033032984844637236,2022-01-27
MA,2021-10-28,8.0,2.19,2.37,0.08219178082191789,beat,before open,1.3672804999503732,-0.01428663331161776,0.005810674603527355,-0.03247480088823423,-0.012377492973089113,0.03873113460372331,0.05882844251886842,-0.02011833588187161,-2.1027966726497316e-05,-0.012213895228840754,0.005447727796465296,-0.028744839494216468,-0.011083216468910417,0.03445814545903836,0.05211976848434441,-0.0391812209017568,-0.021519597876450747,-0.008848829033637928,0.011435205016295025,-0.0024161356325689276,0.017867898417364025,0.05254890937850332,0.07283294342843627,0.00061788453052114,0.020901918580454093,2021-10-28
CAT,2026-08-04,6.0,6.2,8.17,0.3177419354838709,beat,before open,1.6573025993907988,0.0179631681004431,-0.0055557712252505,-0.026284296589755785,-0.049803235915449384,-0.03420231519211683,-0.05772125451781043,-0.12330982042101143,-0.14682875974670503,0.033772673345318416,-0.004232430010658317,0.0007416116364659109,-0.03726349171951082,0.0033854808353418475,-0.034619622520634885,-0.06416866088219342,-0.10217376423817015,0.03238380867607915,-0.005960835588981417,0.003810059174709668,-0.0345345850903509,0.013890951872427282,-0.024453692392633286,-0.0005479604066316313,-0.0388926046716922,2026-08-04
CAT,2026-04-30,6.0,4.64,5.54,0.1939655172413794,beat,before open,1.5086714760182258,0.07404317711921973,-0.007225676605393472,0.049242504042294626,-0.03202634968231858,0.030439731980811843,-0.05082912174380136,-0.05927313750214505,-0.14054199122675826,0.08562030086749539,-0.003263405005111464,0.07876238679401704,-0.010121319078589819,0.08417735767570755,-0.0047063481968993015,0.02572099849201437,-0.06316270738059249,0.08025413384289404,0.008785076413827198,0.08203071400175876,0.010561656572691924,0.1069304485237379,0.03546139109467106,0.06720396349132651,-0.004265093937740327,2026-04-30
CAT,2026-01-29,6.0,4.71,5.16,0.09554140127388538,beat,before open,1.1159213879743926,0.025037538516943528,-0.009915686958831653,0.07577268376483239,0.040819458289057205,0.17768376636059358,0.1427305408848184,0.13606843887774728,0.1011152134019721,0.027259162702556128,-0.008862725104124003,0.08117593963656222,0.04505405182988209,0.19074006480341787,0.15461817699673774,0.16393354883812006,0.12781166103143993,0.014345623974360011,-0.00931302500422504,0.02975376526921769,0.006095116290632641,0.11883378090866914,0.09517513193008409,0.07371350447877911,0.05005485550019406,2026-01-29
CAT,2025-10-29,6.0,4.52,4.95,0.095132743362832,beat,before open,1.1180166528337585,0.12411509682015473,0.008302590624744699,0.10515085597764595,-0.01066165021776408,0.10242803966525085,-0.013384466530159178,0.1102450219590342,-0.005567484236375833,0.12286724314589204,0.007001351351156315,0.10350850901773023,-0.012357382777005488,0.10179660897008536,-0.014069282824650364,0.1090069620382298,-0.006858929756505927,0.11227826683326958,-0.0014818697925411684,0.09928001750091975,-0.014480119124891,0.0984994129974156,-0.015260723628395145,0.11069870897423095,-0.0030614276515797956,2025-10-29
CAT,2025-08-05,6.0,4.9,4.72,-0.03673469387755114,miss,before open,1.0997693109511906,-0.01675945589472187,-0.023486603504118554,-0.06940266863408816,-0.07612981624348485,-0.05626170615685175,-0.06298885376624844,-0.06455297541380316,-0.07128012302319985,-0.016359702788874886,-0.022651708423215955,-0.06716093158087888,-0.07345293721521995,-0.05411229387756633,-0.0604042995119074,-0.06106425058994003,-0.0673562562242811,-0.012514306032004874,-0.015787599305823297,-0.05415346584482861,-0.05742675911864703,-0.04207850592044504,-0.045351799194263465,-0.0326754000867866,-0.03594869336060502,2025-08-05
CAT,2025-04-30,6.0,4.34,4.25,-0.02073732718894006,miss,before open,1.129767266475917,0.013866712665463621,0.007694971893181877,0.030871803224211496,0.024700062451929752,0.07045949553773129,0.06428775476544954,0.07734082586351021,0.07116908509122846,0.01376412047855391,0.008077745960707317,0.029264964568472385,0.02357859005062579,0.07221842055619865,0.06653204603835206,0.07433064394142053,0.06864426942357393,0.006488071242692239,0.007620132918936262,0.012168463698042808,0.013300525374286831,0.05418970043473159,0.055321762110975614,0.04543330203019469,0.04656536370643871,2025-04-30
CAT,2025-01-30,6.0,5.03,5.14,0.021868787276341835,beat,before open,1.2299923915074558,-0.05580779462127599,-0.0028451886782991515,-0.08053857112755936,-0.027575965184582517,-0.11959589321422807,-0.06663328727125123,-0.11525045552968491,-0.06228784958670807,-0.05589618571137489,-0.0041185940169526924,-0.07909754569931382,-0.027319954004891622,-0.11708300264042992,-0.06530541094600772,-0.11907285189356387,-0.06729526019914167,-0.05999383933629687,-0.0024070250692115325,-0.07132726173052761,-0.013740447463442274,-0.10473092204828194,-0.0471441077811966,-0.12115872885673151,-0.06357191458964617,2025-01-30
CAT,2024-10-30,6.0,5.35,5.17,-0.033644859813084065,miss,before open,1.2073356643216488,-0.0030138092602751635,0.01516338991456388,0.05444504122333703,0.07262224039817608,-0.033656725000387785,-0.015479525825548741,0.0007738732576972633,0.018951072432536308,-0.006728897965656788,0.011587240071277649,0.06077421459396448,0.07909035263089892,-0.022730564154435084,-0.004414426117500647,0.017185067831992917,0.035501205868927355,-0.01613930119601381,0.0035061759576469065,0.034266100308411596,0.05391157746207231,-0.04483853956410966,-0.02519306241044894,-0.008826074523293648,0.01081940263036707,2024-10-30
CAT,2024-08-06,6.0,5.54,5.99,0.08122743682310472,beat,before open,1.2526922518102488,0.02592061588689357,0.006726354769107257,0.011131019583684999,-0.008063241534101314,-0.011956998464465556,-0.03115125958225187,-0.00962680409621294,-0.028821065213999252,0.025933145576815586,0.004723285566064939,0.021131537613599538,-7.832239715110934e-05,0.00417324076914094,-0.017036619241609707,-7.216893285577619e-05,-0.021282028943606424,0.021279561333202857,0.0028734809559294305,0.03231784018647166,0.013911759809198232,0.0263710360252829,0.007964955648009475,-0.0019427536653839894,-0.020348834042657415,2024-08-06
CAT,2024-04-25,6.0,5.13,5.6,0.09161793372319683,beat,before open,1.2530234942477867,-0.0628714902929115,0.0033084472422125616,-0.080165483631028,-0.013985546095903939,-0.07309656336877524,-0.0069166258336511716,-0.09667434803731077,-0.03049441050218671,-0.059960280580127145,0.006443221970348301,-0.07587081264904272,-0.009467310098567272,-0.05760288970929184,0.008800612841183608,-0.07097174549086716,-0.004568242940391709,-0.05894906498164654,0.014283938669026774,-0.07517113818429777,-0.0019381345336244582,-0.057004561546241006,0.016228442104432306,-0.04519295321385075,0.02804005043682256,2024-04-25
CAT,2024-02-05,6.0,4.75,5.23,0.10105263157894746,beat,before open,1.2333748397092,0.024872584140452257,0.00044090718263212203,0.003957960731312424,-0.02047371622650771,-0.010114921418891573,-0.03454659837671171,0.024699455077856786,0.0002677781200366505,0.024870909817744535,0.0012037286886714682,0.0075931759933653975,-0.01607400513570767,-0.007983604432551528,-0.031650785561624595,0.0326032597692828,0.008936078640209733,0.020623384203760753,-0.004853454107722754,0.007662705704086781,-0.017814132607396727,-0.021027018667154063,-0.04650385697863757,0.012820503757563162,-0.012656334553920345,2024-02-05
CAT,2023-10-31,6.0,4.79,5.52,0.15240083507306879,beat,before open,0.89088896070188,-0.057526603584284665,0.015331728546215277,-0.07635900808799492,-0.003500675957494981,-0.04983046348315875,0.023027868647341194,-0.06190128537376063,0.010957046756739315,-0.0579017292022137,0.01490497325850737,-0.07743465735961574,-0.004627954898894671,-0.05016620061366184,0.022640501847059236,-0.05629364513266155,0.01651305732805952,-0.051584215713176285,0.02231621668241912,-0.06196692591362929,0.011933506481966116,-0.04320647286469048,0.030693959530904924,-0.047630376491222814,0.02627005590437259,2023-10-31
CAT,2023-08-01,6.0,4.58,5.55,0.21179039301310038,beat,before open,0.9679866311757456,0.09923541132491304,0.008821176159760205,0.08270362946122636,-0.007710605703926468,0.07146271294228082,-0.01895152222287201,0.05855045116292766,-0.03186378400222517,0.10157789224718017,0.010169277086525041,0.08875349890917139,-0.0026551162514837356,0.08244382586364263,-0.008964789297012499,0.0780967884764111,-0.013311826684244021,0.09229068791729389,0.006732299627632776,0.08109022736859162,-0.004468160921069497,0.07578160079397134,-0.009776787495689776,0.07920350525264874,-0.006354883037012371,2023-08-01
CAT,2023-04-27,6.0,3.79,4.91,0.2955145118733509,beat,before open,0.89377232253496,-0.014465558932374585,0.012579000721721764,-0.03250921637954216,-0.005464656725445813,-0.0525192333809306,-0.02547467372683425,-0.06422328664626818,-0.03717872699217183,-0.016191087382058544,0.012320278230285808,-0.028860175949835032,-0.00034881033749067925,-0.047470500850070874,-0.01895913523772652,-0.05337192277204228,-0.024860557159697927,-0.017210322341283835,0.01116234416540518,-0.036315303919291386,-0.007942637412602371,-0.04161914939767075,-0.013246482890981737,-0.03342757886644743,-0.005054912359758412,2023-04-27
CAT,2023-01-31,6.0,4.03,3.86,-0.04218362282878421,miss,before open,0.8366026047978685,-0.06992736644315664,-0.021099023793140527,-0.08341696149202502,-0.0345886188420089,-0.10620523640850447,-0.05737689375848836,-0.06347290336888828,-0.014644560718872164,-0.07145101180104863,-0.021527896385913237,-0.0814901095862618,-0.031566994171126406,-0.09676094377077316,-0.04683782835563777,-0.03377080644177877,0.01615230897335662,-0.07036011584988777,-0.018165608352228246,-0.07276733780075317,-0.020572830303093648,-0.09289229697142276,-0.040697789473763235,-0.06037997635138148,-0.008185468853721956,2023-01-31
CAT,2022-10-27,6.0,3.17,3.95,0.24605678233438494,beat,before open,0.7308446281448272,0.09710219992392115,0.016340232534850452,0.13076827662285156,0.05000630923378087,0.14296679978489807,0.06220483239582737,0.14103992026037265,0.06027795287130196,0.09256060502995656,0.01014908800480363,0.13972386216021926,0.057312345135066334,0.13583682451612922,0.05342530749097629,0.13079697513740662,0.0483854581122537,0.07605339855845217,0.010688683390017939,0.08716771285252445,0.02180299768409022,0.08345839930572951,0.018093684137295285,0.08069848641400346,0.015333771245569228,2022-10-27
CAT,2022-08-02,6.0,3.02,3.18,0.052980132450331174,beat,before open,0.7003781254223365,-0.0689450300881313,-0.0148867440050919,-0.04823088472469519,0.005827401358344211,-0.02067596113311418,0.03338232494992522,-0.025470115283071585,0.028588170799967814,-0.07079683450145258,-0.01914695361903318,-0.046109209083491254,0.005540671798928143,-0.029582731049250355,0.022067149833169042,-0.0075903448660071815,0.044059536016412215,-0.06058018327314674,-0.012882336918099035,-0.044659278390330126,0.0030385679647175756,-0.03331649986188201,0.014381346493165692,-0.017331067173249837,0.030366779181797865,2022-08-02
CAT,2022-04-28,6.0,2.6,2.88,0.10769230769230762,beat,before open,0.6673077083651067,-0.007938095773293005,0.015869406383707874,0.0156377045544279,0.03944520671142878,-0.009055044868957925,0.014752457288042954,0.02009047115228495,0.043897973309285826,-0.004351483083515184,0.028011883948047767,0.01678074024714915,0.0491441072787121,0.008827898204785245,0.041191265236348196,0.02503428391876794,0.05739765095033089,-0.0008252242234320084,0.017557972352459705,0.014269859119944273,0.032653055695835986,-0.0015836617887007298,0.016799534787190984,0.029970225849632715,0.04835342242552443,2022-04-28
CAT,2022-01-28,6.0,2.26,2.69,0.19026548672566382,beat,before open,0.9736314401883406,-0.0908206656948787,-0.015147702077722716,-0.10223751187570403,-0.026564548258548037,-0.06836178849810912,0.007311175119046873,-0.1253855482435521,-0.04971258462639612,-0.09275050172495991,-0.016022647073856477,-0.1057059457248184,-0.028978091073714962,-0.07335489248547233,0.0033729621656310993,-0.1341738550497974,-0.057446000398693964,-0.06730442079955301,-0.008443149994086685,-0.07662312922271386,-0.017761858417247534,-0.05517873975549914,0.003682531049967186,-0.13003660618926927,-0.07117533538380294,2022-01-28
CAT,2021-10-28,6.0,2.2,2.66,0.20909090909090905,beat,before open,0.7809663224154187,0.03034343339435563,-0.0023415611535645316,0.014082578810608214,-0.018602415737311948,0.04270681193253711,0.010021817384616945,3.6767157662910555e-05,-0.03264822739025725,0.028515253586082645,-0.0024211463768646357,0.010081949295284054,-0.020854450667663227,0.04199869948680801,0.01106229952386073,0.0051885044445546535,-0.025747895518392627,0.027402554300686166,-0.0006792176876071476,0.017618545901052385,-0.010463226087240929,0.03574274449095782,0.007660972502664509,0.01563135878792743,-0.012450413200365884,2021-10-28
HON,2026-07-23,6.0,1.82,1.95,0.07142857142857137,beat,before open,0.7463943784012375,0.05408442540791404,-0.012779297122978497,0.0489551224702489,-0.01790860006064364,0.02118409086410951,-0.04567963166678303,-0.05863016611137507,-0.12549388864226763,0.05566237003512475,-0.0136850722140619,0.046928779475934324,-0.02241866277325233,0.006818424314575466,-0.06252901793461119,-0.07753439485345393,-0.14688183710264058,0.0230946747491515,-0.016626417716148256,0.04142416469426147,0.0017030722289617106,0.001713287562476129,-0.03800780490282363,-0.06317558995351391,-0.10289668241881367,2026-07-23
HON,2026-04-23,6.0,4.64,4.9,0.056034482758620836,beat,before open,0.7392723278752421,-0.034957474532740604,-0.011709578380810978,-0.036256744435763294,-0.013008848283833668,-0.04324046682601823,-0.019992570674088606,-0.017971331542403823,0.005276564609525802,-0.03492155431231525,-0.013207744502047647,-0.035866083906772595,-0.014152274096504991,-0.04492142117560116,-0.023207611365333558,-0.01843073029785869,0.003283079512408915,-0.039576579869456285,0.003733213482627007,-0.046455127920514205,-0.003145334568430913,-0.03482748953806103,0.008482303814022263,0.026749748156061237,0.07005954150814453,2026-04-23
HON,2026-01-29,6.0,5.07,5.18,0.02169625246548312,beat,before open,0.8041653914448552,0.05546894922102601,0.00428735538465122,0.10258827797306173,0.05140668413668695,0.12693001362660203,0.07574841979022724,0.1486194672138606,0.09743787337748581,0.05512829684867293,0.004214759901417731,0.10369766360467059,0.05278412665741539,0.1236418019920068,0.0727282650447516,0.13737614230647577,0.08646260535922057,0.042214758120476814,0.003764460001316694,0.052275489237326056,0.013825191118165936,0.05173551809725807,0.01328521997809795,0.04715609794713482,0.008705799827974703,2026-01-29
HON,2025-10-23,6.0,5.13,5.64,0.09941520467836254,beat,before open,0.7844962467404744,0.03744567741394489,-0.026446358830650385,0.01852981871202019,-0.045362217532575085,0.010956698150433136,-0.052935338094162135,0.0029972418730370015,-0.06089479437155827,0.033419921837137934,-0.0287008560066645,0.011682648076184354,-0.05043812976761808,0.004651597905896088,-0.057469179937906345,-0.0025480932401574785,-0.06466887108395991,0.0341882366112386,-0.021368258834847276,0.017760008813531014,-0.03779648663255486,0.010341833103281628,-0.045214662342804246,0.008062313900796592,-0.04749418154528928,2025-10-23
HON,2025-07-24,6.0,5.32,5.5,0.033834586466165356,beat,before open,0.76442970613975,-0.06645497036748217,-0.0043435078970564395,-0.0689401547739099,-0.006828692303484166,-0.09545974204279134,-0.03334827957236561,-0.090809898761492,-0.028698436291066262,-0.06743745852436567,-0.00529329305244286,-0.06788058021637866,-0.005736414744455853,-0.09430584789713348,-0.03216168242521067,-0.09045835275593328,-0.028314187284010472,-0.07109491250747235,-0.010973246873143272,-0.06010538656561559,1.6279068713487277e-05,-0.07753892712203048,-0.017417261487701396,-0.06829601341289637,-0.008174347778567292,2025-07-24
HON,2025-04-29,6.0,4.42,5.02,0.13574660633484156,beat,before open,0.5166855630795868,0.045324898163378806,-0.005139194810988831,0.037886220948998885,-0.012577872025368753,0.050461948362879656,-2.144611487980841e-06,0.08162682270785489,0.03116272973348725,0.042594494283480944,-0.005078025918243134,0.03237942515512193,-0.015293095046602145,0.02227182004060091,-0.02540070016112317,0.05502358995452472,0.007351069752800643,0.03558595684592325,-0.01189646211233375,0.015982252250084983,-0.03150016670817202,-0.0020382915635458465,-0.049520710521802846,0.022900112679914653,-0.024582306278342347,2025-04-29
HON,2025-02-06,6.0,4.69,4.94,0.053304904051172705,beat,before open,0.6393274674067461,-0.07388983042291486,-0.01497850425915355,-0.08579371031410259,-0.026882384150341276,-0.04475162899897366,0.014159697164787648,-0.004512848487413155,0.05439847767634816,-0.07116820531186108,-0.01134021347155878,-0.08709430456504186,-0.02726631272473956,-0.03858898076119355,0.02123901107910875,0.019492310755242825,0.07932030259554512,-0.07839139043110543,-0.01751723158325591,-0.08355867494922731,-0.022684516101377783,-0.029008016051916274,0.03186614279593325,-0.0073136101663213715,0.05356054868152815,2025-02-06
HON,2024-10-24,6.0,5.01,5.16,0.029940119760479115,beat,before open,0.6038634214381107,-0.05725884276789801,-0.004996497965585947,-0.05732603823623071,-0.005063693433918645,-0.02854824738615498,0.023714097416157088,0.01872931681685223,0.0709916616191643,-0.05809033073347725,-0.004915452648484475,-0.05128219925752131,0.0018926788274714612,-0.04130490302180123,0.01186997506319154,0.006649243313430753,0.059824121398423524,-0.04674454299180275,-0.0026088132015132937,-0.046265977902439026,-0.0021302481121495687,-0.03964416054374942,0.004491569246540039,0.004048136153689819,0.048183865943979276,2024-10-24
HON,2024-07-25,6.0,4.83,4.98,0.031055900621118085,beat,before open,0.7035336497497328,-0.054476693482429166,-0.006083463988597861,-0.042216122461883714,0.0061771070319475915,-0.048132877766479655,0.0002603517273516501,-0.07066632677927397,-0.02227309728544266,-0.056978749732272904,-0.009766958332271702,-0.045464092967290926,0.0017476984327102763,-0.04664836007422002,0.0005634313257811829,-0.0868788432126758,-0.0396670518126746,-0.07609785947464787,-0.015639631919939,-0.06077547583022058,-0.00031724827551171675,-0.07494188141777047,-0.014483653863061607,-0.09759358485549363,-0.037135357300784766,2024-07-25
HON,2024-04-25,6.0,4.36,4.5,0.03211009174311919,beat,before open,0.8241689396808994,-0.010267035129241417,-0.004945769149051756,-0.0015019564798945638,0.003819309500295097,0.012886314992511493,0.018207580972701153,0.009480256258463757,0.014801522238653417,-0.012534159643825649,-0.00724621995905439,-0.005218609683085074,6.93300016861853e-05,0.0007770846038469559,0.006065024288618215,-0.010943696749121434,-0.005655757064350175,-0.01152294404534504,0.0005944967396240841,-0.0045189352183401255,0.007598505566628999,0.0013754127668977878,0.013492853551866912,0.01483509552789497,0.026952536312864095,2024-04-25
HON,2024-02-01,6.0,5.18,5.2,0.0038610038610039504,inline,before open,0.884157097052695,-0.05036204482908648,-0.014852955867285932,-0.06879282627586655,-0.033283737314066,-0.049459803839430716,-0.013950714877630166,-0.05395303384859431,-0.01844394488679376,-0.054171027639356994,-0.016609112553141125,-0.07568022972961275,-0.03811831464339688,-0.059905566150129985,-0.022343651063914116,-0.07227460709521771,-0.034712692009001844,-0.054269942985672115,-0.012788596968765109,-0.07805490763223044,-0.036573561615323436,-0.07167683501483568,-0.030195488997928677,-0.08566845506996568,-0.04418710905305867,2024-02-01
HON,2023-10-26,6.0,4.46,4.54,0.01793721973094172,inline,before open,0.7777018168666255,0.007638577230262664,0.009294175614547488,0.0242886191849944,0.025944217569279223,0.012037599598095975,0.013693197982380799,0.030539972465250254,0.032195570849535074,0.01044752999227705,0.009871480647264952,0.014691557617690032,0.014115508272677935,-0.0013123808064990916,-0.001888430151511189,0.0020763962803290736,0.0015003469353169763,0.006974718312369621,0.014177383196796733,0.015642088592058512,0.022844753476485624,0.0030253029048246116,0.010227967789251724,0.004079269617516257,0.01128193450194337,2023-10-26
HON,2023-07-27,6.0,4.43,4.46,0.006772009029345429,inline,before open,0.8605394700212969,-0.06607057033803754,-0.014756155892587289,-0.07545468965339316,-0.024140275207942916,-0.07424451428859934,-0.022930099843149088,-0.07705530377730385,-0.025740889331853603,-0.06627188496649272,-0.016001799095632263,-0.07270388330392952,-0.022433797433069058,-0.06999293604313184,-0.019722850172271378,-0.06880171022259263,-0.018531624351732168,-0.060719883084543236,-0.012422466272550725,-0.07346493792296094,-0.025167521110968427,-0.07558450148970364,-0.027287084677711126,-0.0662206444093173,-0.017923227597324787,2023-07-27
HON,2023-04-27,6.0,3.85,4.14,0.07532467532467521,beat,before open,0.7500690021716487,0.024348226727982147,-0.0006580436828770679,0.02402704533764692,-0.000979225073212294,0.002702437031258314,-0.0223038333796009,-0.01479887161916629,-0.039805142030025505,0.01813756424456514,-0.0023421939596734997,0.0261598671158646,0.0056801089116259584,0.0027512768229156492,-0.01772848138132299,-0.011851997817782456,-0.032331756022021096,0.01711832928533985,-0.0035001280245541277,0.018704739146408245,-0.0019137181634857336,0.008602628275315771,-0.012015829034578207,0.008092346087812397,-0.012526111222081582,2023-04-27
HON,2023-02-02,6.0,5.02,5.04,0.003984063745020013,inline,before open,0.7933260943307922,-0.024047204635033587,-0.01493703181342642,-0.034022780633057303,-0.024912607811450136,-0.039277289100620186,-0.03016711627901302,-0.04611781747681544,-0.03700764465520827,-0.02335067592669693,-0.01198608856678185,-0.027697887405581656,-0.016333300045666577,-0.029820443447786005,-0.018455856087870925,-0.02713289714222944,-0.01576830978231436,-0.021997726976603404,-0.017392380978519473,-0.02504480416470234,-0.020439458166618407,-0.03344507547930042,-0.02883972948121649,-0.053579976045833866,-0.048974630047749934,2023-02-02
HON,2022-10-27,6.0,4.3,4.5,0.046511627906976785,beat,before open,0.7749693044027496,0.06187434094391927,0.024781199093080436,0.09700398482101086,0.059910842970172025,0.10419260333451011,0.06709946148367127,0.11615589409111768,0.07906275224027884,0.057193662883270324,0.019163205134288264,0.10184054994867753,0.06381009219969547,0.09337158238902654,0.05534112464004448,0.09831413011594348,0.060283672366961416,0.04068645641176594,0.019702800519502572,0.04928440064098272,0.028300744748719353,0.04099315717862684,0.020009501286363474,0.04821564139254031,0.027231985500276945,2022-10-27
HON,2022-07-28,6.0,4.05,4.2,0.037037037037037125,beat,before open,0.7703429093615166,0.027447239257458015,-0.00021526784976261953,0.02500369927604437,-0.002658807831176266,0.052391351573613826,0.02472884446639319,0.06697704399684437,0.03931453688962373,0.020402011977881385,-0.003971704662515396,0.015079254810377085,-0.009294461830019696,0.03716830905300961,0.012794592412612826,0.04779577290213288,0.0234220562617361,0.006010594400708058,-0.00998838730117435,0.002561294392128932,-0.013437687309753477,0.013974799744902122,-0.0020241819569802866,0.017523031451414317,0.0015240497495319083,2022-07-28
HON,2022-04-29,6.0,3.72,3.82,0.02688172043010743,beat,before open,0.9669854825815626,0.06778291763576767,0.012343598839105678,0.07172605602538452,0.01628673722872253,0.09324765066952352,0.03780833187286153,0.08298805885040862,0.027548740053746627,0.06720217699109998,0.011343829725915189,0.06815492745863994,0.012296580193455142,0.08642171474363669,0.030563367478451897,0.06699771895500395,0.011139371689819155,0.06066582106047613,0.0152613853908794,0.05245366410247865,0.0070492284328819155,0.07321086032222601,0.02780642465262928,0.06197892501937741,0.016574489349780674,2022-04-29
HON,2022-02-03,6.0,4.16,4.18,0.004807692307692205,inline,before open,0.9271168757856075,-0.05863312692501602,-0.0049311235435567785,-0.055733896348957555,-0.002031892967498311,-0.06454357652701777,-0.010841573145558524,-0.025559082555182376,0.028142920826276868,-0.058623664284934485,-0.005954323175875076,-0.05856936659402079,-0.00590002548496138,-0.06880608295942425,-0.016136741850364844,-0.03587348673381452,0.01679585437524489,-0.05070835544508856,0.009518866505480394,-0.05710465242353435,0.003122569527034602,-0.07746851445994252,-0.017241292509373563,-0.06817381581645765,-0.007946593865888696,2022-02-03
HON,2021-10-22,6.0,3.99,4.04,0.01253132832080196,inline,before open,1.0473451281641528,-0.035468577059762633,-0.004906971023226299,-0.03862964872497054,-0.008068042688434203,-0.02564833027829449,0.004913275758241846,-0.055294268952931235,-0.0247326629163949,-0.03539433106331524,-0.004718371096583462,-0.03843081360583567,-0.007754853639103887,-0.024826666759669824,0.005849293207061956,-0.055085168158996334,-0.024409208192264553,-0.03690103183949567,-0.0016455991749295684,-0.026705130093492402,0.008550302571073698,-0.011141752338647004,0.024113680325919096,-0.03442580807921136,0.0008296245853547379,2021-10-22
GE,2026-07-16,6.0,1.86,2.02,0.08602150537634404,beat,before open,1.3543611055555012,-0.010518743974666053,0.022542495216016555,0.00034155110814318435,0.03340279029882579,0.012658579374574826,0.045719818565257433,-0.033870437592377074,-0.0008091984016944664,-0.01628937193710367,0.018863663435314093,-0.008520030132873058,0.026633005239544705,0.00471255931763237,0.03986559469005013,-0.02652990513082165,0.00862313024159611,-0.027997352220306304,0.01307409681310756,-0.041195037375419186,-0.00012358834200532076,-0.0038407129226997183,0.03723073611071415,-0.028163962286431254,0.01290748674698261,2026-07-16
GE,2026-04-21,6.0,1.6,1.86,0.1625,beat,before open,1.0426297460089515,-0.09874837260870153,-0.0484883690800373,-0.059515412225565,-0.009255408696900766,-0.09253971015727527,-0.04227970662861104,-0.1238475488092737,-0.07358754528060947,-0.09555689480707441,-0.046537235435443414,-0.05021526356904504,-0.0011956041974140463,-0.07492096015214933,-0.025901300780518333,-0.09043986297237161,-0.04142020360074061,-0.07549783310569302,-0.034077286360620684,-0.02931712902982475,0.012103417715247589,-0.04595941335218956,-0.00453886660711722,-0.026810617868757936,0.014609928876314404,2026-04-21
GE,2026-01-22,6.0,1.43,1.57,0.09790209790209799,beat,before open,1.0877572270033988,-0.08637399914305469,-0.005567198825287029,-0.0820758573248195,-0.0012690570070518492,-0.03767221561446847,0.043134584703299186,0.04569669609193283,0.1265034964097005,-0.08319977626011121,-0.00419334632578916,-0.07292127433939521,0.006085155594926839,-0.023896185962579253,0.0551102439717428,0.07444084606450063,0.15344727599882269,-0.06471006223365716,0.0039038048848000217,-0.057470444907346874,0.01114342221111031,-0.04740429206978036,0.02120957504867682,0.0167085646412225,0.08532243175967968,2026-01-22
GE,2025-10-21,6.0,1.47,1.66,0.12925170068027209,beat,before open,1.0876755604018886,-0.012239931694589779,-0.024077549481482628,-0.008136488982381377,-0.019974106769274226,-0.013477767853782789,-0.02531538564067564,-0.028297762103079115,-0.04013537988997196,-0.010239320660762274,-0.023304502156312967,0.0012832886187386094,-0.011781892876812083,0.0005770663848920776,-0.012488115110658615,-0.003909492989372154,-0.016974674484922847,-0.011334053969067837,-0.015525629262053142,0.016854892360402163,0.012663317067416857,0.012320816812936952,0.008129241519951647,0.0035610428598980004,-0.0006305324330873052,2025-10-21
GE,2025-07-17,6.0,1.43,1.66,0.16083916083916083,beat,before open,1.1537897827983226,-0.020428893828078297,0.010564856622933397,-0.02180070353640287,0.009193046914608823,-0.014801216756157573,0.01619253369485412,-0.059879714975747046,-0.028885964524735352,-0.016065105638300547,0.012219878242408777,-0.008693449611341442,0.019591534269367883,0.006579052293434695,0.03486403617414402,-0.017663631768804477,0.010621352111904847,-0.017679418310222128,0.013727410059441447,-0.012790617878812194,0.01861621049085138,0.008234577839133284,0.03964140620879686,0.01007747834216921,0.041484306711832786,2025-07-17
GE,2025-04-22,6.0,1.27,1.49,0.17322834645669288,beat,before open,1.2708266023202466,0.030818068156965406,0.0036269463839823796,0.019403917536252497,-0.00778720423673053,0.04648685786568427,0.01929573609270124,0.08717699210179336,0.05998587032881034,0.04299685611369464,0.008291473576316877,0.04292119050443177,0.008215807967054012,0.07457417627591323,0.03986879373853547,0.1361332927235872,0.10142791018620945,0.05452226813414973,0.0112699421418756,0.05722998389060052,0.01397765789832639,0.0726758980005121,0.029423572008237975,0.11906882993961976,0.07581650394734563,2025-04-22
GE,2025-01-23,6.0,1.04,1.32,0.2692307692307693,beat,before open,1.2448910758106906,0.04034616554575508,-0.017719163987057057,0.08614445732473114,0.028079127791918998,0.08007502714717425,0.02200969761436211,0.051541744340827325,-0.006523585191984815,0.04333570172225054,-0.017250137764920015,0.09272635823278574,0.03214051874561519,0.0931121406081522,0.03252630112098165,0.07389858341641742,0.013312743929246862,0.0399846524890084,-0.01593448952003418,0.09693737908035249,0.041018237071309915,0.1109026679971683,0.054983525988125725,0.10231624252225802,0.04639710051321544,2025-01-23
GE,2024-10-22,6.0,1.13,1.15,0.017699115044247805,inline,before open,1.2396264266622823,-0.05327063329030093,0.03816538606048877,-0.1105463393256764,-0.0191103199748867,-0.10094547257491399,-0.00950945322412429,-0.13213477444655713,-0.04069875509576744,-0.0523182766433824,0.03761040875650967,-0.10149137482789683,-0.011562689428004758,-0.0857469990423323,0.004181686357559777,-0.09489271832556623,-0.0049640329256741555,-0.04696374376586587,0.03139065037218591,-0.081710217364941,-0.0033558232268892096,-0.07817717373122679,0.00017722040682499607,-0.08424285712925239,-0.005888462991200605,2024-10-22
GE,2024-07-23,6.0,0.99,1.2,0.2121212121212121,beat,before open,1.1564888420493953,0.024504222600033723,-0.032133476988851786,0.04706791772375481,-0.009569781865130703,0.04998231114485084,-0.006655388444034668,-0.0015640347422965217,-0.05820173433118203,0.024606816058354353,-0.03373267061799434,0.0551959476370909,-0.003143539039257792,0.062145820032155075,0.0038063333558063794,0.04075803949610135,-0.017581447180247345,0.02380315317571491,-0.034870358827740255,0.029602244159568913,-0.02907126784388625,0.034833819114662545,-0.02383969288879262,0.038447613468228004,-0.02022589853522716,2024-07-23
GE,2024-04-23,6.0,0.7,0.82,0.17142857142857143,beat,before open,1.0124213224187315,0.047357566307891424,-0.022000771901729055,0.06521880520206721,-0.004139533007553264,0.07065816629987182,0.001299828090251337,-0.01694047270072324,-0.08629881091034372,0.05027790205761262,-0.020617251448900586,0.07361452086310316,0.0027193673565899523,0.08637276034249974,0.015477606835986535,0.013006608146699516,-0.05788854535981369,0.05570950484449688,-0.013128911970794022,0.07694542930984749,0.008107012494556587,0.09651596216087477,0.027677545345583865,0.043788166473148316,-0.025050250342142588,2024-04-23
GE,2024-01-23,6.0,0.9,1.03,0.14444444444444446,beat,before open,0.9036120411375015,-0.016278594747246786,-0.0025154904668446432,-0.001399549803105785,0.012363554477296358,0.013078479586280414,0.026841583866682554,0.07421216631390366,0.08797527059430581,-0.013917492392695685,-0.0012470733905729503,0.00536615778785221,0.018036576789974945,0.02608081147444885,0.038751230476571585,0.1003011079902878,0.11297152699241053,-0.0029315353850030146,0.006028192849928615,0.01277931460857662,0.02173904284350825,0.0243877670369419,0.03334749527187353,0.08672323356921408,0.0956829618041457,2024-01-23
GE,2023-10-24,6.0,0.56,0.82,0.4642857142857141,beat,before open,0.7933540813780606,0.043883329317395275,-0.012501401576537119,0.009844619323371934,-0.04654011157056046,-0.008832579003110633,-0.06521730989704302,0.0065288505687573105,-0.049855880325175086,0.05046836462336868,-0.0069469894381012365,0.026426859766485178,-0.030988494294984736,0.011579816256555242,-0.04583553780491467,0.04516316347742855,-0.012252190584041367,0.04895404267356285,-0.008468108407785113,0.019858865653524682,-0.03756328542782328,0.021573283524455533,-0.03584886755689243,0.04579929979109876,-0.011622851290249203,2023-10-24
GE,2023-07-25,6.0,0.46,0.68,0.4782608695652174,beat,before open,0.9024106848561244,0.03354598951865532,-0.023815244312191834,0.007094639118594596,-0.05026659471225256,0.011269633019505076,-0.04609160081134207,-0.01197363163396246,-0.06933486546480962,0.038965330752150695,-0.020979856232689942,0.02370055389108805,-0.03624463309375259,0.04377863303962115,-0.016166553945219486,0.051353788230539266,-0.008591398754301371,0.03610258160327062,-0.027847714269319424,0.02008345718951776,-0.043866838683072285,0.0383484916684651,-0.025601804204124945,0.05193469622595037,-0.012015599646639674,2023-07-25
GE,2023-04-25,6.0,0.14,0.27,0.9285714285714285,beat,before open,0.9801429400783117,-0.02349738255613151,-0.020241798143819142,0.007771131936721517,0.011026716349033884,-0.006038840191582146,-0.002783255779269779,-0.02291554446779446,-0.019659960055482092,-0.019618487283733166,-0.01841789891057255,0.018287627654623884,0.0194882160277845,0.013167744125993974,0.01436833249915459,0.013532373812996434,0.01473296218615705,-0.002393668843348018,-0.003762855201118076,0.027287924901779337,0.02591873854400928,0.023632815731888024,0.022263629374117966,0.03969007392514934,0.03832088756737928,2023-04-25
GE,2023-01-24,6.0,1.16,1.24,0.06896551724137938,beat,before open,0.992755001432155,0.01345687895931608,0.0007379777049014834,-0.004971863494921196,-0.017690764749335793,-0.005566812495358909,-0.018285713749773506,0.048252073769547224,0.035533172515132626,0.013472215431606593,0.0007403985799847579,-0.005047869773270319,-0.017779686624892155,-0.005773063270672507,-0.018504880122294343,0.04839026400328539,0.03565844715166355,0.011737973126927037,0.00667490609769239,-0.008184540200019241,-0.013247607229253888,0.002084430170611329,-0.002978636858623318,0.039897652687712615,0.03483458565847797,2023-01-24
GE,2022-10-25,6.0,0.49,0.35,-0.28571428571428575,miss,before open,1.0381076017425028,0.02208400521103733,0.0425440365847045,0.05538474834734951,0.07584477972101668,0.13935062788617836,0.15981065925984553,0.13967579518331938,0.16013582655698655,0.020356833969795596,0.04123264607198451,0.04982150245351158,0.0706973145557005,0.12843578392909327,0.1493115960312822,0.12033672902634751,0.14121254112853643,0.011814202220552628,0.03018559400458165,0.016980098063013038,0.03535148984704206,0.06118960082847036,0.07956099261249938,0.06326261490617013,0.08163400669019916,2022-10-25
GE,2022-07-26,6.0,0.42,0.78,0.8571428571428573,beat,before open,1.0530085633563981,0.03417632102519147,-0.025362851554254842,0.05858345497677117,-0.0009557176026751407,0.0628573143100237,0.003318141730577387,0.08715627808106721,0.0276171055016209,0.032923153135225314,-0.024987639727322986,0.05425634938206969,-0.0036544434804786086,0.053956711277282854,-0.003954081585265445,0.06840991809419761,0.010499125231649309,0.03696164589739681,-0.014509904688856379,0.04384853218444518,-0.007623018401808013,0.04104679024544777,-0.010424760340805417,0.04343937104794504,-0.008032179538308148,2022-07-26
GE,2022-04-26,6.0,0.22,0.24,0.09090909090909087,beat,before open,1.1728711053247594,-0.10113606620297258,-0.032286666060781344,-0.10338688029585963,-0.03453748015366839,-0.10722529519622759,-0.03837589505403635,-0.07104110856098958,-0.0021917084187983438,-0.10674313078341757,-0.032343901431791,-0.11135624572132174,-0.03695701636969517,-0.12495856941842987,-0.05055934006680329,-0.0961842565181723,-0.021785027166545734,-0.11478800091523911,-0.03327113535590209,-0.11398145636142498,-0.03246459080208797,-0.1337032114360438,-0.052186345876706786,-0.10200998171726294,-0.020493116157925928,2022-04-26
GE,2022-01-25,6.0,0.82,0.92,0.12195121951219524,beat,before open,1.116152222829458,-0.06176713124122424,-0.01619552655333943,-0.015483327925172836,0.03008827676271197,0.00618943190755093,0.05176103659543574,0.019917042231279613,0.06548864691916442,-0.06477831279920332,-0.017137782335055474,-0.015909906882978997,0.03173062358116885,0.002035863391159798,0.04967639385530764,0.0016613092460907586,0.049301839710238604,-0.06093903595229466,-0.010914765894575407,0.010305581010567666,0.06032985106828692,0.03316733607758504,0.0831916061353043,0.023341031927684885,0.07336530198540414,2022-01-25
GE,2021-10-26,6.0,0.44,0.57,0.29545454545454536,beat,before open,0.8062804751674131,-0.014113115910889252,-0.031776294998758045,-0.008740482477126551,-0.026403661564995344,0.015206936167448594,-0.0024562429204201992,-0.09073887573196873,-0.10840205481983753,-0.009561432738905973,-0.02898417339958881,0.0001681943429583388,-0.019254546317724497,0.03149244405255702,0.012069703391874187,-0.05546576089105126,-0.0748885015517341,0.004783650835014197,-0.021727304493499244,0.013047935405285593,-0.013463019923227848,0.0375694660179785,0.011058510689465062,-0.03922949412853527,-0.06574044945704871,2021-10-26
UPS,2026-07-28,6.0,1.66,1.76,0.06024096385542174,beat,before open,0.8598521433962751,-0.06403900063217052,0.0038760563878136867,-0.06984444023198144,-0.001929383211997232,-0.11259721046525867,-0.04468215344527446,-0.08595725110848823,-0.01804219408850402,-0.061891829079726235,0.006195711591795994,-0.07492629049150723,-0.006838749819985002,-0.1167271924571246,-0.04863965178560237,-0.08762421193588421,-0.019536671264361982,-0.039062055931788575,0.022755242042615254,-0.04993029175118979,0.011887006223214036,-0.08900228708764724,-0.027184989113243407,-0.025992612870860743,0.035824685103543086,2026-07-28
UPS,2026-04-28,6.0,1.02,1.07,0.049019607843137296,beat,before open,0.880697509082086,-0.008950892032128921,0.026157152357166195,-0.09982360076251781,-0.0647155563732227,-0.11152801421857801,-0.0764199698292829,-0.04551856774102257,-0.010410523351727458,-0.009017998539909033,0.025842561426527633,-0.10326026482867101,-0.06839970486223435,-0.11899827334621427,-0.0841377133797776,-0.0583144894622154,-0.023453929495778736,0.0009715255136482082,0.03182909301848713,-0.09119386010633379,-0.06033629260149487,-0.09880568973647952,-0.0679481222316406,-0.021573671002616646,0.009283896502222277,2026-04-28
UPS,2026-01-27,6.0,2.2,2.38,0.08181818181818168,beat,before open,0.7909751751475507,-0.030627419268814342,-0.031097806359088688,0.058654308256800194,0.05818392116652585,0.12324813544234792,0.12277774835207357,0.10938012945987599,0.10890974236960164,-0.034382828310222324,-0.032548583863521774,0.05077812474133836,0.05261236918803891,0.10716917161440309,0.10900341606110364,0.07821397499945815,0.0800482194461587,-0.0290623174838065,-0.027075581674693483,0.018651624531087263,0.02063836034020028,0.04965727465817804,0.05164401046729106,0.012425116763715272,0.014411852572828288,2026-01-27
UPS,2025-10-28,6.0,1.3,1.74,0.3384615384615384,beat,before open,0.7420160771250628,0.09304883094772251,0.012714631070837229,0.07248017155152503,-0.007854028325360252,0.0951893676485995,0.014855167771714223,0.13965319547458896,0.05931899559770368,0.08768352983122418,0.010312655763887735,0.06256746708776095,-0.014803406979575495,0.07088995993837055,-0.006480914128965898,0.0954645634838488,0.01809368941651235,0.09535899889119959,0.008206900594962763,0.06852083800304265,-0.018631260293194174,0.07779015194118966,-0.009361946355047168,0.10582672129621284,0.01867462299997602,2025-10-28
UPS,2025-07-29,6.0,1.57,1.55,-0.012738853503184724,inline,before open,0.7068925944160832,-0.14107690691886676,-0.03830610489765843,-0.1337342304245705,-0.030963428403362164,-0.13714612026916823,-0.03437531824795989,-0.10918010017863942,-0.00640929815743109,-0.14212317965388976,-0.03903123972271427,-0.1362229045570923,-0.0331309646259168,-0.15193195065879017,-0.04884001072761468,-0.13608250344342532,-0.032990563512249826,-0.12971934289254905,-0.03538049214139416,-0.12612815870057958,-0.031789307949424694,-0.12581102670570454,-0.03147217595454965,-0.11459037346848788,-0.020251522717332993,2025-07-29
UPS,2025-04-29,6.0,1.38,1.49,0.07971014492753631,beat,before open,0.40438546813868687,-0.01942686862959123,-0.014057773448571152,-0.03439668370033035,-0.02902758851931027,0.014131873352712704,0.01950096853373278,0.00814646555275075,0.013515560733770828,-0.02518756635463415,-0.015180328355693051,-0.04837062597991604,-0.03836338798097494,-0.033785650171447634,-0.023778412172506536,-0.04979480713170292,-0.039787569132761824,-0.032196103792191844,-0.021998764549783667,-0.06476779888495299,-0.05457045964254481,-0.05809576177559439,-0.04789842253318621,-0.08191828440631299,-0.07172094516390481,2025-04-29
UPS,2025-01-30,6.0,2.53,2.75,0.08695652173913052,beat,before open,0.5519307103208594,-0.14549920092789398,-0.0021517272130065768,-0.15290628127151726,-0.009558807556629856,-0.13328920850079803,0.010058265214089368,-0.06831641606664758,0.07503105764823982,-0.14700360415796043,-0.0005091923957740718,-0.1607434932641254,-0.014249081501939043,-0.14740613443961958,-0.0009117226774332243,-0.07847401811668953,0.06802039364549683,-0.15110125778288241,0.0012023765519670881,-0.1529732092953392,-0.0006695749604896939,-0.1350540538474716,0.017249580487377902,-0.08055989507985717,0.07174373925499233,2025-01-30
UPS,2024-10-24,6.0,1.62,1.76,0.08641975308641969,beat,before open,0.7766881104479798,0.04735608662122083,-0.0050787255205615445,0.04181264797984091,-0.010622164161941464,0.012735575021370068,-0.0396992371204123,0.02044731279763436,-0.03198749934414802,0.04434446263770597,-0.006304485219065348,0.03759102643804557,-0.013057921418725749,-0.008441580344785482,-0.0590905282015568,-0.01306290593623205,-0.06371185379300337,0.05569025037938047,-0.003997845772094166,0.042607247793127856,-0.01708084835834678,-0.006780837866733669,-0.0664689340182083,-0.015664013095972984,-0.07535210924744762,2024-10-24
UPS,2024-07-23,6.0,1.99,1.79,-0.10050251256281405,miss,before open,0.9583917486346158,-0.08686397221546144,0.03027475491486209,-0.07667279785421696,0.040465929276106566,-0.06756374063010148,0.049574986500222046,-0.06616424264117496,0.05097448448914857,-0.08965160195876998,0.029319782946031103,-0.08711498490673109,0.031856399998069995,-0.08597978542009643,0.03299159948470465,-0.10640079683095593,0.012570588073845146,-0.09045526484140942,0.02818209473628519,-0.11270868838425308,0.005928671193441537,-0.11329178633758896,0.00534557324010565,-0.10871122285882928,0.00992613671886533,2024-07-23
UPS,2024-04-23,6.0,1.34,1.43,0.0671641791044775,beat,before open,1.1289411313139945,0.0001171824425968103,-0.012605590004172305,0.021396515876300648,0.008673743429531533,-0.005064887352753265,-0.01778765979952238,-0.01576771248210061,-0.028490484928869724,-0.0023588996008298,-0.014639279425948115,0.010176313540002369,-0.0021040662851159464,-0.022288038567628177,-0.03456841839274649,-0.049203718262806784,-0.0614840980879251,0.0030727031860544596,-0.00715093994784155,0.013507221986746698,0.003283578852850688,-0.012144836749253152,-0.02236847988314916,-0.018422159936357985,-0.028645803070253995,2024-04-23
UPS,2024-01-30,6.0,2.46,2.47,0.004065040650406598,inline,before open,1.1016862628913802,-0.08267324628330738,-0.0026590563539466844,-0.07396865305150409,0.006045536877856611,-0.07532656908166953,0.004687620847691171,-0.059712107412023346,0.020302082517337353,-0.08670829049735629,-0.005466879436817118,-0.08027161475778544,0.0009697963027537337,-0.08733683122518687,-0.006095420164647702,-0.08069980344649219,0.0005416076140469794,-0.09259185112206947,-0.010226639734749576,-0.09050161634279752,-0.008136404955477627,-0.0967769428441414,-0.014411731456821508,-0.10559567926980484,-0.02323046788248495,2024-01-30
UPS,2023-10-26,6.0,1.56,1.57,0.006410256410256416,inline,before open,1.0793963431635252,-0.06419523638976395,-0.01866789892863925,-0.06000222335047943,-0.014474885889354736,-0.07764178727122202,-0.032114449810097326,-0.02557927218548146,0.019948065275643235,-0.0672960765031112,-0.01992288526067265,-0.06286729419967374,-0.01549410295723519,-0.08441043628196998,-0.03703724503953143,-0.03743787954338029,0.009935311699058258,-0.07076888818301863,-0.01561698271114087,-0.06191676322530526,-0.0067648577534275,-0.08007275257064628,-0.024920847098768517,-0.03543500620619311,0.01971689926568465,2023-10-26
UPS,2023-08-08,6.0,2.5,2.54,0.016000000000000014,inline,before open,1.0185319135528448,-0.0026196430933111865,0.0010041660095638887,-0.018670669176165226,-0.01504686007329015,-0.041489467416064754,-0.03786565831318968,-0.07993478886526888,-0.0763109797623938,-0.004285642697994807,0.00014951595105316962,-0.02337744681414511,-0.018942288165097132,-0.05004794944538282,-0.045612790796334846,-0.09545616026769144,-0.09102100161864346,-0.010205904024147672,-0.005985485275734059,-0.02216166044260226,-0.017941241694188648,-0.0438221601781813,-0.03960174142976769,-0.07716204668527782,-0.0729416279368642,2023-08-08
UPS,2023-04-25,6.0,2.21,2.2,-0.0045248868778279576,inline,before open,0.9072667193928501,-0.10351424966424662,-0.017651052055229904,-0.08880713714701238,-0.0029439395379956684,-0.1183796273862303,-0.032516429777213585,-0.13806933919825157,-0.05220614158923485,-0.10086465452846494,-0.016865870247021908,-0.08608968524123972,-0.002090900959796693,-0.11374161730815713,-0.0297428330267141,-0.13023861635735023,-0.046239832075907206,-0.08363983608807979,-0.002210826537567434,-0.07708938799408427,0.004339621556428086,-0.10327654570226308,-0.021847536151750724,-0.10408091624519733,-0.022651906694684976,2023-04-25
UPS,2023-01-31,6.0,3.58,3.62,0.011173184357541908,inline,before open,0.9169590150555733,0.021549885468011953,-0.011368541344676748,0.02888936229767678,-0.004029064515011921,0.025077829575177513,-0.007840597237511189,0.052128951837810744,0.019210525025122042,0.01999394623396855,-0.011977300779008826,0.02752381702837936,-0.004447429984598017,0.02557875938335219,-0.006392487629625188,0.05901719881318768,0.0270459518002103,0.021084842185129404,-0.008615012745323836,0.03624658881388798,0.006546733883434741,0.029447406182702585,-0.0002524487477506554,0.03240802890358496,0.0027081739731317223,2023-01-31
UPS,2022-10-25,6.0,2.85,2.99,0.0491228070175439,beat,before open,0.8422593794465738,0.0011651623434668149,0.018079495213065733,-0.01466010093765549,0.0022542319319434276,-0.0017992977812643848,0.015115035088334533,0.04841302080746142,0.06532735367706033,0.00019907781053163376,0.019450073178169713,-0.01597823228668882,0.003272763080949259,-0.0012539209026349862,0.017997074465003093,0.043251948245628724,0.0625029436132668,-0.008343553938711334,0.00840302111076685,-0.04881963667718736,-0.032073061627709176,-0.0685001040032579,-0.051753528953779715,-0.013822165874548653,0.002924409174929532,2022-10-25
UPS,2022-07-26,6.0,3.16,3.29,0.041139240506329076,beat,before open,0.8843124518279998,-0.03357232015693403,-0.009994536920687226,0.002515710671476698,0.026093493907723503,0.010943977221123526,0.034521760457370335,0.05837728645914288,0.08195506969538968,-0.035031918984782306,-0.012910686789776582,-0.0006243336018511014,0.021496898593154623,0.0072988977784822495,0.029420129973487974,0.05524713691267957,0.0773683691076853,-0.03099342622261081,-0.002432951751309975,-0.011032150799475615,0.01752832367182522,-0.0056110232533528315,0.022949451217948003,0.030276589866427006,0.05883706433772784,2022-07-26
UPS,2022-04-26,6.0,2.88,3.05,0.059027777777777755,beat,before open,0.8625648874717297,0.005564655294868867,0.015604830497372123,-0.03829243510337863,-0.028252259900875376,0.01790079283872594,0.027940968041229197,-0.00752543966704268,0.0025147355354605758,0.009699910133418865,0.015489110818709628,-0.032924006401527484,-0.02713480571623672,0.030225561698575265,0.03601476238386603,0.009078063022052163,0.014867263707342926,0.0016550400015973299,0.014561876894598536,-0.03554921704163072,-0.022642380148629515,0.02148091968096133,0.034387756573962536,0.0032523378229615263,0.016159174715962732,2022-04-26
UPS,2022-02-01,6.0,3.1,3.59,0.1580645161290322,beat,before open,0.7614521676839229,0.1331221151006784,-0.0019088863086122454,0.11098257194368308,-0.024048429465607563,0.08036399270865284,-0.0546670087006378,0.0685231174841191,-0.06650788392517154,0.13052827898858754,-0.003558496542509948,0.11434748918476112,-0.01973928634633637,0.08949821522506674,-0.044588560306030756,0.08850013155828529,-0.0455866439728122,0.12624970572543925,-0.0007962279486861679,0.11222263212066763,-0.01482330155345779,0.08375750259396653,-0.043288431080158896,0.06393213274411069,-0.06311380093001473,2022-02-01
UPS,2021-10-26,6.0,2.55,2.71,0.06274509803921574,beat,before open,0.8695224727633903,0.046370973121002926,-0.022680663500837986,0.018132493165486784,-0.05091914345635413,0.013732397448087998,-0.055319239173752914,0.0296515247135926,-0.03940011190824831,0.046152674525592685,-0.022442078415344957,0.01428073339130742,-0.05431401954963022,0.006639136914578403,-0.06195561602635924,0.018926986832226045,-0.0496677661087116,0.060497758099512855,-0.015185209509255393,0.027160474453634675,-0.04852249315513357,0.012716158879999884,-0.06296680872876836,0.03516325359474204,-0.04051971401402621,2021-10-26
XOM,2026-07-31,6.0,3.63,4.11,0.1322314049586778,beat,before open,-0.4193898141912815,-0.0066284893266136775,0.0018138417051539882,-0.017552030415660464,-0.009109699383892798,0.021669440205260817,0.030111771237028483,-0.01325633655738983,-0.0048140055256221635,-0.03363467147791055,-0.01668771677276304,-0.06686735802419586,-0.049920403319048345,-0.024763270958224948,-0.007816316253077438,-0.029864431058244545,-0.012917476353097035,-0.009436221108901077,0.01031764488773479,-0.00033326846621895,0.019420597530416916,-0.0293442828645889,-0.009590416867953033,-0.05616894818021412,-0.03641508218357825,2026-07-31
XOM,2026-05-01,6.0,1.01,1.16,0.14851485148514842,beat,before open,0.10811260878261544,-0.007927383418569956,0.004579847111762084,-0.07886552337117747,-0.06635829284084543,0.007619395512411017,0.020126626042743057,-0.0683668381621343,-0.05585960763180227,-0.003189607281957052,0.009817240497373203,-0.09042798549668496,-0.0774211377173547,0.003925082045210915,0.01693192982454117,-0.07554573810042198,-0.06253889032109172,0.00015179112740937306,-0.0030220954910813447,0.0031152359729870183,-5.865064550369947e-05,0.034033381252072004,0.030859494633581286,0.01586752225740884,0.012693635638918122,2026-05-01
XOM,2026-01-30,6.0,1.69,1.71,0.011834319526627229,inline,before open,0.5487011960064037,-0.01646520999739688,-0.024189933595268883,0.06164243492115916,0.053917711323287154,0.07098641821404147,0.06326169461616947,0.10447319843245104,0.09674847483457903,-0.016870960638973864,-0.02618756678755574,0.06520034998825808,0.0558837438396762,0.08154615690110945,0.07222955075252757,0.11435363453732161,0.10503702838873974,-0.005984584698678463,-0.001627689302501456,0.0064815269397410225,0.01083842233591803,-0.010963927382507954,-0.006607031986330947,-0.020143619815527036,-0.01578672441935003,2026-01-30
XOM,2025-10-31,6.0,1.82,1.88,0.03296703296703287,beat,before open,0.5334093343674161,-0.010434003602329836,-0.0060272585778953155,0.03039839822537126,0.034805143249805784,0.05712991430265455,0.06153665932708907,0.030418266794674444,0.034825011819108964,-0.01328076890463048,-0.007123210446056127,0.03513104498803166,0.04128860344660601,0.05997145205354315,0.0661290105121175,0.025089565005300685,0.031247123463875037,-0.015552551969836848,-0.005359948263839787,-0.0012440679503414875,0.008948535755655573,-0.0024023261853733935,0.007790277520623667,-0.017412029650190286,-0.007219425944193225,2025-10-31
XOM,2025-08-01,6.0,1.56,1.64,0.05128205128205118,beat,before open,0.5462304273585292,-0.03761029938195285,-0.02882768847331406,-0.047363537999364366,-0.038580927090725574,-0.04534680850300507,-0.03656419759436628,0.026057714706871977,0.03484032561551077,-0.03742802405956569,-0.035903908481661806,-0.052230675157684425,-0.05070655957978054,-0.05557572401244859,-0.05405160843454471,0.01281924673409085,0.014343362311994734,-0.017822985832884775,-0.018484266637403657,-0.017629035353799005,-0.018290316158317887,-0.01863198717841641,-0.01929326798293529,-0.00285713305885138,-0.003518413863370262,2025-08-01
XOM,2025-05-02,6.0,1.74,1.76,0.011494252873563229,inline,before open,0.22986289671423343,-0.02583373643808734,-0.02642479317105309,0.012200533646273368,0.011609476913307618,0.01748770604717997,0.01689664931421422,-0.03084296918883444,-0.03143402592180019,-0.0327257036076094,-0.021946580979100405,0.004369591867669165,0.015148714496178162,-0.030194669500411053,-0.019415546871902056,-0.07630198414528999,-0.065522861516781,-0.020166612855123,-0.009627936318052699,-0.005358866325503087,0.005179810211567215,-0.024569233126514822,-0.01403055658944452,-0.03907077489071309,-0.028532098353642787,2025-05-02
XOM,2025-01-31,6.0,1.55,1.67,0.0774193548387096,beat,before open,0.1709896341820794,-0.021273130677143273,0.003204124153176738,-0.0065455934317872385,0.01793166139853277,-0.007378239314571872,0.01709901551574814,-0.007240708122933608,0.017236546707386405,-0.010521531249120808,0.009163403952436533,0.0015119389921703918,0.021196874193727733,-0.009720379962455672,0.009964555239101669,0.029759403828990894,0.049444339030548234,-0.0008986495441604125,-0.003841993660648635,0.011642633202437747,0.008699289085949524,-0.00226059594570982,-0.0052039400621980425,0.01838463622535569,0.015441292108867466,2025-01-31
XOM,2024-11-01,6.0,1.87,1.92,0.026737967914438405,beat,before open,0.22024755112917932,0.01529999313818908,0.03210717432855509,0.02468392311554431,0.04149110430591032,0.021574348082678753,0.038381529273044765,0.0011348635522759054,0.017942044742641914,0.014102697139194764,0.03399375738638388,-0.013909294170716624,0.0059817660764724945,0.00031821458929448543,0.020209274836483604,-0.0415578545075187,-0.02166679426032958,0.004996481896796023,0.014345767155758082,-0.02035009429684287,-0.01100080903788081,-0.037496328571377635,-0.028147043312415576,-0.04746224463373616,-0.0381129593747741,2024-11-01
XOM,2024-08-02,6.0,2.01,2.14,0.06467661691542306,beat,before open,0.2439612136030446,-0.0071884676908034245,-0.01103972605448449,0.020355478940995216,0.01650422057731415,0.012656251256718432,0.008804992893037367,0.006779904917868214,0.0029286465541871493,0.029090918660462095,0.011071203512305061,0.03427546439379259,0.016255749245635553,-0.002832022047478455,-0.02085173719563549,-0.020614545983974608,-0.03863426113213164,0.02919571188380199,0.004006296684031629,0.030518550123294852,0.005329134923524492,0.02098561534538279,-0.004203799854387569,0.010571496434347183,-0.014617918765423177,2024-08-02
XOM,2024-04-26,4.0,2.16,2.06,-0.046296296296296335,miss,before open,0.36403578610534065,-0.017403318079325436,0.013386937649089822,-0.04728082909408546,-0.0164905733656702,-0.03488418227589836,-0.004093926547483102,-0.06712883236280241,-0.03633857663438715,-0.026548926561028252,0.010700546210237638,-0.05985473514877604,-0.02260526237751015,-0.061443056470655955,-0.024193583699390064,-0.10853699882165191,-0.07128752605038602,-0.011112406122140372,0.007452765163351804,-0.0019178440490379423,0.016647327236454235,0.001414948776296887,0.019980120061789064,-0.0029586170269909617,0.015606554258501215,2024-04-26
XOM,2024-02-02,6.0,2.19,2.48,0.13242009132420093,beat,before open,0.5528616792249429,-0.01102876941106776,-0.0016062543859731732,-0.016126567778789708,-0.0067040527536951205,0.017015936535855637,0.026438451560950225,0.014413366474817835,0.02383588149991242,-0.015106918916818368,-0.00047768279017068593,-0.030012040028965625,-0.015382803902317943,0.0020656249484194422,0.016694861075067124,-0.01696566025499313,-0.002336424128345449,-0.007145243867812123,-0.0016046433438526853,-0.00476455153070654,0.000776048993252898,-0.0031507953662429644,0.0023898051577164736,-0.0044556656930535565,0.0010849348309058815,2024-02-02
XOM,2023-10-27,3.0,2.36,2.27,-0.03813559322033892,miss,before open,0.6912425374506364,-0.021288884020797913,-0.005253962301515001,-0.034629413317271866,-0.018594491597988955,-0.08238921615165362,-0.0663542944323707,-0.09351770728413764,-0.07748278556485472,-0.023348606279910422,-0.00882929112680908,-0.05019069228010509,-0.035671377127003745,-0.10159536734373953,-0.08707605219063819,-0.1212038139698357,-0.10668449881673436,0.004753845674246748,-0.00018224052921334,0.00200592465005478,-0.0029301615534053083,0.0022834397038131726,-0.0026526464996469157,-0.001115951265396098,-0.006052037468856186,2023-10-27
XOM,2023-07-28,6.0,2.02,1.94,-0.03960396039603964,miss,before open,0.7188116346393135,0.007949510629826021,0.027570225959434976,0.02471772427964431,0.044338439609253266,0.06390328526069022,0.08352400059029919,0.04328162991220507,0.06290234524181403,0.005923392841519992,0.02766592356485087,0.03200981468231645,0.05375234540564733,0.07506215538950256,0.09680468611283344,0.06426061513537562,0.0860031458587065,-0.004406901018190079,0.010583221459011138,0.0037913264923791212,0.01878144896958034,0.010395983786477547,0.025386106263678765,0.012637654019988731,0.02762777649718995,2023-07-28
XOM,2023-04-28,6.0,2.59,2.83,0.09266409266409276,beat,before open,0.7227184745799706,-0.026076018315754988,-0.03155727754022149,-0.0785304869167681,-0.0840117461412346,-0.10988722420974227,-0.11536848343420877,-0.13558226936928558,-0.14106352859375207,-0.025612909139847595,-0.030002380063331113,-0.07111737947836572,-0.07550685040184923,-0.09540633820665789,-0.09979580913014141,-0.1140739094739176,-0.11846338039740112,-0.022318110439481953,-0.019735488803730328,-0.028133637279020296,-0.02555101564326867,-0.03351739598197123,-0.030934774346219607,-0.03553087973510738,-0.032948258099355754,2023-04-28
XOM,2023-01-31,6.0,3.28,3.4,0.03658536585365857,beat,before open,0.545354294102896,-0.007528908355860599,-0.018914180975753737,-0.019661039180809317,-0.031046311800702456,-0.005628032295956226,-0.017013304915849365,-0.0510819147923434,-0.06246718741223654,-0.014703896485891987,-0.021575256802770615,-0.023106208608276724,-0.02997756892515535,0.004504941709869592,-0.0023664186070090354,0.0007398876293492895,-0.006131472687529338,0.021446610595782123,0.008734404172415,0.020993487087174745,0.008281280663807622,0.023170655916030847,0.010458449492663724,0.02744232488215792,0.014730118458790797,2023-01-31
XOM,2022-10-28,6.0,3.82,4.45,0.16492146596858648,beat,before open,0.45229294295168665,0.017865122081329676,0.0017988206558894812,0.03335430276976883,0.017288001344328632,0.010550867874884089,-0.005515433550556106,-0.03919932943709528,-0.05526563086253548,0.013714785476445779,0.008216939243682497,0.052950015441708076,0.047452169208944794,0.010145914255415778,0.004648068022652496,-0.01159841882749979,-0.01709626506026307,0.018393212437204376,-0.007409693768169134,0.01601396664099064,-0.00978893956438287,0.011629668465232723,-0.014173237740140787,0.02381454899938562,-0.0019883572059878896,2022-10-28
XOM,2022-07-29,6.0,3.89,4.14,0.06426735218508986,beat,before open,0.4685472417606061,0.009527008913236247,-0.026919593493773868,-0.07012407114090705,-0.10657067354791716,-0.029443952030876623,-0.06589055443788674,0.006140473101361704,-0.03030612930564841,0.009414782869016758,-0.022314827098319112,-0.06167142881447585,-0.09340103878181172,-0.02326893562496435,-0.05499854559230022,0.06990010667636681,0.03817049670903094,-0.0016838027116302667,-0.004618292214278452,-0.017745685246162712,-0.020680174748810898,-0.018502409445657286,-0.02143689894830547,-0.03224479665313251,-0.0351792861557807,2022-07-29
XOM,2022-04-29,6.0,2.22,2.07,-0.06756756756756772,miss,before open,0.37429991212266805,-0.00024213155718745202,0.009820805196045189,0.05657161813015052,0.06663455488338316,0.04021414752654712,0.050277084279779755,0.10654876496063445,0.11661170171386709,0.02218047008302093,0.007587387738026363,0.08917748853506136,0.07458440619006679,0.09470641573193139,0.08011333338693682,0.15449954288057388,0.1399064605355793,0.00094731635609413,-0.002361013727080641,-0.02285381030803857,-0.02616214039121334,-0.018240633206615953,-0.021548963289790724,-0.016649580781397666,-0.019957910864572437,2022-04-29
XOM,2022-02-01,7.0,1.93,2.05,0.06217616580310875,beat,before open,0.9756144451538398,0.04415394213145858,-0.01272121291932568,0.051256564848941255,-0.005618590201843007,0.04087246694312596,-0.0160026881076583,0.08430962690798659,0.027434471857202325,0.045043723018988735,-0.012312376437415229,0.05506535099175991,-0.0022907484646440546,0.04815835991599848,-0.00919773954040548,0.0984786034365761,0.04112250398017214,0.022643050867353964,-0.0058210029886712755,0.021470120219650224,-0.006993933636375016,0.0072333675316677,-0.02123068632435754,-0.030543437864197887,-0.059007491720223126,2022-02-01
XOM,2021-10-29,7.0,1.52,1.58,0.03947368421052635,beat,before open,1.1887534742709929,0.01358125540526061,0.014726619483954123,-0.022188647835185208,-0.021043283756491695,-0.030120456563505624,-0.02897509248481211,-0.06910265928982579,-0.06795729521113228,0.016731801282076963,0.01627272580858974,-0.010692316336838759,-0.011151391810325983,-0.013012559498414289,-0.013471634971901514,-0.04079510102171213,-0.04125417649519936,0.00982312828701426,0.0007663492693714691,0.0039922003707348885,-0.005064578646907902,0.01089232703147991,0.0018355480138371183,0.004355070999912836,-0.004701708017729955,2021-10-29
CVX,2026-07-31,6.0,5.57,6.06,0.08797127468581675,beat,before open,-0.3595446545665332,0.009919189630451124,-0.014798075972582828,-0.022521234347365634,-0.04723849995039958,0.04270484854756729,0.017987582944533335,0.04417234224418659,0.01945507664115264,-0.016483065217377302,-0.032786922435928956,-0.07136147006077498,-0.08766532727932663,-0.004711117939580234,-0.021014975158131888,0.02264989189861799,0.006346034680066337,0.00771538515163217,-0.005781560775431127,-0.004827380502798073,-0.01832432642986137,-0.009292129845944186,-0.022789075773007483,-0.003654625223351582,-0.01715157115041488,2026-07-31
CVX,2026-05-01,6.0,0.97,1.41,0.45360824742268036,beat,before open,0.1783410530209038,-0.008739431024392721,0.007463391795378261,-0.07710057164048797,-0.060897748820716996,-0.03538932699829625,-0.019186504178525268,-0.07552360911345116,-0.05932078629368018,-0.004313852319007827,0.012318816397351884,-0.08757000473513255,-0.07093733601877283,-0.038458006317172666,-0.021825337600812955,-0.08149818574885914,-0.06486551703249943,-0.000972453909641402,-0.0005205195911026639,0.005973216734539433,0.006425151053078171,-0.008349707110311577,-0.007897772791772839,0.009915074608971675,0.010367008927510413,2026-05-01
CVX,2026-01-30,6.0,1.44,1.52,0.05555555555555561,beat,before open,0.6963319931018175,0.01638241834705102,-0.019367246970745367,0.061271398658013176,0.02552173334021679,0.08800164341832681,0.05225197810053042,0.12793966288066533,0.09218999756286894,0.015142208381502154,-0.021195000945451237,0.06076386268092315,0.024426653353969763,0.08978748901094247,0.05345027968398908,0.12443247120458578,0.08809526187763239,0.026028584321797554,0.0033648765396030456,0.002045039632406098,-0.02061866814978841,-0.0027225952726749325,-0.02538630305486944,-0.010064783148262868,-0.03272849093045738,2026-01-30
CVX,2025-10-31,6.0,1.71,1.85,0.08187134502923984,beat,before open,0.6750743241575254,0.00022201003480500775,-0.024760473677530898,0.018274078335876364,-0.006708405376459541,0.03334399175739314,0.008361508045057232,0.00189199201985666,-0.023090491692479245,-0.0011313630093182647,-0.0252091430610365,0.02345700709320009,-0.0006207729585181454,0.03878264766662454,0.014704867614906303,0.0047863598832399434,-0.01929142016847829,-0.0034031460745246322,-0.023445880878820158,-0.012918105845173056,-0.03296084064946858,-0.023591130572292007,-0.04363386537658753,-0.03771523477225103,-0.05775796957654655,2025-10-31
CVX,2025-08-01,6.0,1.74,1.77,0.017241379310344845,inline,before open,0.7180600245848977,-0.0023741778849230566,-0.012926515693707487,0.018340152122031262,0.007787814313246832,0.02315077043272678,0.012598432623942349,0.06198139754267803,0.0514290597338936,-0.002769864822460777,-0.01757764287072172,0.013789241632122584,-0.0010185364161383603,0.013996084670969133,-0.0008116933772918111,0.04841209204747865,0.033604313999217705,0.01683517340422014,-0.00015800102646357228,0.048390881436008004,0.031397707005324293,0.050939821505001315,0.033946647074317604,0.03273571225453642,0.01574253782385271,2025-08-01
CVX,2025-05-02,6.0,2.15,2.18,0.01395348837209314,inline,before open,0.3654954988260717,-0.008874707254620171,-0.019726689558906704,0.011840103509835359,0.000988121205548826,0.017989610171565466,0.007137627867278933,-0.0006441613618882597,-0.011496143666174793,-0.01433117563156916,-0.01592629674440116,0.006053469591135174,0.004458348478303176,-0.020075725027815183,-0.021670846140647182,-0.03576909867860523,-0.037364219791437225,-0.0017720848790827581,-0.003607652083353452,-0.003674988602037077,-0.005510555806307771,-0.014450288653918952,-0.016285855858189646,0.0014621105759716757,-0.00037345662829901816,2025-05-02
CVX,2025-01-31,6.0,2.11,2.06,-0.023696682464454895,miss,before open,0.392737391473623,-0.03992778829417726,0.0036208409716293743,-0.019938723496593397,0.023609905769213235,0.0032403751289954465,0.046789004394802075,0.006213154133553106,0.04976178339935974,-0.032554783472813376,0.0077347513535513945,-0.015544571581016409,0.02474496324534836,-0.0012401506756003489,0.03904938415076442,0.02803790192559119,0.06832743675195596,-0.02293190176785298,-0.005270646259533773,-0.005413877370749054,0.012247378137570153,0.006219633341145503,0.02388088884946471,0.016663134321955986,0.03432438983027519,2025-01-31
CVX,2024-11-01,6.0,2.42,2.51,0.037190082644628045,beat,before open,0.45557011183281554,0.034443427081922155,0.007334598396649086,0.0334600959822465,0.006351267296973433,0.07402513662069457,0.0469163079354215,0.08034572447672365,0.053236895791450585,0.03237106974205706,0.008033629495623251,0.0028047938317172783,-0.021532646414716528,0.052383748618213155,0.02804630837177935,0.03755515344652993,0.013217713200096126,0.023264854499658316,-0.011614360735002549,-0.0036360062944089666,-0.03851522152906983,0.014569205457541035,-0.02031000977711983,0.03165076332031247,-0.003228451914348396,2024-11-01
CVX,2024-08-02,6.0,3.0,2.55,-0.15000000000000005,miss,before open,0.36973612963295693,-0.034633946750253886,-0.015134307204997949,-0.04215797997429163,-0.022658340429035695,-0.039606192853689354,-0.020106553308433417,-0.026920456695200816,-0.007420817149944879,-0.0051116082671196494,0.002937441947371222,-0.03271851265907488,-0.02466946244458401,-0.05648660103655745,-0.04843755082206658,-0.05733429893935027,-0.0492852487248594,-0.005006815043779755,-0.00412746488090221,-0.03647542692957262,-0.03559607676669507,-0.0326689636436962,-0.03178961348081866,-0.02614825652102848,-0.025268906358150933,2024-08-02
CVX,2024-04-26,3.0,2.91,2.93,0.006872852233676982,inline,before open,0.4615884451026743,0.0015305528585541975,0.0016153716932814574,-0.0339932372750079,-0.03390841844028064,-0.0051672747079721595,-0.0050824558732449,-0.04635442416683366,-0.0462696053321064,-0.0066723449431438375,-0.0008890275187452001,-0.046018883765713836,-0.0402355663413152,-0.03018310002240321,-0.02439978259800457,-0.08624258219336589,-0.08045926476896725,0.008764175495744042,-0.004136808565631034,0.011918007334024261,-0.000982976727350815,0.03267490522454963,0.019773921163174557,0.019335799601295056,0.00643481553991998,2024-04-26
CVX,2024-02-02,6.0,3.22,3.45,0.07142857142857142,beat,before open,0.6204836130127596,0.027110379453362934,0.0035397327976402666,0.0108010763220701,-0.012769570333652568,0.051219058272302345,0.027648411616579677,0.004878841623335185,-0.018691805032387484,0.023118818583907186,0.00423254701393605,-0.0025749412487388046,-0.02146121281870994,0.035613837616572996,0.01672756604660186,-0.02732133983318752,-0.046207611403158655,0.03108049363291343,0.0031055864602540506,0.02267254724952028,-0.005302359923139099,0.03039741730191059,0.0024225101292512097,-0.014811345271247944,-0.042786252443907324,2024-02-02
CVX,2023-10-27,3.0,3.68,3.05,-0.17119565217391314,miss,before open,0.6688240124646051,-0.058924105078315775,0.004653504823168772,-0.07579741631436633,-0.012219806412881784,-0.11375548674068749,-0.05017787683920294,-0.10805360788728348,-0.04447599798579893,-0.06257427744972688,9.812745384318866e-05,-0.09681127001176848,-0.03413886510819841,-0.1422811027642502,-0.07960869786068014,-0.15287937945549435,-0.09020697455192428,-0.03447182549556971,0.008745178051438929,-0.04461465308160861,-0.0013976495345999762,-0.03840229571669751,0.004814707830311127,-0.03279151675105474,0.010425486795953898,2023-10-27
CVX,2023-07-23,16.0,2.98,3.08,0.0335570469798658,beat,after close,0.7354887684612167,0.01812125461503232,0.002123958544719827,0.01980440772642888,0.0038071116561163854,0.005815930844827191,-0.010181365225485302,0.03339946286969423,0.017402166799381738,0.01709926283176788,0.0018427271089360708,0.019165842702927427,0.003909306980095617,0.01146402816809211,-0.003792507554739699,0.0501640773254296,0.03490754160259779,0.002910520818520057,-0.0006804803079396571,-0.005792584729440775,-0.00938358585590049,-0.0238045197184813,-0.027395520844941013,-0.02511034622809183,-0.028701347354551543,2023-07-24
CVX,2023-04-28,6.0,3.38,3.55,0.05029585798816566,beat,before open,0.7297756996574566,-0.004321472433836342,-0.007533707068497826,-0.04219843084663869,-0.045410665481300176,-0.06453523073790074,-0.06774746537256222,-0.08826832732111742,-0.0914805619557789,-0.0057105286782491715,-0.006938573336260467,-0.04049513378048697,-0.041723178438498265,-0.06054498704524858,-0.06177303170325987,-0.08663136237730251,-0.08785940703531381,-0.0024157299778835295,0.003328317923340318,0.002488608418858451,0.008232656320082299,0.0013439551794380833,0.007088003080661931,-0.00808833263849229,-0.0023442847372684428,2023-04-28
CVX,2023-01-27,6.0,4.3,4.09,-0.048837209302325574,miss,before open,0.5638776278818926,-0.07092791719752568,-0.02370125522898099,-0.12093535977460258,-0.07370869780605789,-0.10708459513057514,-0.05985793316203045,-0.15339416193866565,-0.10616749997012095,-0.06341839648415748,-0.01670954009582526,-0.12010687737385983,-0.07339802098552761,-0.09416340363583753,-0.04745454724750531,-0.1143115186394561,-0.06760266225112388,-0.03056725013666417,-0.006347208298774776,-0.02217223109390809,0.0020478107439813042,-0.05614154027619256,-0.031921498438303164,-0.04187867846638704,-0.017658636628497648,2023-01-27
CVX,2022-10-28,6.0,4.92,5.56,0.13008130081300806,beat,before open,0.4518378800379223,0.0049627489537379214,0.006198009512413928,0.021976412291659937,0.023211672850335943,0.0023394952454428575,0.003574755804118864,-0.052317460066038296,-0.051082199507362286,0.0002364085299889629,0.01233518284602464,0.039870739555954215,0.05196951387198989,-0.001214850123382516,0.01088392419265316,-0.030705450046996874,-0.018606675730961197,0.00491483549074756,-0.0032914501658269923,0.0029346907552367796,-0.005271594901337773,0.0002689040864344294,-0.007937381570140123,0.004707517779888537,-0.0034987678766860153,2022-10-28
CVX,2022-07-29,6.0,5.03,5.82,0.15705765407554673,beat,before open,0.4565847962660647,0.057999166788061114,-0.021496816417253282,0.0004999475648257545,-0.07899603564048864,0.011114492951870928,-0.06838149025344346,0.037816409474611234,-0.04167957373070316,0.05745215681914251,-0.017004530465438594,0.007846076523858714,-0.06661061076072239,0.015051084429458794,-0.05940560285512231,0.0984724984298897,0.024015811145308597,0.04635357123849548,0.0006920044186020657,0.05177182009217185,0.006110253272278432,0.019817610608765857,-0.02584395621112756,-0.003672404899609627,-0.049333971719503045,2022-07-29
CVX,2022-04-29,6.0,3.45,3.36,-0.026086956521739216,miss,before open,0.3331655678626293,-0.005833903361199551,0.015576713987454645,0.05526300297002758,0.07667362031868177,0.03852405649090031,0.0599346738395545,0.07581572712181889,0.09722634447047308,0.018949141633440636,0.013639644796936023,0.09267148241083989,0.08736198557433528,0.10147365452270585,0.09616415768620123,0.136225549317727,0.1309160524812224,-0.002284012093486165,0.0036912433318290194,-0.019359816432260035,-0.01338456100694485,-0.011473394415841498,-0.005498138990526313,-0.034923574344244535,-0.02894831891892935,2022-04-29
CVX,2022-01-28,6.0,3.12,2.56,-0.1794871794871795,miss,before open,0.9165116535467009,-0.07043209573542944,-0.011751031616276046,-0.03679231146665107,0.02188875265250232,-0.0020733256579679865,0.05660773846118541,0.04626760694143449,0.10494867106058789,-0.07249656818056083,-0.012498394541718305,-0.03563672484538838,0.024361448793454143,0.004369312933061753,0.06436748657190428,0.06092279348297569,0.12092096712181821,-0.02982075300503484,0.0010937508420836295,-0.04029850966510706,-0.009384005817988594,-0.040786367802174595,-0.009871863955056126,0.0043344765508931404,0.03524898039801161,2022-01-28
CVX,2021-10-29,6.0,2.19,2.96,0.35159817351598177,beat,before open,1.1628308151541982,0.007660369432129447,-0.001870790351084178,-0.012591662441933908,-0.022122822225147533,-0.014931814512855432,-0.024462974296069057,0.00725229182838367,-0.002278867954829955,0.00871144236449295,-0.0013704148707556207,-0.007674559983700702,-0.017756417218949272,-0.009340790252661435,-0.019422647487910005,0.014170913029891374,0.004089055794642804,0.001802769369430246,-0.01687679140997389,0.0070099567238729454,-0.01166960405553119,0.014564096277232763,-0.004115464502171373,0.05932108505151634,0.040641524272112206,2021-10-29
